visit_age_months,visit_age_years,weight_kg,average_adult_breed_weight_kg,gender,bcs_predicted,bcs_source,preventive_care_visit,healthy_pet_diagnosis,actual,predicted,probability_needs_attention,experiment
32.4,2.7,13.971,12.569,M,Normal,Normal,Y,N,0,0,0.004897,text_tfidf_sparse_logistic
32.93,2.744,39.236,35.91,MN,,Heavy,N,N,1,1,0.975813,text_tfidf_sparse_logistic
24.37,2.031,38.283,35.91,M,Thin,Thin,Y,Y,1,1,0.974439,text_tfidf_sparse_logistic
30.23,2.519,12.066,12.569,F,,Normal,Y,Y,0,0,0.015858,text_tfidf_sparse_logistic
25.18,2.098,37.013,35.91,MN,,Normal,N,N,0,0,0.045288,text_tfidf_sparse_logistic
25.03,2.086,32.659,35.91,FS,Normal,Normal,Y,N,0,0,0.077396,text_tfidf_sparse_logistic
18.92,1.577,26.671,35.91,MN,,Thin,N,N,1,1,0.959459,text_tfidf_sparse_logistic
31.28,2.607,28.939,35.91,FS,Normal,Normal,N,N,0,0,0.044297,text_tfidf_sparse_logistic
18.95,1.579,30.844,35.91,F,,Heavy,Y,N,1,1,0.930039,text_tfidf_sparse_logistic
26.62,2.218,51.211,35.91,M,Thin,Thin,Y,N,1,1,0.985801,text_tfidf_sparse_logistic
24.02,2.002,10.206,12.569,MN,Normal,Normal,Y,N,0,0,0.017134,text_tfidf_sparse_logistic
15.4,1.283,32.659,35.91,MN,,Heavy,Y,N,1,1,0.935748,text_tfidf_sparse_logistic
24.88,2.073,11.022,12.569,FS,Normal,Normal,Y,N,0,0,0.007184,text_tfidf_sparse_logistic
24.01,2.001,21.319,35.91,M,Thin,Thin,Y,N,1,1,0.975131,text_tfidf_sparse_logistic
27.9,2.325,54.431,35.91,MN,,Heavy,Y,Y,1,1,0.965121,text_tfidf_sparse_logistic
28.24,2.353,36.287,35.91,MN,,Normal,Y,N,0,0,0.103612,text_tfidf_sparse_logistic
4.01,0.334,20.729,35.91,MN,,Normal,Y,Y,0,0,0.02197,text_tfidf_sparse_logistic
30.23,2.519,25.31,35.91,MN,,Normal,Y,N,0,0,0.060483,text_tfidf_sparse_logistic
4.62,0.385,14.787,35.91,FS,,Thin,Y,N,1,1,0.939089,text_tfidf_sparse_logistic
25.69,2.141,59.965,35.91,MN,,Heavy,N,N,1,1,0.989275,text_tfidf_sparse_logistic
31.8,2.65,43.409,35.91,MN,,Heavy,N,N,1,1,0.990175,text_tfidf_sparse_logistic
32.56,2.713,33.793,35.91,FS,Normal,Normal,N,N,0,0,0.101917,text_tfidf_sparse_logistic
29.54,2.462,10.659,12.569,FS,Normal,Normal,Y,Y,0,0,0.014524,text_tfidf_sparse_logistic
2.92,0.243,9.662,35.91,MN,,Normal,Y,Y,0,0,0.027685,text_tfidf_sparse_logistic
25.86,2.155,25.401,35.91,FS,,Heavy,N,N,1,1,0.955045,text_tfidf_sparse_logistic
19.55,1.629,46.266,35.91,FS,,Heavy,Y,N,1,1,0.956971,text_tfidf_sparse_logistic
27.66,2.305,26.762,35.91,MN,,Thin,N,N,1,1,0.970462,text_tfidf_sparse_logistic
25.46,2.122,13.744,12.569,MN,Normal,Normal,Y,Y,0,0,0.00565,text_tfidf_sparse_logistic
25.82,2.152,50.848,35.91,M,Thin,Thin,N,N,1,1,0.987092,text_tfidf_sparse_logistic
31.85,2.654,47.083,35.91,M,Thin,Thin,Y,N,1,1,0.987685,text_tfidf_sparse_logistic
15.4,1.283,45.949,35.91,MN,,Heavy,N,N,1,1,0.982317,text_tfidf_sparse_logistic
31.8,2.65,51.256,35.91,MN,,Heavy,N,N,1,1,0.985659,text_tfidf_sparse_logistic
24.01,2.001,12.066,12.569,F,Normal,Normal,N,N,0,0,0.022838,text_tfidf_sparse_logistic
15.26,1.272,39.054,35.91,FS,,Heavy,N,N,1,1,0.976636,text_tfidf_sparse_logistic
9.68,0.807,38.011,35.91,M,,Normal,Y,N,0,0,0.065316,text_tfidf_sparse_logistic
30.02,2.502,54.567,35.91,MN,,Heavy,Y,N,1,1,0.976988,text_tfidf_sparse_logistic
11.04,0.92,27.76,35.91,F,,Normal,N,N,0,0,0.072524,text_tfidf_sparse_logistic
33.65,2.804,10.342,12.569,MN,Normal,Normal,Y,N,0,0,0.019382,text_tfidf_sparse_logistic
3.29,0.274,5.352,35.91,M,,Normal,N,N,0,0,0.044586,text_tfidf_sparse_logistic
29.68,2.473,34.609,35.91,FS,,Heavy,Y,N,1,1,0.983323,text_tfidf_sparse_logistic
27.04,2.253,39.689,35.91,M,Thin,Thin,Y,N,1,1,0.986133,text_tfidf_sparse_logistic
16.73,1.394,27.669,35.91,FS,,Heavy,Y,N,1,1,0.96522,text_tfidf_sparse_logistic
30.02,2.502,32.205,35.91,MN,,Heavy,N,Y,1,1,0.908397,text_tfidf_sparse_logistic
34.67,2.889,30.527,35.91,FS,,Heavy,N,N,1,1,0.975434,text_tfidf_sparse_logistic
3.4,0.283,11.158,35.91,F,,Normal,Y,Y,0,0,0.040665,text_tfidf_sparse_logistic
26.28,2.19,44.679,35.91,MN,,Heavy,Y,N,1,1,0.987296,text_tfidf_sparse_logistic
28.81,2.401,58.06,35.91,MN,,Heavy,Y,N,1,1,0.976771,text_tfidf_sparse_logistic
24.8,2.067,12.519,12.569,MN,Normal,Normal,Y,N,0,0,0.010136,text_tfidf_sparse_logistic
17.39,1.449,29.665,35.91,MN,,Normal,Y,Y,0,0,0.050549,text_tfidf_sparse_logistic
28.49,2.374,34.019,35.91,M,Thin,Thin,N,N,1,1,0.953381,text_tfidf_sparse_logistic
29.47,2.456,35.879,35.91,FS,,Heavy,Y,N,1,1,0.978224,text_tfidf_sparse_logistic
24.02,2.002,9.662,12.569,MN,Normal,Normal,Y,N,0,0,0.00902,text_tfidf_sparse_logistic
24.02,2.002,11.884,12.569,MN,Normal,Normal,Y,N,0,0,0.006788,text_tfidf_sparse_logistic
2.03,0.169,3.266,12.569,FS,,Normal,Y,Y,0,0,0.031482,text_tfidf_sparse_logistic
31.4,2.617,23.768,35.91,FS,,Heavy,N,N,1,1,0.977963,text_tfidf_sparse_logistic
19.94,1.662,42.411,35.91,M,,Heavy,Y,N,1,1,0.975015,text_tfidf_sparse_logistic
13.39,1.116,8.165,12.569,MN,,Normal,N,N,0,0,0.019461,text_tfidf_sparse_logistic
4.33,0.361,13.88,35.91,FS,,Thin,N,N,1,1,0.921395,text_tfidf_sparse_logistic
28.09,2.341,9.888,12.569,MN,Normal,Normal,Y,N,0,0,0.020039,text_tfidf_sparse_logistic
34.36,2.863,28.395,35.91,MN,,Normal,Y,N,0,0,0.044502,text_tfidf_sparse_logistic
4.19,0.349,19.278,35.91,M,,Thin,Y,Y,1,1,0.867014,text_tfidf_sparse_logistic
16.2,1.35,35.29,35.91,FS,,Heavy,N,N,1,1,0.970447,text_tfidf_sparse_logistic
24.01,2.001,36.197,35.91,F,,Heavy,Y,N,1,1,0.977826,text_tfidf_sparse_logistic
32.65,2.721,41.277,35.91,FS,,Heavy,Y,N,1,1,0.951309,text_tfidf_sparse_logistic
33.74,2.812,14.832,12.569,MN,Normal,Normal,Y,N,0,0,0.022138,text_tfidf_sparse_logistic
20.21,1.684,48.534,35.91,MN,,Heavy,N,N,1,1,0.979463,text_tfidf_sparse_logistic
2.74,0.228,7.031,35.91,F,,Normal,Y,Y,0,0,0.038225,text_tfidf_sparse_logistic
29.6,2.467,36.877,35.91,M,Thin,Thin,N,N,1,1,0.988983,text_tfidf_sparse_logistic
24.12,2.01,37.467,35.91,M,Thin,Thin,Y,N,1,1,0.984277,text_tfidf_sparse_logistic
24.8,2.067,11.431,12.569,MN,Normal,Normal,Y,N,0,0,0.013898,text_tfidf_sparse_logistic
28.72,2.393,28.123,35.91,FS,,Normal,Y,N,0,0,0.082416,text_tfidf_sparse_logistic
6.6,0.55,13.245,35.91,FS,,Normal,Y,Y,0,0,0.055216,text_tfidf_sparse_logistic
31.58,2.632,31.389,35.91,FS,,Normal,N,N,0,0,0.048001,text_tfidf_sparse_logistic
26.39,2.199,11.884,12.569,M,Normal,Normal,N,Y,0,0,0.00847,text_tfidf_sparse_logistic
2.69,0.224,2.631,35.91,M,,Thin,Y,N,1,1,0.947986,text_tfidf_sparse_logistic
25.86,2.155,43.363,35.91,MN,,Heavy,N,N,1,1,0.987392,text_tfidf_sparse_logistic
24.55,2.046,46.629,35.91,M,,Normal,Y,N,0,0,0.09992,text_tfidf_sparse_logistic
30.76,2.563,41.776,35.91,M,,Heavy,Y,Y,1,1,0.976064,text_tfidf_sparse_logistic
29.15,2.429,14.288,12.569,M,Normal,Normal,Y,N,0,0,0.00841,text_tfidf_sparse_logistic
3.12,0.26,8.618,35.91,M,,Normal,Y,N,0,0,0.043194,text_tfidf_sparse_logistic
29.71,2.476,11.34,12.569,F,Normal,Normal,N,N,0,0,0.017191,text_tfidf_sparse_logistic
26.02,2.168,43.545,35.91,M,Thin,Thin,Y,N,1,1,0.976645,text_tfidf_sparse_logistic
30.85,2.571,37.92,35.91,M,Thin,Thin,Y,N,1,1,0.974092,text_tfidf_sparse_logistic
18.79,1.566,37.421,35.91,MN,,Normal,N,N,0,0,0.073674,text_tfidf_sparse_logistic
35.16,2.93,10.523,12.569,FS,Normal,Normal,N,N,0,0,0.01594,text_tfidf_sparse_logistic
24.72,2.06,33.294,35.91,M,,Normal,Y,N,0,0,0.058374,text_tfidf_sparse_logistic
11.6,0.967,43.545,35.91,MN,,Normal,Y,Y,0,0,0.133242,text_tfidf_sparse_logistic
3.38,0.282,14.152,35.91,M,,Normal,N,Y,0,0,0.047118,text_tfidf_sparse_logistic
27.07,2.256,40.823,35.91,M,Thin,Thin,N,N,1,1,0.968754,text_tfidf_sparse_logistic
34.25,2.854,41.504,35.91,F,,Heavy,Y,N,1,1,0.97137,text_tfidf_sparse_logistic
16.85,1.404,43.817,35.91,MN,,Heavy,Y,N,1,1,0.974459,text_tfidf_sparse_logistic
24.28,2.023,37.421,35.91,FS,,Heavy,N,N,1,1,0.982037,text_tfidf_sparse_logistic
33.22,2.768,29.03,35.91,FS,,Heavy,N,N,1,1,0.938444,text_tfidf_sparse_logistic
30.82,2.568,37.648,35.91,M,Thin,Thin,Y,N,1,1,0.961938,text_tfidf_sparse_logistic
19.02,1.585,24.539,35.91,MN,,Thin,N,N,1,1,0.958916,text_tfidf_sparse_logistic
28.99,2.416,11.521,12.569,MN,Normal,Normal,N,N,0,0,0.016856,text_tfidf_sparse_logistic
13.76,1.147,34.7,35.91,MN,,Heavy,N,N,1,1,0.969027,text_tfidf_sparse_logistic
18.77,1.564,22.68,35.91,MN,,Heavy,N,N,1,1,0.950836,text_tfidf_sparse_logistic
11.82,0.985,40.823,35.91,FS,,Heavy,N,N,1,1,0.943033,text_tfidf_sparse_logistic
33.06,2.755,26.036,35.91,M,,Normal,N,N,0,0,0.046584,text_tfidf_sparse_logistic
34.82,2.902,37.784,35.91,MN,,Normal,Y,N,0,0,0.04688,text_tfidf_sparse_logistic
24.01,2.001,9.662,12.569,FS,Normal,Normal,Y,Y,0,0,0.0079,text_tfidf_sparse_logistic
24.05,2.004,12.111,12.569,MN,Normal,Normal,N,N,0,0,0.004351,text_tfidf_sparse_logistic
35.59,2.966,48.217,35.91,FS,,Heavy,N,N,1,1,0.987424,text_tfidf_sparse_logistic
29.57,2.464,31.479,35.91,MN,,Heavy,N,N,1,1,0.975527,text_tfidf_sparse_logistic
0.92,0.077,2.631,35.91,F,,Normal,Y,N,0,0,0.045266,text_tfidf_sparse_logistic
7.27,0.606,10.16,12.569,FS,,Normal,N,N,0,0,0.031507,text_tfidf_sparse_logistic
5.26,0.438,18.96,35.91,MN,,Normal,N,N,0,0,0.042753,text_tfidf_sparse_logistic
35.42,2.952,34.019,35.91,FS,Heavy,Heavy,N,N,1,1,0.94121,text_tfidf_sparse_logistic
15.37,1.281,47.899,35.91,FS,,Heavy,N,N,1,1,0.980537,text_tfidf_sparse_logistic
27.49,2.291,45.269,35.91,M,,Heavy,Y,N,1,1,0.984725,text_tfidf_sparse_logistic
26.69,2.224,9.979,12.569,FS,Normal,Normal,Y,Y,0,0,0.015646,text_tfidf_sparse_logistic
24.65,2.054,39.463,35.91,M,Thin,Thin,Y,N,1,1,0.960931,text_tfidf_sparse_logistic
4.1,0.342,14.424,35.91,FS,,Normal,N,Y,0,0,0.030084,text_tfidf_sparse_logistic
21.05,1.754,42.638,35.91,MN,,Heavy,Y,N,1,1,0.96148,text_tfidf_sparse_logistic
1.87,0.156,2.676,35.91,FS,,Normal,N,N,0,0,0.070188,text_tfidf_sparse_logistic
31.51,2.626,35.471,35.91,M,Thin,Thin,Y,Y,1,1,0.960521,text_tfidf_sparse_logistic
24.02,2.002,11.34,12.569,F,Normal,Normal,N,N,0,0,0.016297,text_tfidf_sparse_logistic
24.02,2.002,9.072,12.569,FS,Normal,Normal,N,N,0,0,0.020024,text_tfidf_sparse_logistic
12.68,1.057,42.638,35.91,M,,Normal,N,N,0,0,0.176302,text_tfidf_sparse_logistic
32.2,2.683,27.805,35.91,MN,,Heavy,Y,N,1,1,0.980282,text_tfidf_sparse_logistic
24.02,2.002,13.608,12.569,MN,Normal,Normal,Y,Y,0,0,0.014594,text_tfidf_sparse_logistic
31.44,2.62,42.229,35.91,MN,,Heavy,N,N,1,1,0.984406,text_tfidf_sparse_logistic
34.86,2.905,47.627,35.91,MN,,Heavy,Y,Y,1,1,0.959906,text_tfidf_sparse_logistic
31.78,2.648,36.832,35.91,F,,Heavy,Y,N,1,1,0.964641,text_tfidf_sparse_logistic
24.02,2.002,10.932,12.569,FS,Normal,Normal,Y,N,0,0,0.005914,text_tfidf_sparse_logistic
4.79,0.399,16.828,35.91,FS,,Normal,N,Y,0,0,0.026972,text_tfidf_sparse_logistic
10.04,0.837,13.971,12.569,M,,Normal,Y,N,0,0,0.020789,text_tfidf_sparse_logistic
24.31,2.026,9.707,12.569,MN,Normal,Normal,Y,Y,0,0,0.005496,text_tfidf_sparse_logistic
21.28,1.773,35.562,35.91,MN,,Normal,N,N,0,0,0.069223,text_tfidf_sparse_logistic
20.92,1.743,37.512,35.91,FS,,Heavy,N,N,1,1,0.978989,text_tfidf_sparse_logistic
35.46,2.955,11.158,12.569,F,Normal,Normal,N,N,0,0,0.026816,text_tfidf_sparse_logistic
4.09,0.341,13.154,35.91,MN,,Normal,Y,Y,0,0,0.035211,text_tfidf_sparse_logistic
2.21,0.184,5.216,35.91,F,,Normal,Y,N,0,0,0.106174,text_tfidf_sparse_logistic
26.78,2.232,30.028,35.91,FS,,Normal,N,N,0,0,0.048957,text_tfidf_sparse_logistic
31.4,2.617,10.886,12.569,F,Normal,Normal,N,Y,0,0,0.015625,text_tfidf_sparse_logistic
2.58,0.215,3.402,35.91,FS,,Thin,Y,N,1,1,0.956701,text_tfidf_sparse_logistic
33.89,2.824,37.875,35.91,FS,,Normal,N,N,0,0,0.058308,text_tfidf_sparse_logistic
5.82,0.485,21.41,35.91,M,,Normal,N,N,0,0,0.04525,text_tfidf_sparse_logistic
3.44,0.287,14.923,35.91,M,,Thin,Y,N,1,1,0.928786,text_tfidf_sparse_logistic
35.21,2.934,11.068,12.569,F,Normal,Normal,N,N,0,0,0.027129,text_tfidf_sparse_logistic
17.96,1.497,40.959,35.91,FS,,Heavy,N,N,1,1,0.978298,text_tfidf_sparse_logistic
9.5,0.792,30.119,35.91,F,,Normal,N,N,0,0,0.044155,text_tfidf_sparse_logistic
18.04,1.503,31.615,35.91,M,,Heavy,N,N,1,1,0.957118,text_tfidf_sparse_logistic
24.02,2.002,28.576,35.91,M,Thin,Thin,Y,N,1,1,0.950625,text_tfidf_sparse_logistic
33.1,2.758,30.754,35.91,FS,Normal,Normal,Y,Y,0,0,0.033485,text_tfidf_sparse_logistic
24.01,2.001,23.043,35.91,F,Thin,Thin,N,N,1,1,0.968394,text_tfidf_sparse_logistic
15.66,1.305,60.781,35.91,MN,,Normal,Y,Y,0,0,0.067227,text_tfidf_sparse_logistic
26.22,2.185,9.798,12.569,FS,Normal,Normal,Y,Y,0,0,0.014005,text_tfidf_sparse_logistic
26.81,2.234,41.05,35.91,MN,,Heavy,Y,N,1,1,0.969865,text_tfidf_sparse_logistic
27.05,2.254,13.154,12.569,MN,Normal,Normal,Y,Y,0,0,0.016992,text_tfidf_sparse_logistic
8.2,0.683,27.079,35.91,MN,,Normal,N,N,0,0,0.033247,text_tfidf_sparse_logistic
12.08,1.007,37.195,35.91,F,,Normal,Y,Y,0,0,0.097572,text_tfidf_sparse_logistic
12.04,1.003,25.809,35.91,MN,,Normal,N,N,0,0,0.049374,text_tfidf_sparse_logistic
33.95,2.829,14.606,12.569,MN,Normal,Normal,Y,N,0,0,0.015385,text_tfidf_sparse_logistic
17.4,1.45,26.943,35.91,FS,,Thin,Y,N,1,1,0.974729,text_tfidf_sparse_logistic
28.43,2.369,12.746,12.569,MN,Normal,Normal,N,N,0,0,0.005167,text_tfidf_sparse_logistic
31.85,2.654,52.209,35.91,F,,Heavy,N,N,1,1,0.960052,text_tfidf_sparse_logistic
12.28,1.023,25.855,35.91,FS,,Heavy,N,N,1,1,0.95993,text_tfidf_sparse_logistic
27.08,2.257,46.72,35.91,FS,Heavy,Heavy,N,N,1,1,0.957884,text_tfidf_sparse_logistic
24.64,2.053,11.884,12.569,F,Normal,Normal,Y,N,0,0,0.005888,text_tfidf_sparse_logistic
12.98,1.082,32.659,35.91,FS,,Heavy,N,N,1,1,0.928465,text_tfidf_sparse_logistic
35.35,2.946,34.019,35.91,FS,Heavy,Heavy,N,N,1,1,0.937198,text_tfidf_sparse_logistic
10.04,0.837,14.515,35.91,F,,Thin,N,N,1,1,0.869901,text_tfidf_sparse_logistic
2.94,0.245,6.26,35.91,M,,Normal,Y,N,0,0,0.062451,text_tfidf_sparse_logistic
25.27,2.106,43.5,35.91,M,,Normal,Y,N,0,0,0.111001,text_tfidf_sparse_logistic
32.33,2.694,42.638,35.91,MN,,Heavy,Y,N,1,1,0.964776,text_tfidf_sparse_logistic
24.2,2.017,23.043,35.91,F,Thin,Thin,Y,N,1,1,0.981085,text_tfidf_sparse_logistic
24.02,2.002,41.096,35.91,M,Thin,Thin,N,N,1,1,0.980583,text_tfidf_sparse_logistic
22.8,1.9,38.964,35.91,FS,,Heavy,Y,N,1,1,0.984445,text_tfidf_sparse_logistic
24.31,2.026,45.45,35.91,MN,,Heavy,N,N,1,1,0.981066,text_tfidf_sparse_logistic
27.6,2.3,28.259,35.91,FS,,Heavy,N,N,1,1,0.980959,text_tfidf_sparse_logistic
30.19,2.516,34.156,35.91,MN,,Normal,Y,N,0,0,0.060827,text_tfidf_sparse_logistic
18.04,1.503,22.317,35.91,F,,Thin,Y,N,1,1,0.954556,text_tfidf_sparse_logistic
27.35,2.279,36.469,35.91,MN,,Normal,Y,N,0,0,0.043225,text_tfidf_sparse_logistic
31.15,2.596,10.433,12.569,FS,Normal,Normal,N,N,0,0,0.016597,text_tfidf_sparse_logistic
15.05,1.254,24.948,35.91,F,,Thin,Y,N,1,1,0.950023,text_tfidf_sparse_logistic
24.35,2.029,31.525,35.91,FS,,Heavy,Y,N,1,1,0.951923,text_tfidf_sparse_logistic
31.81,2.651,12.066,12.569,M,Normal,Normal,Y,N,0,0,0.023036,text_tfidf_sparse_logistic
29.22,2.435,30.844,35.91,M,Thin,Thin,Y,N,1,1,0.953102,text_tfidf_sparse_logistic
25.16,2.097,14.243,12.569,MN,Normal,Normal,N,N,0,0,0.014431,text_tfidf_sparse_logistic
28.33,2.361,34.927,35.91,M,Thin,Thin,N,N,1,1,0.961712,text_tfidf_sparse_logistic
27.11,2.259,39.236,35.91,M,Thin,Thin,N,N,1,1,0.982937,text_tfidf_sparse_logistic
24.01,2.001,13.381,12.569,M,Normal,Normal,Y,N,0,0,0.011778,text_tfidf_sparse_logistic
14.11,1.176,37.512,35.91,FS,,Heavy,Y,N,1,1,0.974967,text_tfidf_sparse_logistic
33.18,2.765,46.04,35.91,MN,,Heavy,Y,N,1,1,0.971664,text_tfidf_sparse_logistic
24.02,2.002,10.433,12.569,MN,Normal,Normal,Y,N,0,0,0.021014,text_tfidf_sparse_logistic
27.2,2.267,31.026,35.91,M,Thin,Thin,Y,Y,1,1,0.971977,text_tfidf_sparse_logistic
31.25,2.604,11.381,12.569,FS,Normal,Normal,N,N,0,0,0.004838,text_tfidf_sparse_logistic
21.1,1.758,43.273,35.91,M,,Heavy,N,N,1,1,0.982666,text_tfidf_sparse_logistic
6.04,0.503,20.23,35.91,F,,Thin,Y,N,1,1,0.916726,text_tfidf_sparse_logistic
31.78,2.648,9.072,12.569,FS,Normal,Normal,Y,N,0,0,0.017062,text_tfidf_sparse_logistic
3.24,0.27,10.251,35.91,MN,,Thin,Y,N,1,1,0.937631,text_tfidf_sparse_logistic
27.7,2.308,11.839,12.569,M,Normal,Normal,N,N,0,0,0.004256,text_tfidf_sparse_logistic
6.72,0.56,22.952,35.91,MN,,Thin,Y,Y,1,1,0.899521,text_tfidf_sparse_logistic
9.76,0.813,50.802,35.91,MN,,Heavy,Y,N,1,1,0.936583,text_tfidf_sparse_logistic
3.37,0.281,13.063,35.91,FS,,Normal,N,Y,0,0,0.050128,text_tfidf_sparse_logistic
2.92,0.243,5.942,35.91,M,,Thin,N,N,1,1,0.942949,text_tfidf_sparse_logistic
35.2,2.933,23.95,35.91,F,Thin,Thin,N,N,1,1,0.969095,text_tfidf_sparse_logistic
24.35,2.029,11.249,12.569,FS,Normal,Normal,N,N,0,0,0.014396,text_tfidf_sparse_logistic
7.13,0.594,35.29,35.91,M,,Heavy,Y,N,1,1,0.923855,text_tfidf_sparse_logistic
27.08,2.257,39.19,35.91,M,Thin,Thin,Y,N,1,1,0.977129,text_tfidf_sparse_logistic
9.72,0.81,23.269,35.91,F,,Heavy,N,N,1,1,0.938873,text_tfidf_sparse_logistic
32.4,2.7,34.473,35.91,F,,Heavy,Y,N,1,1,0.941883,text_tfidf_sparse_logistic
33.53,2.794,10.569,12.569,F,Normal,Normal,N,Y,0,0,0.017009,text_tfidf_sparse_logistic
27.58,2.298,47.174,35.91,MN,,Heavy,Y,N,1,1,0.969357,text_tfidf_sparse_logistic
20.93,1.744,52.617,35.91,MN,,Heavy,Y,N,1,1,0.978448,text_tfidf_sparse_logistic
26.9,2.242,44.497,35.91,FS,,Heavy,Y,N,1,1,0.993122,text_tfidf_sparse_logistic
33.02,2.752,35.153,35.91,FS,,Heavy,N,N,1,1,0.976774,text_tfidf_sparse_logistic
24.74,2.062,9.707,12.569,FS,Normal,Normal,Y,N,0,0,0.003847,text_tfidf_sparse_logistic
31.36,2.613,10.433,12.569,MN,Normal,Normal,N,N,0,0,0.019313,text_tfidf_sparse_logistic
24.97,2.081,11.975,12.569,MN,Normal,Normal,N,N,0,0,0.016681,text_tfidf_sparse_logistic
2.66,0.222,12.61,35.91,M,,Normal,Y,Y,0,0,0.043294,text_tfidf_sparse_logistic
30.53,2.544,42.91,35.91,FS,,Heavy,Y,N,1,1,0.989042,text_tfidf_sparse_logistic
29.87,2.489,20.049,35.91,FS,Thin,Thin,Y,N,1,1,0.963378,text_tfidf_sparse_logistic
20.57,1.714,58.332,35.91,MN,,Heavy,N,N,1,1,0.975258,text_tfidf_sparse_logistic
7.27,0.606,29.484,35.91,M,,Normal,N,Y,0,0,0.070575,text_tfidf_sparse_logistic
33.38,2.782,33.793,35.91,M,Thin,Thin,Y,N,1,1,0.955133,text_tfidf_sparse_logistic
16.39,1.366,38.691,35.91,FS,,Normal,Y,Y,0,0,0.052774,text_tfidf_sparse_logistic
22.32,1.86,26.943,35.91,FS,,Normal,N,N,0,0,0.070727,text_tfidf_sparse_logistic
35.88,2.99,27.941,35.91,F,Thin,Thin,Y,N,1,1,0.975478,text_tfidf_sparse_logistic
35.75,2.979,10.886,12.569,FS,Normal,Normal,Y,N,0,0,0.014188,text_tfidf_sparse_logistic
2.52,0.21,7.62,35.91,M,,Normal,Y,N,0,0,0.064456,text_tfidf_sparse_logistic
20.66,1.722,26.989,35.91,MN,,Thin,Y,N,1,1,0.968476,text_tfidf_sparse_logistic
5.58,0.465,20.502,35.91,MN,,Normal,Y,N,0,0,0.038936,text_tfidf_sparse_logistic
14.69,1.224,27.76,35.91,F,,Thin,N,N,1,1,0.953532,text_tfidf_sparse_logistic
27.11,2.259,14.016,12.569,MN,Normal,Normal,N,Y,0,0,0.006604,text_tfidf_sparse_logistic
30.04,2.503,25.968,35.91,F,Thin,Thin,Y,N,1,1,0.968173,text_tfidf_sparse_logistic
22.44,1.87,43.091,35.91,FS,,Heavy,Y,N,1,1,0.947709,text_tfidf_sparse_logistic
30.98,2.582,13.336,12.569,MN,Normal,Normal,Y,N,0,0,0.018837,text_tfidf_sparse_logistic
25.46,2.122,38.102,35.91,M,Thin,Thin,Y,N,1,1,0.955314,text_tfidf_sparse_logistic
31.61,2.634,31.298,35.91,FS,Normal,Normal,Y,N,0,0,0.040792,text_tfidf_sparse_logistic
32.3,2.692,30.663,35.91,FS,Normal,Normal,Y,N,0,0,0.033621,text_tfidf_sparse_logistic
17.5,1.458,31.933,35.91,MN,,Normal,Y,N,0,0,0.053159,text_tfidf_sparse_logistic
22.61,1.884,18.189,12.569,M,,Normal,Y,N,0,0,0.035918,text_tfidf_sparse_logistic
18.41,1.534,32.16,35.91,MN,,Normal,Y,N,0,0,0.075303,text_tfidf_sparse_logistic
1.96,0.163,5.897,35.91,MN,,Normal,Y,Y,0,0,0.042393,text_tfidf_sparse_logistic
20.14,1.678,43.454,35.91,F,,Heavy,Y,Y,1,1,0.976093,text_tfidf_sparse_logistic
5.12,0.427,23.587,35.91,MN,,Normal,Y,N,0,0,0.03576,text_tfidf_sparse_logistic
21.84,1.82,26.762,35.91,FS,,Normal,Y,N,0,0,0.07116,text_tfidf_sparse_logistic
30.04,2.503,25.764,35.91,M,Thin,Thin,Y,Y,1,1,0.958003,text_tfidf_sparse_logistic
24.12,2.01,11.975,12.569,MN,Normal,Normal,N,N,0,0,0.017942,text_tfidf_sparse_logistic
9.7,0.808,28.304,35.91,F,,Normal,N,Y,0,0,0.035241,text_tfidf_sparse_logistic
28.13,2.344,10.024,12.569,FS,Normal,Normal,N,N,0,0,0.013566,text_tfidf_sparse_logistic
28.19,2.349,41.731,35.91,MN,,Heavy,Y,N,1,1,0.96112,text_tfidf_sparse_logistic
11.56,0.963,30.391,35.91,FS,,Normal,N,N,0,0,0.07805,text_tfidf_sparse_logistic
34.97,2.914,8.618,12.569,FS,Normal,Normal,Y,N,0,0,0.006934,text_tfidf_sparse_logistic
10.8,0.9,33.022,35.91,MN,,Normal,N,N,0,0,0.056703,text_tfidf_sparse_logistic
2.39,0.199,7.983,35.91,MN,,Normal,Y,N,0,0,0.05282,text_tfidf_sparse_logistic
25.54,2.128,32.568,35.91,FS,,Normal,N,N,0,0,0.03805,text_tfidf_sparse_logistic
24.02,2.002,11.204,12.569,MN,Normal,Normal,Y,N,0,0,0.022665,text_tfidf_sparse_logistic
2.76,0.23,7.666,35.91,FS,,Normal,N,N,0,0,0.061425,text_tfidf_sparse_logistic
32.02,2.668,33.112,35.91,F,,Normal,Y,N,0,0,0.086868,text_tfidf_sparse_logistic
31.58,2.632,10.614,12.569,F,Normal,Normal,N,N,0,0,0.023868,text_tfidf_sparse_logistic
31.21,2.601,23.405,35.91,FS,,Heavy,Y,N,1,1,0.970166,text_tfidf_sparse_logistic
27.0,2.25,38.329,35.91,M,Thin,Thin,Y,Y,1,1,0.975565,text_tfidf_sparse_logistic
16.97,1.414,39.281,35.91,FS,,Normal,Y,N,0,0,0.086243,text_tfidf_sparse_logistic
19.57,1.631,9.934,12.569,F,,Normal,N,Y,0,0,0.011923,text_tfidf_sparse_logistic
3.28,0.273,17.01,35.91,FS,,Heavy,Y,Y,1,1,0.883694,text_tfidf_sparse_logistic
32.86,2.738,48.671,35.91,M,,Heavy,N,N,1,1,0.985646,text_tfidf_sparse_logistic
32.83,2.736,36.287,35.91,MN,,Heavy,N,N,1,1,0.951596,text_tfidf_sparse_logistic
30.37,2.531,46.448,35.91,MN,,Heavy,N,N,1,1,0.986772,text_tfidf_sparse_logistic
30.72,2.56,36.287,35.91,FS,Normal,Normal,Y,N,0,0,0.106667,text_tfidf_sparse_logistic
34.18,2.848,11.34,12.569,F,Normal,Normal,N,N,0,0,0.015448,text_tfidf_sparse_logistic
32.28,2.69,36.287,35.91,M,Thin,Thin,Y,Y,1,1,0.95053,text_tfidf_sparse_logistic
2.98,0.248,3.266,35.91,M,,Normal,Y,N,0,0,0.095128,text_tfidf_sparse_logistic
26.32,2.193,10.07,12.569,F,Normal,Normal,Y,N,0,0,0.020685,text_tfidf_sparse_logistic
32.0,2.667,31.752,35.91,FS,,Heavy,N,N,1,1,0.95226,text_tfidf_sparse_logistic
13.1,1.092,11.022,12.569,MN,,Normal,N,N,0,0,0.018551,text_tfidf_sparse_logistic
23.84,1.987,39.372,35.91,FS,,Heavy,Y,N,1,1,0.976523,text_tfidf_sparse_logistic
32.42,2.702,39.916,35.91,M,,Heavy,Y,N,1,1,0.960274,text_tfidf_sparse_logistic
6.19,0.516,25.31,35.91,F,,Heavy,Y,N,1,1,0.918809,text_tfidf_sparse_logistic
25.75,2.146,42.774,35.91,M,Thin,Thin,N,N,1,1,0.987539,text_tfidf_sparse_logistic
26.33,2.194,43.273,35.91,M,Thin,Thin,N,Y,1,1,0.97688,text_tfidf_sparse_logistic
14.78,1.232,13.245,12.569,FS,,Normal,N,N,0,0,0.039383,text_tfidf_sparse_logistic
26.42,2.202,24.721,35.91,F,Thin,Thin,Y,N,1,1,0.9719,text_tfidf_sparse_logistic
27.04,2.253,10.342,12.569,FS,Normal,Normal,Y,Y,0,0,0.016822,text_tfidf_sparse_logistic
12.64,1.053,23.36,35.91,FS,,Thin,N,N,1,1,0.949935,text_tfidf_sparse_logistic
35.65,2.971,40.324,35.91,FS,,Heavy,Y,N,1,1,0.982524,text_tfidf_sparse_logistic
5.74,0.478,27.533,35.91,FS,,Thin,N,N,1,1,0.931527,text_tfidf_sparse_logistic
24.88,2.073,10.342,12.569,FS,Normal,Normal,N,N,0,0,0.014729,text_tfidf_sparse_logistic
4.32,0.36,21.727,35.91,M,,Normal,Y,N,0,0,0.034507,text_tfidf_sparse_logistic
28.75,2.396,9.525,12.569,MN,Normal,Normal,Y,N,0,0,0.018703,text_tfidf_sparse_logistic
32.7,2.725,33.747,35.91,FS,,Normal,Y,Y,0,0,0.036379,text_tfidf_sparse_logistic
27.26,2.272,47.446,35.91,MN,,Normal,Y,N,0,0,0.106472,text_tfidf_sparse_logistic
25.27,2.106,25.764,35.91,M,Thin,Thin,N,N,1,1,0.977728,text_tfidf_sparse_logistic
14.64,1.22,58.876,35.91,MN,,Heavy,Y,N,1,1,0.972204,text_tfidf_sparse_logistic
18.26,1.522,20.003,35.91,FS,,Thin,N,N,1,1,0.962351,text_tfidf_sparse_logistic
10.9,0.908,31.071,35.91,F,,Heavy,Y,N,1,1,0.95642,text_tfidf_sparse_logistic
16.33,1.361,34.019,35.91,F,,Normal,N,N,0,0,0.161463,text_tfidf_sparse_logistic
24.02,2.002,12.701,12.569,M,Normal,Normal,N,Y,0,0,0.022463,text_tfidf_sparse_logistic
35.92,2.993,11.158,12.569,M,Normal,Normal,Y,N,0,0,0.026978,text_tfidf_sparse_logistic
24.05,2.004,9.979,12.569,F,Normal,Normal,N,N,0,0,0.021707,text_tfidf_sparse_logistic
24.02,2.002,9.843,12.569,MN,Normal,Normal,N,N,0,0,0.009179,text_tfidf_sparse_logistic
30.04,2.503,25.401,35.91,MN,Thin,Thin,N,N,1,1,0.935872,text_tfidf_sparse_logistic
28.06,2.338,48.081,35.91,MN,,Heavy,Y,N,1,1,0.986968,text_tfidf_sparse_logistic
4.74,0.395,16.556,35.91,MN,,Normal,N,N,0,0,0.030223,text_tfidf_sparse_logistic
23.98,1.998,35.38,35.91,MN,,Normal,N,N,0,0,0.113383,text_tfidf_sparse_logistic
33.84,2.82,41.141,35.91,FS,,Heavy,Y,N,1,1,0.975399,text_tfidf_sparse_logistic
18.59,1.549,41.776,35.91,M,,Heavy,N,N,1,1,0.975896,text_tfidf_sparse_logistic
27.31,2.276,12.61,12.569,MN,Normal,Normal,Y,Y,0,0,0.016259,text_tfidf_sparse_logistic
4.6,0.383,7.439,12.569,M,,Normal,N,N,0,0,0.010389,text_tfidf_sparse_logistic
30.11,2.509,30.572,35.91,MN,,Normal,Y,Y,0,0,0.033768,text_tfidf_sparse_logistic
26.22,2.185,50.802,35.91,M,Thin,Thin,N,N,1,1,0.975214,text_tfidf_sparse_logistic
7.87,0.656,28.486,35.91,M,,Thin,Y,N,1,1,0.927176,text_tfidf_sparse_logistic
31.55,2.629,42.456,35.91,M,Thin,Thin,Y,N,1,1,0.988444,text_tfidf_sparse_logistic
4.15,0.346,12.701,35.91,FS,,Thin,N,N,1,1,0.903836,text_tfidf_sparse_logistic
3.05,0.254,5.443,35.91,F,,Thin,Y,N,1,1,0.936933,text_tfidf_sparse_logistic
25.84,2.153,32.659,35.91,M,Thin,Thin,Y,N,1,1,0.944253,text_tfidf_sparse_logistic
13.0,1.083,24.675,35.91,FS,,Normal,Y,N,0,0,0.051237,text_tfidf_sparse_logistic
2.62,0.218,10.433,35.91,M,,Normal,Y,N,0,0,0.06338,text_tfidf_sparse_logistic
27.83,2.319,41.277,35.91,MN,,Heavy,Y,N,1,1,0.946993,text_tfidf_sparse_logistic
7.02,0.585,13.2,12.569,MN,,Normal,N,N,0,0,0.019315,text_tfidf_sparse_logistic
25.46,2.122,11.975,12.569,M,Normal,Normal,N,N,0,0,0.022329,text_tfidf_sparse_logistic
30.56,2.547,36.968,35.91,FS,,Heavy,N,N,1,1,0.98144,text_tfidf_sparse_logistic
10.8,0.9,38.283,35.91,MN,,Normal,N,N,0,0,0.044757,text_tfidf_sparse_logistic
15.26,1.272,32.613,35.91,FS,,Thin,Y,Y,1,1,0.948839,text_tfidf_sparse_logistic
11.65,0.971,38.374,35.91,FS,,Heavy,N,N,1,1,0.956731,text_tfidf_sparse_logistic
31.58,2.632,11.884,12.569,F,Normal,Normal,Y,Y,0,0,0.012981,text_tfidf_sparse_logistic
15.19,1.266,33.248,35.91,MN,,Normal,N,N,0,0,0.064421,text_tfidf_sparse_logistic
4.03,0.336,10.115,35.91,M,,Thin,Y,N,1,1,0.932687,text_tfidf_sparse_logistic
14.7,1.225,40.37,35.91,MN,,Normal,N,N,0,0,0.137043,text_tfidf_sparse_logistic
23.45,1.954,37.195,35.91,MN,,Normal,N,N,0,0,0.131829,text_tfidf_sparse_logistic
34.34,2.862,11.022,12.569,FS,Normal,Normal,Y,N,0,0,0.007455,text_tfidf_sparse_logistic
11.82,0.985,40.188,35.91,FS,,Heavy,N,N,1,1,0.959597,text_tfidf_sparse_logistic
26.39,2.199,11.884,12.569,MN,Normal,Normal,N,N,0,0,0.005557,text_tfidf_sparse_logistic
24.48,2.04,37.013,35.91,F,,Heavy,Y,N,1,1,0.980765,text_tfidf_sparse_logistic
3.24,0.27,7.893,35.91,M,,Normal,Y,N,0,0,0.042736,text_tfidf_sparse_logistic
21.91,1.826,51.211,35.91,FS,,Normal,Y,Y,0,0,0.081199,text_tfidf_sparse_logistic
24.02,2.002,12.156,12.569,MN,Normal,Normal,N,Y,0,0,0.019647,text_tfidf_sparse_logistic
23.11,1.926,18.507,35.91,F,,Normal,N,N,0,0,0.077439,text_tfidf_sparse_logistic
18.36,1.53,30.98,35.91,FS,,Heavy,Y,N,1,1,0.97081,text_tfidf_sparse_logistic
2.71,0.226,8.391,35.91,FS,,Normal,Y,N,0,0,0.062951,text_tfidf_sparse_logistic
16.06,1.338,31.752,35.91,F,,Heavy,Y,Y,1,1,0.927199,text_tfidf_sparse_logistic
2.03,0.169,8.709,35.91,M,,Normal,N,Y,0,0,0.05207,text_tfidf_sparse_logistic
24.22,2.018,14.696,12.569,M,Normal,Normal,Y,N,0,0,0.016582,text_tfidf_sparse_logistic
24.02,2.002,19.504,35.91,M,Thin,Thin,Y,N,1,1,0.954025,text_tfidf_sparse_logistic
27.11,2.259,36.424,35.91,FS,,Heavy,Y,N,1,1,0.968905,text_tfidf_sparse_logistic
21.38,1.782,40.914,35.91,F,,Heavy,N,N,1,1,0.977882,text_tfidf_sparse_logistic
19.87,1.656,43.636,35.91,MN,,Thin,Y,N,1,1,0.97812,text_tfidf_sparse_logistic
21.64,1.803,34.019,35.91,M,,Normal,Y,N,0,0,0.155429,text_tfidf_sparse_logistic
35.44,2.953,43.636,35.91,MN,,Normal,Y,N,0,0,0.105089,text_tfidf_sparse_logistic
35.26,2.938,59.012,35.91,FS,,Heavy,N,Y,1,1,0.977725,text_tfidf_sparse_logistic
17.2,1.433,32.069,35.91,MN,,Normal,Y,N,0,0,0.052608,text_tfidf_sparse_logistic
27.94,2.328,37.195,35.91,M,Thin,Thin,Y,Y,1,1,0.939237,text_tfidf_sparse_logistic
25.0,2.083,11.249,12.569,FS,Normal,Normal,Y,N,0,0,0.012387,text_tfidf_sparse_logistic
4.45,0.371,15.785,35.91,FS,,Thin,Y,Y,1,1,0.898596,text_tfidf_sparse_logistic
3.54,0.295,5.67,35.91,M,,Thin,N,N,1,1,0.916562,text_tfidf_sparse_logistic
35.76,2.98,29.846,35.91,MN,,Heavy,Y,N,1,1,0.974697,text_tfidf_sparse_logistic
20.56,1.713,32.114,35.91,FS,,Heavy,Y,N,1,1,0.979109,text_tfidf_sparse_logistic
4.73,0.394,14.424,35.91,F,,Normal,N,N,0,0,0.052015,text_tfidf_sparse_logistic
24.01,2.001,10.251,12.569,F,Normal,Normal,N,N,0,0,0.01184,text_tfidf_sparse_logistic
31.31,2.609,9.888,12.569,FS,Normal,Normal,N,N,0,0,0.019619,text_tfidf_sparse_logistic
24.02,2.002,38.964,35.91,MN,,Heavy,N,N,1,1,0.976208,text_tfidf_sparse_logistic
30.02,2.502,23.133,35.91,M,Thin,Thin,N,N,1,1,0.977266,text_tfidf_sparse_logistic
6.77,0.564,32.659,35.91,FS,,Normal,N,N,0,0,0.081367,text_tfidf_sparse_logistic
23.46,1.955,41.277,35.91,FS,,Heavy,N,N,1,1,0.949778,text_tfidf_sparse_logistic
24.02,2.002,11.567,12.569,FS,Normal,Normal,Y,N,0,0,0.017403,text_tfidf_sparse_logistic
27.6,2.3,10.705,12.569,F,Normal,Normal,N,Y,0,0,0.018271,text_tfidf_sparse_logistic
34.55,2.879,45.042,35.91,FS,,Normal,N,Y,0,0,0.102956,text_tfidf_sparse_logistic
31.45,2.621,37.83,35.91,FS,,Heavy,Y,N,1,1,0.96841,text_tfidf_sparse_logistic
25.08,2.09,10.796,12.569,MN,Normal,Normal,Y,N,0,0,0.017458,text_tfidf_sparse_logistic
15.6,1.3,31.071,35.91,F,,Thin,Y,N,1,1,0.97846,text_tfidf_sparse_logistic
6.71,0.559,17.872,35.91,FS,,Normal,Y,Y,0,0,0.039971,text_tfidf_sparse_logistic
31.38,2.615,29.121,35.91,FS,,Heavy,N,N,1,1,0.972799,text_tfidf_sparse_logistic
28.85,2.404,41.912,35.91,MN,,Heavy,Y,N,1,1,0.985399,text_tfidf_sparse_logistic
31.61,2.634,47.627,35.91,MN,,Heavy,N,N,1,1,0.969645,text_tfidf_sparse_logistic
24.02,2.002,10.569,12.569,F,Normal,Normal,Y,Y,0,0,0.015139,text_tfidf_sparse_logistic
23.56,1.963,39.281,35.91,FS,,Heavy,Y,N,1,1,0.980261,text_tfidf_sparse_logistic
4.48,0.373,24.857,35.91,MN,,Normal,Y,N,0,0,0.030422,text_tfidf_sparse_logistic
22.42,1.868,34.654,35.91,FS,,Heavy,Y,Y,1,1,0.971745,text_tfidf_sparse_logistic
28.58,2.382,17.781,35.91,FS,Thin,Thin,Y,Y,1,1,0.936418,text_tfidf_sparse_logistic
25.86,2.155,10.886,12.569,MN,Normal,Normal,N,N,0,0,0.017519,text_tfidf_sparse_logistic
34.14,2.845,36.605,35.91,MN,,Normal,Y,N,0,0,0.047406,text_tfidf_sparse_logistic
27.6,2.3,13.063,12.569,M,Normal,Normal,N,N,0,0,0.020484,text_tfidf_sparse_logistic
7.3,0.608,36.378,35.91,F,,Normal,Y,Y,0,0,0.087479,text_tfidf_sparse_logistic
24.54,2.045,38.555,35.91,MN,,Heavy,N,Y,1,1,0.920225,text_tfidf_sparse_logistic
33.25,2.771,33.022,35.91,FS,,Heavy,N,N,1,1,0.96179,text_tfidf_sparse_logistic
24.44,2.037,10.523,12.569,FS,Normal,Normal,N,N,0,0,0.013784,text_tfidf_sparse_logistic
22.86,1.905,48.081,35.91,FS,,Heavy,N,N,1,1,0.981722,text_tfidf_sparse_logistic
33.72,2.81,28.168,35.91,FS,,Normal,N,N,0,0,0.052359,text_tfidf_sparse_logistic
4.98,0.415,11.34,35.91,FS,,Normal,Y,Y,0,0,0.032207,text_tfidf_sparse_logistic
34.48,2.873,12.338,12.569,MN,Normal,Normal,N,N,0,0,0.017212,text_tfidf_sparse_logistic
30.6,2.55,36.968,35.91,FS,,Heavy,N,N,1,1,0.987478,text_tfidf_sparse_logistic
12.48,1.04,37.013,35.91,F,,Heavy,N,N,1,1,0.968574,text_tfidf_sparse_logistic
30.04,2.503,14.606,12.569,MN,Normal,Normal,Y,Y,0,0,0.019063,text_tfidf_sparse_logistic
26.71,2.226,10.705,12.569,FS,,Normal,Y,N,0,0,0.019387,text_tfidf_sparse_logistic
31.74,2.645,13.109,12.569,MN,Normal,Normal,Y,N,0,0,0.004966,text_tfidf_sparse_logistic
18.04,1.503,35.834,35.91,MN,,Heavy,Y,N,1,1,0.914224,text_tfidf_sparse_logistic
11.93,0.994,19.867,35.91,FS,,Thin,N,N,1,1,0.936391,text_tfidf_sparse_logistic
24.6,2.05,38.374,35.91,FS,,Heavy,N,N,1,1,0.989935,text_tfidf_sparse_logistic
8.47,0.706,28.123,35.91,FS,,Heavy,N,N,1,1,0.884593,text_tfidf_sparse_logistic
3.13,0.261,5.897,35.91,F,,Thin,Y,N,1,1,0.943305,text_tfidf_sparse_logistic
31.78,2.648,11.249,12.569,MN,Normal,Normal,Y,N,0,0,0.018376,text_tfidf_sparse_logistic
20.93,1.744,28.712,35.91,F,,Normal,Y,N,0,0,0.077422,text_tfidf_sparse_logistic
26.93,2.244,39.372,35.91,M,,Normal,Y,Y,0,0,0.046816,text_tfidf_sparse_logistic
28.6,2.383,42.456,35.91,MN,,Normal,N,N,0,0,0.075674,text_tfidf_sparse_logistic
22.84,1.903,48.988,35.91,MN,,Heavy,N,N,1,1,0.974271,text_tfidf_sparse_logistic
30.04,2.503,38.102,35.91,FS,,Heavy,N,N,1,1,0.933957,text_tfidf_sparse_logistic
24.94,2.078,32.16,35.91,M,Thin,Thin,Y,Y,1,1,0.960056,text_tfidf_sparse_logistic
29.71,2.476,10.614,12.569,MN,Normal,Normal,Y,N,0,0,0.022521,text_tfidf_sparse_logistic
15.96,1.33,39.689,35.91,F,,Heavy,Y,N,1,1,0.974489,text_tfidf_sparse_logistic
6.41,0.534,30.028,35.91,M,,Normal,N,N,0,0,0.038535,text_tfidf_sparse_logistic
32.27,2.689,12.02,12.569,F,Normal,Normal,Y,N,0,0,0.010888,text_tfidf_sparse_logistic
24.02,2.002,12.837,12.569,MN,Normal,Normal,N,N,0,0,0.012339,text_tfidf_sparse_logistic
27.92,2.327,13.426,12.569,MN,Normal,Normal,Y,N,0,0,0.021969,text_tfidf_sparse_logistic
24.01,2.001,23.632,35.91,F,,Heavy,N,N,1,1,0.965875,text_tfidf_sparse_logistic
23.2,1.933,42.955,35.91,FS,,Heavy,Y,N,1,1,0.985974,text_tfidf_sparse_logistic
12.3,1.025,32.114,35.91,MN,,Normal,Y,Y,0,0,0.023532,text_tfidf_sparse_logistic
25.1,2.092,9.299,12.569,F,Normal,Normal,Y,Y,0,0,0.005472,text_tfidf_sparse_logistic
7.36,0.613,24.857,35.91,M,,Normal,Y,N,0,0,0.042551,text_tfidf_sparse_logistic
24.61,2.051,40.551,35.91,M,Thin,Thin,N,N,1,1,0.985271,text_tfidf_sparse_logistic
30.7,2.558,11.068,12.569,MN,Normal,Normal,Y,Y,0,0,0.014231,text_tfidf_sparse_logistic
24.35,2.029,37.195,35.91,M,Thin,Thin,Y,Y,1,1,0.942725,text_tfidf_sparse_logistic
31.98,2.665,25.991,35.91,F,Thin,Thin,N,N,1,1,0.972075,text_tfidf_sparse_logistic
18.89,1.574,37.648,35.91,MN,,Normal,Y,N,0,0,0.146362,text_tfidf_sparse_logistic
2.48,0.207,6.214,35.91,MN,,Thin,Y,Y,1,1,0.910802,text_tfidf_sparse_logistic
21.4,1.783,35.471,35.91,FS,,Heavy,N,N,1,1,0.981765,text_tfidf_sparse_logistic
22.33,1.861,51.256,35.91,MN,,Heavy,Y,N,1,1,0.970137,text_tfidf_sparse_logistic
30.04,2.503,38.555,35.91,MN,,Heavy,Y,N,1,1,0.944414,text_tfidf_sparse_logistic
31.61,2.634,39.599,35.91,FS,,Heavy,Y,Y,1,1,0.963247,text_tfidf_sparse_logistic
25.69,2.141,29.665,35.91,FS,,Heavy,Y,N,1,1,0.974988,text_tfidf_sparse_logistic
24.74,2.062,44.543,35.91,MN,Heavy,Heavy,Y,N,1,1,0.978792,text_tfidf_sparse_logistic
24.01,2.001,25.447,35.91,F,Thin,Thin,N,N,1,1,0.971039,text_tfidf_sparse_logistic
26.33,2.194,45.132,35.91,MN,Heavy,Heavy,N,N,1,1,0.971922,text_tfidf_sparse_logistic
1.67,0.139,2.948,35.91,F,,Thin,Y,Y,1,1,0.913208,text_tfidf_sparse_logistic
8.27,0.689,26.218,35.91,M,,Normal,N,N,0,0,0.046753,text_tfidf_sparse_logistic
13.86,1.155,21.546,35.91,FS,,Thin,Y,N,1,1,0.963047,text_tfidf_sparse_logistic
31.93,2.661,48.081,35.91,MN,,Heavy,Y,N,1,1,0.984988,text_tfidf_sparse_logistic
30.13,2.511,40.687,35.91,MN,,Heavy,Y,N,1,1,0.979586,text_tfidf_sparse_logistic
8.32,0.693,21.614,35.91,MN,,Normal,Y,Y,0,0,0.039124,text_tfidf_sparse_logistic
29.28,2.44,49.895,35.91,MN,,Heavy,N,N,1,1,0.978407,text_tfidf_sparse_logistic
26.62,2.218,8.528,12.569,FS,Normal,Normal,Y,Y,0,0,0.007087,text_tfidf_sparse_logistic
32.05,2.671,10.977,12.569,FS,Normal,Normal,N,N,0,0,0.018604,text_tfidf_sparse_logistic
27.4,2.283,35.199,35.91,FS,,Heavy,Y,N,1,1,0.98637,text_tfidf_sparse_logistic
30.79,2.566,11.431,12.569,FS,Normal,Normal,N,N,0,0,0.016066,text_tfidf_sparse_logistic
29.81,2.484,30.89,35.91,M,,Heavy,Y,N,1,1,0.96654,text_tfidf_sparse_logistic
31.74,2.645,26.581,35.91,M,Thin,Thin,Y,Y,1,1,0.957835,text_tfidf_sparse_logistic
24.01,2.001,11.884,12.569,M,Normal,Normal,Y,Y,0,0,0.010496,text_tfidf_sparse_logistic
31.94,2.662,36.287,35.91,M,Thin,Thin,Y,N,1,1,0.965843,text_tfidf_sparse_logistic
35.82,2.985,33.43,35.91,FS,,Normal,N,N,0,0,0.115955,text_tfidf_sparse_logistic
10.36,0.863,43.091,35.91,MN,,Normal,N,N,0,0,0.128908,text_tfidf_sparse_logistic
27.56,2.297,9.979,12.569,FS,Normal,Normal,Y,Y,0,0,0.014642,text_tfidf_sparse_logistic
27.14,2.262,25.855,35.91,F,,Thin,N,N,1,1,0.972693,text_tfidf_sparse_logistic
21.11,1.759,37.195,35.91,FS,,Normal,Y,N,0,0,0.156032,text_tfidf_sparse_logistic
25.56,2.13,41.504,35.91,MN,,Heavy,Y,N,1,1,0.972051,text_tfidf_sparse_logistic
31.27,2.606,26.308,35.91,FS,,Heavy,Y,N,1,1,0.972669,text_tfidf_sparse_logistic
32.27,2.689,37.966,35.91,M,Thin,Thin,Y,N,1,1,0.983027,text_tfidf_sparse_logistic
25.99,2.166,46.675,35.91,M,,Heavy,Y,N,1,1,0.975631,text_tfidf_sparse_logistic
6.72,0.56,8.8,12.569,FS,,Normal,N,Y,0,0,0.016815,text_tfidf_sparse_logistic
35.33,2.944,13.381,12.569,M,Normal,Normal,Y,N,0,0,0.008817,text_tfidf_sparse_logistic
12.46,1.038,29.484,35.91,M,,Normal,Y,Y,0,0,0.06876,text_tfidf_sparse_logistic
17.38,1.448,32.387,35.91,MN,,Normal,N,N,0,0,0.082587,text_tfidf_sparse_logistic
24.02,2.002,14.878,12.569,MN,Normal,Normal,N,N,0,0,0.032968,text_tfidf_sparse_logistic
33.1,2.758,42.865,35.91,MN,Heavy,Heavy,Y,N,1,1,0.980023,text_tfidf_sparse_logistic
27.5,2.292,51.437,35.91,MN,,Heavy,N,N,1,1,0.98709,text_tfidf_sparse_logistic
30.79,2.566,39.463,35.91,M,Thin,Thin,N,N,1,1,0.954967,text_tfidf_sparse_logistic
19.61,1.634,27.851,35.91,F,,Thin,Y,Y,1,1,0.954033,text_tfidf_sparse_logistic
23.48,1.957,39.463,35.91,FS,,Heavy,Y,N,1,1,0.948938,text_tfidf_sparse_logistic
33.55,2.796,12.565,12.569,FS,Normal,Normal,Y,Y,0,0,0.005563,text_tfidf_sparse_logistic
11.63,0.969,49.442,35.91,MN,,Heavy,N,N,1,1,0.929606,text_tfidf_sparse_logistic
17.47,1.456,44.86,35.91,MN,,Heavy,N,N,1,1,0.974367,text_tfidf_sparse_logistic
31.01,2.584,25.129,35.91,M,,Normal,Y,N,0,0,0.043686,text_tfidf_sparse_logistic
35.33,2.944,12.247,12.569,FS,Normal,Normal,N,N,0,0,0.013481,text_tfidf_sparse_logistic
17.48,1.457,41.504,35.91,FS,,Heavy,Y,N,1,1,0.966059,text_tfidf_sparse_logistic
34.61,2.884,11.34,12.569,MN,Normal,Normal,Y,N,0,0,0.012046,text_tfidf_sparse_logistic
29.64,2.47,14.288,12.569,M,Normal,Normal,N,N,0,0,0.008584,text_tfidf_sparse_logistic
28.45,2.371,10.433,12.569,F,Normal,Normal,Y,N,0,0,0.021026,text_tfidf_sparse_logistic
4.39,0.366,13.835,35.91,FS,,Thin,N,N,1,1,0.935407,text_tfidf_sparse_logistic
25.0,2.083,36.741,35.91,M,Thin,Thin,Y,N,1,1,0.967432,text_tfidf_sparse_logistic
31.64,2.637,12.701,12.569,MN,Normal,Normal,Y,Y,0,0,0.017936,text_tfidf_sparse_logistic
21.36,1.78,33.566,35.91,FS,,Normal,Y,Y,0,0,0.09763,text_tfidf_sparse_logistic
19.51,1.626,47.627,35.91,MN,,Heavy,N,N,1,1,0.957919,text_tfidf_sparse_logistic
32.24,2.687,12.156,12.569,MN,Normal,Normal,Y,N,0,0,0.020705,text_tfidf_sparse_logistic
32.0,2.667,43.636,35.91,FS,,Heavy,Y,N,1,1,0.992591,text_tfidf_sparse_logistic
24.37,2.031,10.115,12.569,MN,Normal,Normal,N,N,0,0,0.004973,text_tfidf_sparse_logistic
4.6,0.383,9.253,35.91,F,,Normal,Y,N,0,0,0.03077,text_tfidf_sparse_logistic
31.91,2.659,26.036,35.91,M,Thin,Thin,Y,Y,1,1,0.969398,text_tfidf_sparse_logistic
31.67,2.639,9.707,12.569,FS,Normal,Normal,Y,N,0,0,0.005695,text_tfidf_sparse_logistic
30.04,2.503,11.34,12.569,F,Normal,Normal,Y,Y,0,0,0.017221,text_tfidf_sparse_logistic
31.13,2.594,38.283,35.91,FS,,Heavy,N,N,1,1,0.978173,text_tfidf_sparse_logistic
18.85,1.571,11.431,12.569,F,,Normal,Y,Y,0,0,0.028272,text_tfidf_sparse_logistic
25.01,2.084,33.112,35.91,FS,Normal,Normal,Y,N,0,0,0.074197,text_tfidf_sparse_logistic
11.03,0.919,26.308,35.91,F,,Heavy,Y,N,1,1,0.94245,text_tfidf_sparse_logistic
26.22,2.185,42.456,35.91,M,Thin,Thin,N,Y,1,1,0.979149,text_tfidf_sparse_logistic
28.5,2.375,11.249,12.569,F,Normal,Normal,N,N,0,0,0.017514,text_tfidf_sparse_logistic
34.73,2.894,32.749,35.91,MN,,Normal,Y,N,0,0,0.040259,text_tfidf_sparse_logistic
12.18,1.015,30.3,35.91,F,,Heavy,N,N,1,1,0.956271,text_tfidf_sparse_logistic
3.13,0.261,17.463,35.91,F,,Normal,Y,Y,0,0,0.046446,text_tfidf_sparse_logistic
8.52,0.71,29.756,35.91,FS,,Heavy,N,N,1,1,0.93798,text_tfidf_sparse_logistic
6.14,0.512,26.807,35.91,MN,,Thin,N,Y,1,1,0.889197,text_tfidf_sparse_logistic
17.28,1.44,24.04,35.91,FS,,Normal,N,N,0,0,0.09775,text_tfidf_sparse_logistic
9.68,0.807,45.178,35.91,M,,Normal,Y,Y,0,0,0.074093,text_tfidf_sparse_logistic
27.17,2.264,41.731,35.91,MN,,Heavy,Y,N,1,1,0.964512,text_tfidf_sparse_logistic
33.78,2.815,10.433,12.569,FS,Normal,Normal,N,N,0,0,0.016534,text_tfidf_sparse_logistic
21.77,1.814,36.378,35.91,MN,,Normal,N,N,0,0,0.149751,text_tfidf_sparse_logistic
27.04,2.253,44.634,35.91,MN,,Normal,Y,N,0,0,0.097083,text_tfidf_sparse_logistic
25.38,2.115,41.504,35.91,FS,,Normal,N,N,0,0,0.175932,text_tfidf_sparse_logistic
31.51,2.626,38.374,35.91,M,Thin,Thin,Y,Y,1,1,0.966062,text_tfidf_sparse_logistic
22.55,1.879,52.072,35.91,MN,,Heavy,N,N,1,1,0.964762,text_tfidf_sparse_logistic
35.59,2.966,11.476,12.569,MN,Normal,Normal,Y,N,0,0,0.006042,text_tfidf_sparse_logistic
27.89,2.324,41.912,35.91,MN,Heavy,Heavy,Y,Y,1,1,0.961697,text_tfidf_sparse_logistic
26.1,2.175,31.389,35.91,MN,,Normal,N,N,0,0,0.027049,text_tfidf_sparse_logistic
28.75,2.396,49.442,35.91,FS,,Heavy,N,N,1,1,0.965664,text_tfidf_sparse_logistic
28.22,2.352,13.381,12.569,MN,Normal,Normal,Y,N,0,0,0.005194,text_tfidf_sparse_logistic
13.6,1.133,36.106,35.91,FS,,Normal,N,N,0,0,0.133499,text_tfidf_sparse_logistic
6.86,0.572,31.389,35.91,M,,Normal,N,N,0,0,0.050524,text_tfidf_sparse_logistic
25.67,2.139,38.147,35.91,M,Thin,Thin,N,N,1,1,0.981492,text_tfidf_sparse_logistic
29.22,2.435,32.659,35.91,FS,Normal,Normal,Y,N,0,0,0.085431,text_tfidf_sparse_logistic
4.74,0.395,20.412,35.91,M,,Normal,Y,Y,0,0,0.023754,text_tfidf_sparse_logistic
16.14,1.345,27.896,35.91,FS,,Normal,N,Y,0,0,0.050124,text_tfidf_sparse_logistic
28.79,2.399,11.612,12.569,FS,Normal,Normal,N,N,0,0,0.016565,text_tfidf_sparse_logistic
29.9,2.492,38.419,35.91,M,Thin,Thin,N,N,1,1,0.988885,text_tfidf_sparse_logistic
30.78,2.565,38.102,35.91,FS,,Heavy,Y,N,1,1,0.945366,text_tfidf_sparse_logistic
25.43,2.119,23.587,35.91,M,Thin,Thin,Y,N,1,1,0.976227,text_tfidf_sparse_logistic
31.69,2.641,31.842,35.91,FS,Normal,Normal,N,N,0,0,0.04377,text_tfidf_sparse_logistic
27.64,2.303,38.283,35.91,MN,,Heavy,N,Y,1,1,0.950084,text_tfidf_sparse_logistic
17.11,1.426,38.691,35.91,FS,,Heavy,N,N,1,1,0.977654,text_tfidf_sparse_logistic
31.4,2.617,32.024,35.91,FS,,Heavy,N,N,1,1,0.943788,text_tfidf_sparse_logistic
35.94,2.995,41.549,35.91,FS,Heavy,Heavy,Y,N,1,1,0.978346,text_tfidf_sparse_logistic
29.02,2.418,36.741,35.91,FS,,Heavy,Y,N,1,1,0.959091,text_tfidf_sparse_logistic
33.38,2.782,56.654,35.91,MN,,Heavy,Y,N,1,1,0.981377,text_tfidf_sparse_logistic
10.16,0.847,32.568,35.91,FS,,Normal,N,N,0,0,0.052734,text_tfidf_sparse_logistic
30.46,2.538,10.705,12.569,F,Normal,Normal,Y,N,0,0,0.022536,text_tfidf_sparse_logistic
24.8,2.067,11.703,12.569,FS,Normal,Normal,Y,N,0,0,0.001615,text_tfidf_sparse_logistic
29.48,2.457,44.634,35.91,MN,,Heavy,N,N,1,1,0.98817,text_tfidf_sparse_logistic
12.79,1.066,38.374,35.91,F,,Normal,N,N,0,0,0.077538,text_tfidf_sparse_logistic
18.53,1.544,25.991,35.91,FS,,Normal,N,N,0,0,0.074573,text_tfidf_sparse_logistic
26.81,2.234,35.834,35.91,FS,Heavy,Heavy,Y,N,1,1,0.901657,text_tfidf_sparse_logistic
29.5,2.458,33.929,35.91,F,,Normal,N,Y,0,0,0.098817,text_tfidf_sparse_logistic
35.48,2.957,44.543,35.91,MN,Heavy,Heavy,N,N,1,1,0.977096,text_tfidf_sparse_logistic
28.88,2.407,11.929,12.569,M,Normal,Normal,Y,Y,0,0,0.011032,text_tfidf_sparse_logistic
26.58,2.215,11.793,12.569,M,Normal,Normal,Y,N,0,0,0.025872,text_tfidf_sparse_logistic
6.6,0.55,19.187,35.91,F,,Thin,N,N,1,1,0.933459,text_tfidf_sparse_logistic
25.56,2.13,10.433,12.569,FS,Normal,Normal,Y,Y,0,0,0.014623,text_tfidf_sparse_logistic
10.85,0.904,34.201,35.91,FS,,Normal,N,N,0,0,0.060214,text_tfidf_sparse_logistic
29.45,2.454,39.825,35.91,M,,Heavy,N,N,1,1,0.976638,text_tfidf_sparse_logistic
35.48,2.957,11.884,12.569,MN,Normal,Normal,Y,N,0,0,0.005456,text_tfidf_sparse_logistic
0.94,0.078,2.767,35.91,F,,Normal,Y,N,0,0,0.043921,text_tfidf_sparse_logistic
5.86,0.488,16.284,35.91,FS,,Normal,N,Y,0,0,0.036556,text_tfidf_sparse_logistic
26.82,2.235,9.752,12.569,F,Normal,Normal,Y,N,0,0,0.01261,text_tfidf_sparse_logistic
12.37,1.031,22.226,35.91,F,,Normal,N,N,0,0,0.070501,text_tfidf_sparse_logistic
31.38,2.615,34.065,35.91,M,Thin,Thin,Y,N,1,1,0.982203,text_tfidf_sparse_logistic
33.55,2.796,39.463,35.91,MN,,Normal,Y,N,0,0,0.093463,text_tfidf_sparse_logistic
24.02,2.002,13.608,12.569,MN,Normal,Normal,Y,N,0,0,0.016802,text_tfidf_sparse_logistic
33.42,2.785,11.249,12.569,F,Normal,Normal,N,N,0,0,0.023257,text_tfidf_sparse_logistic
31.91,2.659,32.387,35.91,F,Thin,Thin,Y,N,1,1,0.970645,text_tfidf_sparse_logistic
11.27,0.939,18.507,35.91,MN,,Thin,N,N,1,1,0.938396,text_tfidf_sparse_logistic
6.72,0.56,28.849,35.91,FS,,Normal,N,N,0,0,0.084663,text_tfidf_sparse_logistic
6.31,0.526,16.874,35.91,F,,Normal,Y,N,0,0,0.045517,text_tfidf_sparse_logistic
28.22,2.352,61.87,35.91,MN,,Heavy,Y,N,1,1,0.985982,text_tfidf_sparse_logistic
24.72,2.06,36.832,35.91,M,Thin,Thin,N,N,1,1,0.975635,text_tfidf_sparse_logistic
24.22,2.018,12.882,12.569,MN,Normal,Normal,Y,Y,0,0,0.01227,text_tfidf_sparse_logistic
24.91,2.076,35.471,35.91,FS,,Heavy,N,N,1,1,0.987924,text_tfidf_sparse_logistic
34.7,2.892,43.091,35.91,FS,,Heavy,Y,N,1,1,0.965462,text_tfidf_sparse_logistic
6.7,0.558,22.952,35.91,MN,,Normal,N,Y,0,0,0.029607,text_tfidf_sparse_logistic
22.44,1.87,32.523,35.91,FS,,Heavy,Y,N,1,1,0.962334,text_tfidf_sparse_logistic
12.24,1.02,23.315,35.91,FS,,Heavy,Y,N,1,1,0.960671,text_tfidf_sparse_logistic
24.02,2.002,9.389,12.569,FS,Normal,Normal,Y,N,0,0,0.007527,text_tfidf_sparse_logistic
14.88,1.24,53.343,35.91,MN,,Heavy,N,N,1,1,0.973451,text_tfidf_sparse_logistic
35.75,2.979,50.485,35.91,MN,,Normal,N,N,0,0,0.115107,text_tfidf_sparse_logistic
31.68,2.64,9.525,12.569,FS,Normal,Normal,Y,N,0,0,0.017336,text_tfidf_sparse_logistic
4.09,0.341,9.072,35.91,M,,Normal,Y,N,0,0,0.055,text_tfidf_sparse_logistic
10.76,0.897,27.17,35.91,F,,Normal,Y,N,0,0,0.069269,text_tfidf_sparse_logistic
3.48,0.29,13.517,35.91,F,,Normal,Y,N,0,0,0.035275,text_tfidf_sparse_logistic
27.64,2.303,24.04,35.91,F,,Thin,N,N,1,1,0.925688,text_tfidf_sparse_logistic
31.32,2.61,13.608,12.569,MN,Normal,Normal,Y,N,0,0,0.014068,text_tfidf_sparse_logistic
33.58,2.798,40.642,35.91,M,Thin,Thin,Y,N,1,1,0.984381,text_tfidf_sparse_logistic
24.01,2.001,11.34,12.569,MN,Normal,Normal,Y,N,0,0,0.016372,text_tfidf_sparse_logistic
26.02,2.168,50.077,35.91,FS,,Heavy,N,N,1,1,0.987872,text_tfidf_sparse_logistic
30.02,2.502,13.154,12.569,MN,Normal,Normal,N,Y,0,0,0.018933,text_tfidf_sparse_logistic
33.59,2.799,8.21,12.569,FS,Normal,Normal,N,N,0,0,0.011662,text_tfidf_sparse_logistic
33.65,2.804,10.659,12.569,FS,Normal,Normal,Y,Y,0,0,0.016365,text_tfidf_sparse_logistic
26.51,2.209,10.75,12.569,F,Normal,Normal,N,Y,0,0,0.010632,text_tfidf_sparse_logistic
34.18,2.848,47.31,35.91,MN,Heavy,Heavy,Y,N,1,1,0.972193,text_tfidf_sparse_logistic
23.52,1.96,23.179,35.91,FS,,Thin,Y,N,1,1,0.965823,text_tfidf_sparse_logistic
4.6,0.383,21.047,35.91,F,,Heavy,Y,N,1,1,0.937792,text_tfidf_sparse_logistic
25.43,2.119,9.979,12.569,F,Normal,Normal,Y,N,0,0,0.022589,text_tfidf_sparse_logistic
26.87,2.239,40.143,35.91,FS,,Heavy,N,N,1,1,0.980849,text_tfidf_sparse_logistic
12.05,1.004,36.015,35.91,F,,Heavy,Y,N,1,1,0.974329,text_tfidf_sparse_logistic
31.46,2.622,34.156,35.91,M,,Normal,Y,Y,0,0,0.056572,text_tfidf_sparse_logistic
32.82,2.735,12.791,12.569,M,Normal,Normal,Y,N,0,0,0.02352,text_tfidf_sparse_logistic
34.07,2.839,45.994,35.91,FS,,Heavy,Y,N,1,1,0.987445,text_tfidf_sparse_logistic
3.72,0.31,2.495,35.91,M,,Thin,N,N,1,1,0.937742,text_tfidf_sparse_logistic
25.54,2.128,45.904,35.91,MN,Heavy,Heavy,N,N,1,1,0.971751,text_tfidf_sparse_logistic
4.66,0.388,18.96,35.91,MN,,Normal,N,N,0,0,0.045747,text_tfidf_sparse_logistic
6.4,0.533,29.756,35.91,FS,,Thin,N,N,1,1,0.94593,text_tfidf_sparse_logistic
35.45,2.954,30.98,35.91,MN,,Thin,N,N,1,1,0.965313,text_tfidf_sparse_logistic
35.62,2.968,40.415,35.91,FS,,Heavy,Y,N,1,1,0.983425,text_tfidf_sparse_logistic
13.86,1.155,29.665,35.91,MN,,Heavy,N,N,1,1,0.95953,text_tfidf_sparse_logistic
15.88,1.323,16.42,35.91,FS,,Normal,Y,N,0,0,0.074667,text_tfidf_sparse_logistic
28.62,2.385,29.03,35.91,M,Thin,Thin,N,N,1,1,0.949821,text_tfidf_sparse_logistic
15.83,1.319,32.659,35.91,F,,Heavy,Y,N,1,1,0.928921,text_tfidf_sparse_logistic
26.26,2.188,9.752,12.569,F,Normal,Normal,N,N,0,0,0.012316,text_tfidf_sparse_logistic
28.45,2.371,8.845,12.569,FS,Normal,Normal,Y,N,0,0,0.006219,text_tfidf_sparse_logistic
30.04,2.503,30.935,35.91,FS,Normal,Normal,Y,N,0,0,0.042482,text_tfidf_sparse_logistic
30.13,2.511,40.597,35.91,FS,,Heavy,N,N,1,1,0.980869,text_tfidf_sparse_logistic
32.42,2.702,50.938,35.91,FS,,Heavy,N,N,1,1,0.9868,text_tfidf_sparse_logistic
3.11,0.259,10.433,35.91,FS,,Normal,N,N,0,0,0.057662,text_tfidf_sparse_logistic
32.4,2.7,12.882,12.569,MN,Normal,Normal,Y,Y,0,0,0.01227,text_tfidf_sparse_logistic
12.48,1.04,36.741,35.91,MN,,Normal,N,N,0,0,0.124172,text_tfidf_sparse_logistic
24.12,2.01,11.521,12.569,FS,Normal,Normal,Y,N,0,0,0.014214,text_tfidf_sparse_logistic
35.99,2.999,35.38,35.91,FS,,Heavy,Y,N,1,1,0.948049,text_tfidf_sparse_logistic
29.62,2.468,11.839,12.569,MN,Normal,Normal,N,N,0,0,0.005815,text_tfidf_sparse_logistic
31.84,2.653,40.37,35.91,MN,,Normal,N,N,0,0,0.114273,text_tfidf_sparse_logistic
26.32,2.193,32.432,35.91,FS,,Heavy,N,N,1,1,0.974275,text_tfidf_sparse_logistic
17.51,1.459,44.225,35.91,FS,,Heavy,Y,N,1,1,0.981273,text_tfidf_sparse_logistic
11.59,0.966,20.14,35.91,FS,,Normal,N,N,0,0,0.077536,text_tfidf_sparse_logistic
3.14,0.262,9.117,35.91,M,,Normal,N,Y,0,0,0.027837,text_tfidf_sparse_logistic
17.68,1.473,27.034,35.91,F,,Normal,Y,N,0,0,0.080474,text_tfidf_sparse_logistic
24.02,2.002,30.119,35.91,F,,Thin,Y,N,1,1,0.970134,text_tfidf_sparse_logistic
32.33,2.694,46.357,35.91,MN,,Heavy,Y,N,1,1,0.985348,text_tfidf_sparse_logistic
13.62,1.135,34.019,35.91,F,,Heavy,Y,N,1,1,0.949775,text_tfidf_sparse_logistic
1.79,0.149,4.627,35.91,M,,Normal,Y,N,0,0,0.084215,text_tfidf_sparse_logistic
16.1,1.342,43.091,35.91,MN,,Normal,Y,N,0,0,0.14683,text_tfidf_sparse_logistic
28.3,2.358,12.066,12.569,F,Normal,Normal,Y,Y,0,0,0.01671,text_tfidf_sparse_logistic
30.55,2.546,37.966,35.91,FS,,Heavy,Y,N,1,1,0.980035,text_tfidf_sparse_logistic
35.39,2.949,37.648,35.91,FS,,Heavy,Y,N,1,1,0.955506,text_tfidf_sparse_logistic
26.54,2.212,38.918,35.91,MN,,Heavy,N,N,1,1,0.973458,text_tfidf_sparse_logistic
32.34,2.695,47.219,35.91,MN,,Heavy,N,Y,1,1,0.970341,text_tfidf_sparse_logistic
11.51,0.959,46.176,35.91,MN,,Normal,N,N,0,0,0.104173,text_tfidf_sparse_logistic
17.98,1.498,42.91,35.91,FS,,Normal,Y,N,0,0,0.1434,text_tfidf_sparse_logistic
24.71,2.059,22.498,35.91,F,Thin,Thin,N,N,1,1,0.974741,text_tfidf_sparse_logistic
24.01,2.001,13.018,12.569,M,Normal,Normal,N,N,0,0,0.011952,text_tfidf_sparse_logistic
4.92,0.41,21.047,35.91,F,,Normal,Y,Y,0,0,0.027735,text_tfidf_sparse_logistic
18.1,1.508,30.481,35.91,F,,Heavy,Y,Y,1,1,0.963285,text_tfidf_sparse_logistic
27.48,2.29,39.145,35.91,FS,,Normal,N,N,0,0,0.054123,text_tfidf_sparse_logistic
24.95,2.079,45.813,35.91,F,,Heavy,Y,Y,1,1,0.938424,text_tfidf_sparse_logistic
24.02,2.002,37.331,35.91,M,,Heavy,N,N,1,1,0.97208,text_tfidf_sparse_logistic
32.86,2.738,9.798,12.569,F,Normal,Normal,N,N,0,0,0.024311,text_tfidf_sparse_logistic
11.65,0.971,35.562,35.91,MN,,Heavy,N,N,1,1,0.9435,text_tfidf_sparse_logistic
33.68,2.807,24.04,35.91,MN,Thin,Thin,Y,Y,1,1,0.886342,text_tfidf_sparse_logistic
35.86,2.988,10.07,12.569,FS,Normal,Normal,Y,Y,0,0,0.015769,text_tfidf_sparse_logistic
24.91,2.076,13.88,12.569,MN,Normal,Normal,N,N,0,0,0.005241,text_tfidf_sparse_logistic
24.01,2.001,40.959,35.91,MN,,Heavy,Y,N,1,1,0.979054,text_tfidf_sparse_logistic
4.0,0.333,12.156,35.91,F,,Normal,N,N,0,0,0.053342,text_tfidf_sparse_logistic
17.04,1.42,30.844,35.91,FS,,Heavy,Y,N,1,1,0.938782,text_tfidf_sparse_logistic
27.47,2.289,11.521,12.569,MN,Normal,Normal,N,N,0,0,0.017743,text_tfidf_sparse_logistic
33.48,2.79,38.193,35.91,FS,,Heavy,Y,N,1,1,0.979289,text_tfidf_sparse_logistic
2.22,0.185,2.631,35.91,M,,Normal,N,N,0,0,0.063188,text_tfidf_sparse_logistic
31.87,2.656,37.376,35.91,FS,Normal,Normal,N,N,0,0,0.052565,text_tfidf_sparse_logistic
32.28,2.69,26.444,35.91,F,Thin,Thin,Y,Y,1,1,0.952701,text_tfidf_sparse_logistic
14.56,1.213,29.484,35.91,MN,,Normal,Y,N,0,0,0.098791,text_tfidf_sparse_logistic
25.75,2.146,49.396,35.91,MN,,Heavy,Y,N,1,1,0.985012,text_tfidf_sparse_logistic
35.4,2.95,51.256,35.91,MN,,Normal,N,N,0,0,0.099749,text_tfidf_sparse_logistic
33.68,2.807,30.663,35.91,MN,,Heavy,Y,N,1,1,0.972917,text_tfidf_sparse_logistic
25.86,2.155,12.973,12.569,MN,Normal,Normal,N,N,0,0,0.016798,text_tfidf_sparse_logistic
27.05,2.254,35.743,35.91,FS,Normal,Normal,Y,Y,0,0,0.037393,text_tfidf_sparse_logistic
14.26,1.188,45.359,35.91,M,,Normal,N,N,0,0,0.179538,text_tfidf_sparse_logistic
17.57,1.464,50.802,35.91,MN,,Heavy,N,N,1,1,0.956428,text_tfidf_sparse_logistic
26.32,2.193,45.813,35.91,M,Thin,Thin,Y,N,1,1,0.966262,text_tfidf_sparse_logistic
33.59,2.799,46.266,35.91,FS,,Heavy,Y,N,1,1,0.964953,text_tfidf_sparse_logistic
31.87,2.656,9.163,12.569,FS,Normal,Normal,Y,Y,0,0,0.013572,text_tfidf_sparse_logistic
35.98,2.998,40.551,35.91,M,Thin,Thin,Y,N,1,1,0.986114,text_tfidf_sparse_logistic
11.77,0.981,41.821,35.91,M,,Normal,N,N,0,0,0.113509,text_tfidf_sparse_logistic
26.29,2.191,11.44,12.569,FS,Normal,Normal,N,N,0,0,0.006464,text_tfidf_sparse_logistic
28.62,2.385,27.851,35.91,MN,,Normal,N,N,0,0,0.045608,text_tfidf_sparse_logistic
24.02,2.002,10.796,12.569,FS,Normal,Normal,Y,N,0,0,0.017722,text_tfidf_sparse_logistic
25.22,2.102,40.007,35.91,FS,,Heavy,N,N,1,1,0.982055,text_tfidf_sparse_logistic
30.04,2.503,11.34,12.569,FS,Normal,Normal,N,Y,0,0,0.013342,text_tfidf_sparse_logistic
3.28,0.273,7.167,35.91,F,,Normal,Y,N,0,0,0.048921,text_tfidf_sparse_logistic
24.02,2.002,25.31,35.91,F,,Thin,N,N,1,1,0.960513,text_tfidf_sparse_logistic
20.54,1.712,27.76,35.91,FS,,Normal,Y,N,0,0,0.089056,text_tfidf_sparse_logistic
25.3,2.108,12.655,12.569,M,Normal,Normal,Y,Y,0,0,0.004461,text_tfidf_sparse_logistic
33.48,2.79,62.596,35.91,M,Thin,Thin,Y,N,1,1,0.991067,text_tfidf_sparse_logistic
24.65,2.054,11.975,12.569,M,Normal,Normal,Y,N,0,0,0.021373,text_tfidf_sparse_logistic
12.12,1.01,24.177,35.91,MN,,Normal,N,N,0,0,0.05206,text_tfidf_sparse_logistic
15.24,1.27,37.603,35.91,MN,,Heavy,Y,N,1,1,0.974645,text_tfidf_sparse_logistic
31.73,2.644,38.828,35.91,F,,Normal,Y,N,0,0,0.055838,text_tfidf_sparse_logistic
2.32,0.193,4.218,35.91,MN,,Thin,Y,N,1,1,0.94882,text_tfidf_sparse_logistic
8.96,0.747,22.226,35.91,M,,Normal,Y,Y,0,0,0.032446,text_tfidf_sparse_logistic
24.54,2.045,44.452,35.91,MN,Heavy,Heavy,N,N,1,1,0.976411,text_tfidf_sparse_logistic
33.95,2.829,13.336,12.569,MN,Normal,Normal,Y,N,0,0,0.020154,text_tfidf_sparse_logistic
24.02,2.002,23.632,35.91,MN,Thin,Thin,Y,N,1,1,0.961302,text_tfidf_sparse_logistic
27.64,2.303,46.765,35.91,M,,Heavy,N,N,1,1,0.985236,text_tfidf_sparse_logistic
25.93,2.161,46.312,35.91,MN,,Heavy,N,N,1,1,0.9851,text_tfidf_sparse_logistic
24.64,2.053,39.054,35.91,MN,,Heavy,Y,N,1,1,0.982897,text_tfidf_sparse_logistic
31.12,2.593,9.752,12.569,FS,Normal,Normal,Y,Y,0,0,0.008784,text_tfidf_sparse_logistic
12.01,1.001,37.059,35.91,M,,Normal,Y,N,0,0,0.059947,text_tfidf_sparse_logistic
14.48,1.207,24.313,35.91,F,,Heavy,Y,N,1,1,0.956415,text_tfidf_sparse_logistic
21.55,1.796,37.875,35.91,MN,,Heavy,N,N,1,1,0.973974,text_tfidf_sparse_logistic
26.98,2.248,35.743,35.91,FS,,Heavy,N,N,1,1,0.962156,text_tfidf_sparse_logistic
27.5,2.292,12.428,12.569,M,Normal,Normal,N,N,0,0,0.013857,text_tfidf_sparse_logistic
26.53,2.211,36.197,35.91,MN,,Normal,N,N,0,0,0.046876,text_tfidf_sparse_logistic
26.58,2.215,10.433,12.569,F,Normal,Normal,Y,N,0,0,0.023408,text_tfidf_sparse_logistic
27.79,2.316,47.854,35.91,M,,Heavy,N,N,1,1,0.984122,text_tfidf_sparse_logistic
27.5,2.292,10.569,12.569,MN,Normal,Normal,N,N,0,0,0.010123,text_tfidf_sparse_logistic
4.62,0.385,14.424,35.91,F,,Thin,Y,N,1,1,0.91593,text_tfidf_sparse_logistic
26.09,2.174,13.835,12.569,MN,Normal,Normal,N,Y,0,0,0.010526,text_tfidf_sparse_logistic
32.03,2.669,40.823,35.91,MN,,Heavy,Y,N,1,1,0.962566,text_tfidf_sparse_logistic
28.09,2.341,9.163,12.569,FS,Normal,Normal,Y,N,0,0,0.012167,text_tfidf_sparse_logistic
22.82,1.902,54.477,35.91,MN,,Heavy,Y,N,1,1,0.97413,text_tfidf_sparse_logistic
18.07,1.506,29.484,35.91,FS,,Normal,Y,N,0,0,0.10967,text_tfidf_sparse_logistic
27.79,2.316,48.081,35.91,MN,,Heavy,N,N,1,1,0.985194,text_tfidf_sparse_logistic
3.35,0.279,14.696,35.91,M,,Normal,Y,Y,0,0,0.023468,text_tfidf_sparse_logistic
28.81,2.401,14.515,12.569,MN,Normal,Normal,Y,N,0,0,0.03207,text_tfidf_sparse_logistic
19.62,1.635,22.68,35.91,M,,Thin,N,N,1,1,0.947231,text_tfidf_sparse_logistic
28.49,2.374,10.796,12.569,FS,Normal,Normal,Y,N,0,0,0.020635,text_tfidf_sparse_logistic
16.15,1.346,23.814,35.91,M,,Thin,Y,N,1,1,0.95701,text_tfidf_sparse_logistic
3.85,0.321,15.286,35.91,MN,,Normal,Y,Y,0,0,0.030031,text_tfidf_sparse_logistic
25.4,2.117,12.565,12.569,MN,Normal,Normal,N,N,0,0,0.002823,text_tfidf_sparse_logistic
30.29,2.524,39.281,35.91,M,Thin,Thin,Y,N,1,1,0.983532,text_tfidf_sparse_logistic
32.72,2.727,35.743,35.91,MN,,Heavy,Y,N,1,1,0.97485,text_tfidf_sparse_logistic
5.26,0.438,25.673,35.91,M,,Normal,N,N,0,0,0.036411,text_tfidf_sparse_logistic
17.7,1.475,32.432,35.91,MN,,Heavy,N,N,1,1,0.978495,text_tfidf_sparse_logistic
31.86,2.655,43.999,35.91,MN,,Normal,Y,N,0,0,0.187977,text_tfidf_sparse_logistic
23.82,1.985,33.566,35.91,FS,,Heavy,Y,Y,1,1,0.920725,text_tfidf_sparse_logistic
21.38,1.782,39.327,35.91,FS,,Heavy,N,N,1,1,0.979829,text_tfidf_sparse_logistic
4.73,0.394,6.895,12.569,M,,Normal,N,N,0,0,0.020516,text_tfidf_sparse_logistic
10.09,0.841,26.308,35.91,M,,Normal,Y,N,0,0,0.04313,text_tfidf_sparse_logistic
32.33,2.694,49.714,35.91,MN,Heavy,Heavy,Y,N,1,1,0.973407,text_tfidf_sparse_logistic
25.03,2.086,12.746,12.569,MN,Normal,Normal,Y,N,0,0,0.005024,text_tfidf_sparse_logistic
2.56,0.213,5.216,35.91,MN,,Thin,Y,N,1,1,0.931031,text_tfidf_sparse_logistic
24.02,2.002,13.608,12.569,F,Normal,Normal,Y,N,0,0,0.020027,text_tfidf_sparse_logistic
30.85,2.571,45.949,35.91,MN,,Normal,N,N,0,0,0.095971,text_tfidf_sparse_logistic
29.02,2.418,36.197,35.91,M,Thin,Thin,Y,N,1,1,0.987265,text_tfidf_sparse_logistic
24.01,2.001,11.34,12.569,MN,Normal,Normal,Y,Y,0,0,0.014237,text_tfidf_sparse_logistic
34.21,2.851,31.525,35.91,MN,,Heavy,Y,N,1,1,0.943218,text_tfidf_sparse_logistic
28.43,2.369,39.009,35.91,MN,,Heavy,N,N,1,1,0.939723,text_tfidf_sparse_logistic
32.5,2.708,10.659,12.569,FS,Normal,Normal,N,N,0,0,0.013684,text_tfidf_sparse_logistic
28.62,2.385,47.083,35.91,MN,Heavy,Heavy,Y,N,1,1,0.976423,text_tfidf_sparse_logistic
14.81,1.234,35.743,35.91,F,,Heavy,N,N,1,1,0.966041,text_tfidf_sparse_logistic
35.52,2.96,13.472,12.569,M,Normal,Normal,Y,N,0,0,0.008106,text_tfidf_sparse_logistic
22.51,1.876,33.566,35.91,FS,,Heavy,Y,N,1,1,0.934839,text_tfidf_sparse_logistic
29.96,2.497,37.648,35.91,M,,Normal,N,N,0,0,0.114836,text_tfidf_sparse_logistic
20.83,1.736,34.745,35.91,M,,Thin,N,N,1,1,0.972275,text_tfidf_sparse_logistic
32.28,2.69,34.473,35.91,FS,,Normal,N,N,0,0,0.111234,text_tfidf_sparse_logistic
22.31,1.859,29.393,35.91,M,,Thin,N,N,1,1,0.957523,text_tfidf_sparse_logistic
3.24,0.27,8.89,35.91,MN,,Normal,Y,N,0,0,0.053077,text_tfidf_sparse_logistic
3.41,0.284,7.847,35.91,MN,,Thin,Y,N,1,1,0.937693,text_tfidf_sparse_logistic
28.72,2.393,37.149,35.91,MN,,Normal,Y,N,0,0,0.044229,text_tfidf_sparse_logistic
9.32,0.777,31.298,35.91,F,,Heavy,Y,Y,1,1,0.913589,text_tfidf_sparse_logistic
28.16,2.347,9.979,12.569,FS,Normal,Normal,Y,N,0,0,0.01479,text_tfidf_sparse_logistic
1.36,0.113,1.814,35.91,FS,,Thin,Y,N,1,1,0.943168,text_tfidf_sparse_logistic
32.33,2.694,49.442,35.91,FS,,Heavy,Y,N,1,1,0.967483,text_tfidf_sparse_logistic
24.22,2.018,32.568,35.91,M,Thin,Thin,N,N,1,1,0.98221,text_tfidf_sparse_logistic
9.85,0.821,19.686,35.91,M,,Normal,Y,Y,0,0,0.038043,text_tfidf_sparse_logistic
31.51,2.626,36.968,35.91,MN,,Normal,Y,N,0,0,0.042762,text_tfidf_sparse_logistic
31.55,2.629,12.746,12.569,MN,Normal,Normal,Y,Y,0,0,0.005752,text_tfidf_sparse_logistic
15.3,1.275,38.555,35.91,FS,,Normal,Y,N,0,0,0.131039,text_tfidf_sparse_logistic
4.42,0.368,9.525,12.569,FS,,Normal,Y,Y,0,0,0.019611,text_tfidf_sparse_logistic
5.22,0.435,14.515,35.91,MN,,Normal,Y,N,0,0,0.052897,text_tfidf_sparse_logistic
12.28,1.023,12.111,12.569,M,,Normal,N,N,0,0,0.014488,text_tfidf_sparse_logistic
34.74,2.895,48.081,35.91,MN,,Heavy,N,N,1,1,0.984636,text_tfidf_sparse_logistic
35.92,2.993,23.768,35.91,M,Thin,Thin,Y,Y,1,1,0.959607,text_tfidf_sparse_logistic
27.24,2.27,39.644,35.91,F,,Heavy,Y,N,1,1,0.981542,text_tfidf_sparse_logistic
28.88,2.407,38.918,35.91,MN,,Heavy,N,N,1,1,0.975997,text_tfidf_sparse_logistic
33.52,2.793,27.669,35.91,MN,,Normal,Y,N,0,0,0.050009,text_tfidf_sparse_logistic
26.24,2.187,12.701,12.569,MN,Normal,Normal,N,N,0,0,0.019201,text_tfidf_sparse_logistic
24.02,2.002,13.789,12.569,M,Normal,Normal,N,N,0,0,0.010331,text_tfidf_sparse_logistic
14.96,1.247,41.776,35.91,FS,,Heavy,N,N,1,1,0.978248,text_tfidf_sparse_logistic
32.63,2.719,28.622,35.91,M,Thin,Thin,N,Y,1,1,0.955493,text_tfidf_sparse_logistic
3.67,0.306,9.616,35.91,FS,,Normal,N,N,0,0,0.065003,text_tfidf_sparse_logistic
11.71,0.976,39.327,35.91,M,,Heavy,Y,Y,1,1,0.928841,text_tfidf_sparse_logistic
32.23,2.686,38.102,35.91,M,,Normal,Y,N,0,0,0.107295,text_tfidf_sparse_logistic
24.91,2.076,30.164,35.91,FS,,Heavy,Y,Y,1,1,0.970675,text_tfidf_sparse_logistic
10.31,0.859,32.931,35.91,FS,,Normal,Y,Y,0,0,0.037161,text_tfidf_sparse_logistic
17.38,1.448,25.356,35.91,FS,,Normal,Y,Y,0,0,0.058811,text_tfidf_sparse_logistic
26.08,2.173,24.04,35.91,F,,Normal,N,N,0,0,0.079284,text_tfidf_sparse_logistic
27.07,2.256,33.294,35.91,FS,Normal,Normal,Y,N,0,0,0.059649,text_tfidf_sparse_logistic
33.82,2.818,42.819,35.91,M,,Heavy,N,N,1,1,0.981671,text_tfidf_sparse_logistic
24.02,2.002,48.625,35.91,M,Thin,Thin,N,N,1,1,0.988319,text_tfidf_sparse_logistic
29.05,2.421,9.752,12.569,MN,Normal,Normal,Y,N,0,0,0.011108,text_tfidf_sparse_logistic
19.64,1.637,45.359,35.91,M,,Heavy,N,N,1,1,0.956053,text_tfidf_sparse_logistic
28.92,2.41,42.048,35.91,FS,,Heavy,N,N,1,1,0.98708,text_tfidf_sparse_logistic
34.61,2.884,11.793,12.569,MN,Normal,Normal,N,Y,0,0,0.014963,text_tfidf_sparse_logistic
24.11,2.009,28.667,35.91,MN,,Thin,Y,N,1,1,0.972332,text_tfidf_sparse_logistic
19.78,1.648,23.36,35.91,FS,,Thin,Y,N,1,1,0.958139,text_tfidf_sparse_logistic
35.42,2.952,31.116,35.91,FS,Normal,Normal,Y,N,0,0,0.047145,text_tfidf_sparse_logistic
25.75,2.146,33.566,35.91,M,,Normal,N,N,0,0,0.087223,text_tfidf_sparse_logistic
24.02,2.002,10.614,12.569,F,Normal,Normal,Y,N,0,0,0.025158,text_tfidf_sparse_logistic
27.3,2.275,14.334,12.569,MN,Normal,Normal,N,N,0,0,0.003257,text_tfidf_sparse_logistic
10.46,0.872,44.452,35.91,MN,,Heavy,Y,N,1,1,0.954605,text_tfidf_sparse_logistic
24.02,2.002,13.018,12.569,M,Normal,Normal,Y,N,0,0,0.010158,text_tfidf_sparse_logistic
31.13,2.594,27.896,35.91,M,,Normal,Y,N,0,0,0.051217,text_tfidf_sparse_logistic
30.4,2.533,65.317,35.91,MN,,Heavy,N,N,1,1,0.994328,text_tfidf_sparse_logistic
25.43,2.119,49.442,35.91,MN,,Heavy,N,N,1,1,0.963448,text_tfidf_sparse_logistic
13.69,1.141,45.631,35.91,MN,,Heavy,Y,N,1,1,0.97429,text_tfidf_sparse_logistic
24.67,2.056,39.417,35.91,M,Thin,Thin,Y,N,1,1,0.985945,text_tfidf_sparse_logistic
23.92,1.993,31.797,35.91,FS,,Heavy,N,N,1,1,0.973135,text_tfidf_sparse_logistic
24.77,2.064,40.869,35.91,M,Thin,Thin,Y,N,1,1,0.985932,text_tfidf_sparse_logistic
3.05,0.254,5.897,35.91,F,,Thin,N,N,1,1,0.933311,text_tfidf_sparse_logistic
24.02,2.002,14.901,12.569,MN,Normal,Normal,Y,N,0,0,0.0192,text_tfidf_sparse_logistic
24.01,2.001,28.123,35.91,FS,,Thin,N,N,1,1,0.937528,text_tfidf_sparse_logistic
29.38,2.448,9.979,12.569,FS,Normal,Normal,Y,N,0,0,0.017031,text_tfidf_sparse_logistic
31.12,2.593,38.102,35.91,FS,,Heavy,Y,N,1,1,0.942317,text_tfidf_sparse_logistic
34.82,2.902,11.34,12.569,FS,Normal,Normal,N,N,0,0,0.010417,text_tfidf_sparse_logistic
30.85,2.571,24.131,35.91,F,Thin,Thin,Y,N,1,1,0.967329,text_tfidf_sparse_logistic
5.9,0.492,24.358,35.91,MN,,Heavy,N,N,1,1,0.928556,text_tfidf_sparse_logistic
34.79,2.899,39.916,35.91,FS,,Heavy,N,N,1,1,0.961435,text_tfidf_sparse_logistic
28.7,2.392,39.372,35.91,M,,Normal,N,N,0,0,0.032985,text_tfidf_sparse_logistic
24.88,2.073,45.087,35.91,MN,,Heavy,Y,N,1,1,0.98859,text_tfidf_sparse_logistic
16.82,1.402,36.106,35.91,FS,,Normal,Y,Y,0,0,0.109169,text_tfidf_sparse_logistic
29.9,2.492,19.504,35.91,F,Thin,Thin,Y,N,1,1,0.959555,text_tfidf_sparse_logistic
31.02,2.585,38.828,35.91,FS,Normal,Normal,Y,Y,0,0,0.03843,text_tfidf_sparse_logistic
15.29,1.274,26.49,35.91,M,,Normal,Y,N,0,0,0.067904,text_tfidf_sparse_logistic
17.66,1.472,47.038,35.91,M,,Normal,N,N,0,0,0.127097,text_tfidf_sparse_logistic
27.43,2.286,12.02,12.569,M,Normal,Normal,Y,N,0,0,0.008854,text_tfidf_sparse_logistic
26.87,2.239,39.236,35.91,M,Thin,Thin,N,N,1,1,0.982454,text_tfidf_sparse_logistic
10.86,0.905,33.838,35.91,FS,,Normal,Y,Y,0,0,0.040603,text_tfidf_sparse_logistic
16.26,1.355,40.415,35.91,F,,Heavy,N,N,1,1,0.974367,text_tfidf_sparse_logistic
30.49,2.541,37.376,35.91,FS,Heavy,Heavy,Y,N,1,1,0.958883,text_tfidf_sparse_logistic
24.94,2.078,37.013,35.91,MN,,Heavy,N,N,1,1,0.978807,text_tfidf_sparse_logistic
28.76,2.397,9.752,12.569,F,Normal,Normal,Y,N,0,0,0.012311,text_tfidf_sparse_logistic
27.23,2.269,8.437,12.569,F,Normal,Normal,Y,N,0,0,0.011089,text_tfidf_sparse_logistic
5.17,0.431,18.824,35.91,FS,,Normal,N,N,0,0,0.045143,text_tfidf_sparse_logistic
15.73,1.311,50.303,35.91,MN,,Heavy,Y,N,1,1,0.974966,text_tfidf_sparse_logistic
15.01,1.251,50.303,35.91,MN,,Heavy,Y,N,1,1,0.977585,text_tfidf_sparse_logistic
6.59,0.549,21.319,35.91,MN,,Thin,N,N,1,1,0.917865,text_tfidf_sparse_logistic
29.5,2.458,42.728,35.91,MN,,Normal,N,N,0,0,0.089335,text_tfidf_sparse_logistic
33.48,2.79,11.703,12.569,FS,Normal,Normal,Y,N,0,0,0.004253,text_tfidf_sparse_logistic
32.24,2.687,13.653,12.569,MN,Normal,Normal,N,N,0,0,0.00607,text_tfidf_sparse_logistic
3.24,0.27,10.886,35.91,M,,Normal,Y,N,0,0,0.048187,text_tfidf_sparse_logistic
14.7,1.225,23.95,35.91,F,,Normal,N,N,0,0,0.067921,text_tfidf_sparse_logistic
35.56,2.963,32.114,35.91,FS,,Heavy,Y,N,1,1,0.98031,text_tfidf_sparse_logistic
9.05,0.754,29.937,35.91,MN,,Heavy,Y,N,1,1,0.916752,text_tfidf_sparse_logistic
17.04,1.42,53.524,35.91,MN,,Heavy,Y,N,1,1,0.979824,text_tfidf_sparse_logistic
25.0,2.083,42.003,35.91,M,,Normal,N,N,0,0,0.080394,text_tfidf_sparse_logistic
4.04,0.337,21.137,35.91,M,,Normal,N,N,0,0,0.030783,text_tfidf_sparse_logistic
34.48,2.873,36.287,35.91,FS,,Heavy,N,N,1,1,0.956822,text_tfidf_sparse_logistic
20.14,1.678,29.62,35.91,FS,,Heavy,N,N,1,1,0.963514,text_tfidf_sparse_logistic
22.79,1.899,33.566,35.91,F,,Normal,Y,N,0,0,0.13184,text_tfidf_sparse_logistic
2.4,0.2,2.722,12.569,M,,Normal,Y,N,0,0,0.01805,text_tfidf_sparse_logistic
24.01,2.001,14.515,12.569,MN,Normal,Normal,Y,N,0,0,0.0405,text_tfidf_sparse_logistic
7.66,0.638,42.003,35.91,M,,Normal,Y,Y,0,0,0.07539,text_tfidf_sparse_logistic
24.24,2.02,11.793,12.569,M,Normal,Normal,Y,N,0,0,0.016564,text_tfidf_sparse_logistic
24.08,2.007,16.284,35.91,MN,,Thin,N,N,1,1,0.947125,text_tfidf_sparse_logistic
3.29,0.274,6.94,35.91,MN,,Normal,Y,N,0,0,0.050566,text_tfidf_sparse_logistic
27.01,2.251,39.236,35.91,M,Thin,Thin,N,N,1,1,0.984634,text_tfidf_sparse_logistic
11.72,0.977,41.277,35.91,FS,,Heavy,Y,N,1,1,0.933058,text_tfidf_sparse_logistic
27.62,2.302,42.184,35.91,MN,,Heavy,N,N,1,1,0.98587,text_tfidf_sparse_logistic
4.44,0.37,17.237,35.91,MN,,Normal,N,N,0,0,0.033263,text_tfidf_sparse_logistic
28.66,2.388,9.707,12.569,F,Normal,Normal,Y,Y,0,0,0.008522,text_tfidf_sparse_logistic
3.6,0.3,19.958,35.91,MN,,Heavy,Y,Y,1,1,0.895153,text_tfidf_sparse_logistic
27.9,2.325,8.8,12.569,FS,,Normal,N,N,0,0,0.004591,text_tfidf_sparse_logistic
9.79,0.816,34.836,35.91,F,,Normal,N,N,0,0,0.070485,text_tfidf_sparse_logistic
2.22,0.185,3.901,12.569,F,,Normal,Y,N,0,0,0.02538,text_tfidf_sparse_logistic
5.1,0.425,22.453,35.91,MN,,Normal,N,N,0,0,0.029074,text_tfidf_sparse_logistic
23.48,1.957,36.741,35.91,FS,,Heavy,N,N,1,1,0.950448,text_tfidf_sparse_logistic
25.73,2.144,53.479,35.91,FS,Heavy,Heavy,Y,Y,1,1,0.958239,text_tfidf_sparse_logistic
32.21,2.684,43.545,35.91,FS,,Heavy,N,N,1,1,0.968586,text_tfidf_sparse_logistic
6.32,0.527,14.424,35.91,MN,,Normal,N,N,0,0,0.057044,text_tfidf_sparse_logistic
29.38,2.448,30.436,35.91,F,Thin,Thin,Y,Y,1,1,0.958838,text_tfidf_sparse_logistic
29.77,2.481,39.735,35.91,M,Thin,Thin,N,N,1,1,0.956296,text_tfidf_sparse_logistic
18.46,1.538,5.811,35.91,MN,,Heavy,N,N,1,1,0.962901,text_tfidf_sparse_logistic
2.62,0.218,7.031,35.91,FS,,Thin,Y,N,1,1,0.953655,text_tfidf_sparse_logistic
10.19,0.849,30.073,35.91,MN,,Normal,N,N,0,0,0.043351,text_tfidf_sparse_logistic
30.47,2.539,36.287,35.91,FS,Normal,Normal,Y,N,0,0,0.101812,text_tfidf_sparse_logistic
9.1,0.758,30.844,35.91,MN,,Normal,Y,Y,0,0,0.066414,text_tfidf_sparse_logistic
9.91,0.826,37.875,35.91,MN,,Heavy,Y,N,1,1,0.967429,text_tfidf_sparse_logistic
4.21,0.351,14.787,35.91,MN,,Normal,Y,N,0,0,0.034359,text_tfidf_sparse_logistic
24.24,2.02,46.266,35.91,F,,Heavy,Y,N,1,1,0.968789,text_tfidf_sparse_logistic
35.82,2.985,32.205,35.91,FS,,Normal,N,Y,0,0,0.099088,text_tfidf_sparse_logistic
33.55,2.796,9.435,12.569,FS,Normal,Normal,Y,N,0,0,0.015377,text_tfidf_sparse_logistic
31.91,2.659,25.129,35.91,FS,,Normal,N,N,0,0,0.0484,text_tfidf_sparse_logistic
33.95,2.829,54.431,35.91,MN,,Heavy,N,N,1,1,0.970433,text_tfidf_sparse_logistic
9.17,0.764,31.026,35.91,F,,Normal,Y,N,0,0,0.068662,text_tfidf_sparse_logistic
22.96,1.913,33.566,35.91,FS,,Heavy,Y,N,1,1,0.936316,text_tfidf_sparse_logistic
29.44,2.453,44.452,35.91,MN,,Heavy,Y,N,1,1,0.989021,text_tfidf_sparse_logistic
33.29,2.774,11.884,12.569,F,Normal,Normal,N,N,0,0,0.007534,text_tfidf_sparse_logistic
25.86,2.155,14.061,12.569,MN,Normal,Normal,Y,N,0,0,0.019037,text_tfidf_sparse_logistic
28.0,2.333,9.299,12.569,FS,Normal,Normal,Y,Y,0,0,0.003232,text_tfidf_sparse_logistic
24.06,2.005,12.701,12.569,M,Normal,Normal,Y,N,0,0,0.020275,text_tfidf_sparse_logistic
33.58,2.798,34.972,35.91,F,,Heavy,N,N,1,1,0.975734,text_tfidf_sparse_logistic
14.26,1.188,43.046,35.91,M,,Thin,Y,N,1,1,0.974303,text_tfidf_sparse_logistic
24.9,2.075,50.258,35.91,MN,Heavy,Heavy,Y,N,1,1,0.982814,text_tfidf_sparse_logistic
24.01,2.001,12.338,12.569,F,Normal,Normal,Y,N,0,0,0.02026,text_tfidf_sparse_logistic
4.36,0.363,19.822,35.91,MN,,Heavy,Y,N,1,1,0.921866,text_tfidf_sparse_logistic
33.52,2.793,37.966,35.91,FS,Normal,Normal,Y,Y,0,0,0.048232,text_tfidf_sparse_logistic
4.91,0.409,20.638,35.91,MN,,Normal,Y,Y,0,0,0.047919,text_tfidf_sparse_logistic
14.11,1.176,31.842,35.91,F,,Normal,Y,Y,0,0,0.043956,text_tfidf_sparse_logistic
27.23,2.269,47.446,35.91,MN,Heavy,Heavy,Y,N,1,1,0.97584,text_tfidf_sparse_logistic
31.19,2.599,52.163,35.91,F,,Heavy,Y,N,1,1,0.962267,text_tfidf_sparse_logistic
19.98,1.665,23.995,35.91,MN,,Thin,N,N,1,1,0.958602,text_tfidf_sparse_logistic
24.02,2.002,10.523,12.569,F,Normal,Normal,Y,N,0,0,0.023579,text_tfidf_sparse_logistic
30.89,2.574,28.213,35.91,F,,Thin,N,N,1,1,0.968154,text_tfidf_sparse_logistic
31.74,2.645,12.066,12.569,F,Normal,Normal,N,N,0,0,0.021869,text_tfidf_sparse_logistic
32.52,2.71,37.83,35.91,MN,,Normal,Y,N,0,0,0.06591,text_tfidf_sparse_logistic
34.9,2.908,30.754,35.91,M,Thin,Thin,Y,N,1,1,0.986299,text_tfidf_sparse_logistic
25.2,2.1,46.72,35.91,FS,Heavy,Heavy,Y,N,1,1,0.964847,text_tfidf_sparse_logistic
27.01,2.251,39.962,35.91,MN,,Heavy,Y,N,1,1,0.982304,text_tfidf_sparse_logistic
4.04,0.337,15.059,35.91,F,,Normal,Y,Y,0,0,0.028871,text_tfidf_sparse_logistic
2.98,0.248,5.262,12.569,MN,,Normal,Y,N,0,0,0.021169,text_tfidf_sparse_logistic
18.06,1.505,32.749,35.91,M,,Heavy,Y,N,1,1,0.969496,text_tfidf_sparse_logistic
25.52,2.127,45.586,35.91,MN,,Heavy,Y,N,1,1,0.98704,text_tfidf_sparse_logistic
30.59,2.549,12.292,12.569,MN,Normal,Normal,Y,N,0,0,0.004962,text_tfidf_sparse_logistic
7.21,0.601,38.782,35.91,MN,,Heavy,N,N,1,1,0.945351,text_tfidf_sparse_logistic
2.69,0.224,6.26,35.91,F,,Normal,Y,Y,0,0,0.049559,text_tfidf_sparse_logistic
34.7,2.892,39.689,35.91,FS,,Heavy,Y,N,1,1,0.98857,text_tfidf_sparse_logistic
25.88,2.157,33.521,35.91,MN,,Heavy,Y,N,1,1,0.941945,text_tfidf_sparse_logistic
30.23,2.519,39.916,35.91,MN,,Heavy,N,N,1,1,0.955785,text_tfidf_sparse_logistic
19.7,1.642,23.496,35.91,MN,,Thin,N,N,1,1,0.965424,text_tfidf_sparse_logistic
3.62,0.302,8.618,35.91,F,,Normal,N,N,0,0,0.048108,text_tfidf_sparse_logistic
32.04,2.67,12.066,12.569,M,Normal,Normal,Y,N,0,0,0.02832,text_tfidf_sparse_logistic
20.23,1.686,9.435,12.569,MN,,Normal,N,N,0,0,0.032693,text_tfidf_sparse_logistic
13.08,1.09,26.943,35.91,F,,Normal,Y,Y,0,0,0.041628,text_tfidf_sparse_logistic
24.9,2.075,47.627,35.91,MN,,Normal,Y,Y,0,0,0.13978,text_tfidf_sparse_logistic
1.6,0.133,4.763,35.91,FS,,Heavy,Y,N,1,1,0.95109,text_tfidf_sparse_logistic
24.02,2.002,32.205,35.91,M,Thin,Thin,Y,Y,1,1,0.93386,text_tfidf_sparse_logistic
12.02,1.002,26.036,35.91,FS,,Heavy,Y,N,1,1,0.962941,text_tfidf_sparse_logistic
19.91,1.659,37.013,35.91,MN,,Heavy,Y,N,1,1,0.981939,text_tfidf_sparse_logistic
28.52,2.377,11.748,12.569,FS,Normal,Normal,Y,N,0,0,0.003876,text_tfidf_sparse_logistic
25.9,2.158,38.964,35.91,MN,,Heavy,Y,N,1,1,0.986266,text_tfidf_sparse_logistic
34.1,2.842,10.16,12.569,FS,Normal,Normal,Y,N,0,0,0.012076,text_tfidf_sparse_logistic
1.56,0.13,1.678,35.91,F,,Thin,Y,N,1,1,0.940156,text_tfidf_sparse_logistic
27.96,2.33,10.886,12.569,F,Normal,Normal,N,N,0,0,0.018721,text_tfidf_sparse_logistic
3.35,0.279,14.515,35.91,F,,Normal,Y,N,0,0,0.054268,text_tfidf_sparse_logistic
22.31,1.859,29.121,35.91,FS,,Heavy,N,N,1,1,0.964703,text_tfidf_sparse_logistic
30.04,2.503,12.701,12.569,MN,Normal,Normal,Y,Y,0,0,0.02146,text_tfidf_sparse_logistic
25.26,2.105,18.439,35.91,F,Thin,Thin,Y,Y,1,1,0.953522,text_tfidf_sparse_logistic
27.22,2.268,42.456,35.91,M,,Heavy,N,N,1,1,0.985122,text_tfidf_sparse_logistic
4.85,0.404,12.61,35.91,M,,Normal,Y,Y,0,0,0.035063,text_tfidf_sparse_logistic
30.04,2.503,10.433,12.569,FS,Normal,Normal,N,N,0,0,0.020817,text_tfidf_sparse_logistic
33.38,2.782,9.888,12.569,FS,Normal,Normal,Y,N,0,0,0.018337,text_tfidf_sparse_logistic
17.66,1.472,45.722,35.91,MN,,Heavy,Y,N,1,1,0.981012,text_tfidf_sparse_logistic
16.75,1.396,36.469,35.91,FS,,Heavy,N,N,1,1,0.974398,text_tfidf_sparse_logistic
9.24,0.77,15.83,35.91,FS,,Normal,N,N,0,0,0.089252,text_tfidf_sparse_logistic
13.07,1.089,34.156,35.91,FS,,Heavy,N,Y,1,1,0.947204,text_tfidf_sparse_logistic
29.77,2.481,36.741,35.91,FS,,Heavy,Y,Y,1,1,0.934802,text_tfidf_sparse_logistic
28.49,2.374,37.376,35.91,FS,Normal,Normal,N,N,0,0,0.066003,text_tfidf_sparse_logistic
6.62,0.552,28.712,35.91,MN,,Normal,N,N,0,0,0.035855,text_tfidf_sparse_logistic
31.91,2.659,37.285,35.91,MN,,Heavy,N,N,1,1,0.983544,text_tfidf_sparse_logistic
29.18,2.432,33.203,35.91,M,Thin,Thin,Y,N,1,1,0.98507,text_tfidf_sparse_logistic
29.51,2.459,37.553,35.91,M,Thin,Thin,Y,N,1,1,0.967494,text_tfidf_sparse_logistic
24.71,2.059,37.875,35.91,FS,,Heavy,N,N,1,1,0.983156,text_tfidf_sparse_logistic
7.91,0.659,31.207,35.91,FS,,Normal,Y,Y,0,0,0.042413,text_tfidf_sparse_logistic
16.12,1.343,32.659,35.91,MN,,Heavy,Y,N,1,1,0.92741,text_tfidf_sparse_logistic
32.82,2.735,46.221,35.91,FS,,Heavy,N,N,1,1,0.987278,text_tfidf_sparse_logistic
24.18,2.015,23.496,35.91,F,,Heavy,N,Y,1,1,0.932938,text_tfidf_sparse_logistic
5.82,0.485,19.595,35.91,FS,,Normal,N,Y,0,0,0.034328,text_tfidf_sparse_logistic
28.2,2.35,39.009,35.91,FS,,Normal,N,N,0,0,0.104583,text_tfidf_sparse_logistic
22.97,1.914,31.842,35.91,FS,,Heavy,Y,N,1,1,0.973096,text_tfidf_sparse_logistic
27.11,2.259,42.728,35.91,MN,Heavy,Heavy,N,N,1,1,0.974666,text_tfidf_sparse_logistic
24.02,2.002,13.472,12.569,M,Normal,Normal,Y,N,0,0,0.010158,text_tfidf_sparse_logistic
24.41,2.034,10.705,12.569,MN,Normal,Normal,Y,N,0,0,0.01845,text_tfidf_sparse_logistic
24.02,2.002,26.717,35.91,M,Thin,Thin,N,N,1,1,0.96359,text_tfidf_sparse_logistic
33.85,2.821,11.612,12.569,FS,Normal,Normal,N,N,0,0,0.017506,text_tfidf_sparse_logistic
24.02,2.002,12.973,12.569,MN,Normal,Normal,N,N,0,0,0.017633,text_tfidf_sparse_logistic
29.74,2.478,37.421,35.91,FS,Heavy,Heavy,Y,N,1,1,0.96298,text_tfidf_sparse_logistic
26.32,2.193,13.789,35.91,FS,Thin,Thin,Y,N,1,1,0.958431,text_tfidf_sparse_logistic
3.53,0.294,8.981,35.91,MN,,Thin,N,Y,1,1,0.902476,text_tfidf_sparse_logistic
32.21,2.684,31.479,35.91,FS,Normal,Normal,N,N,0,0,0.04858,text_tfidf_sparse_logistic
18.19,1.516,40.098,35.91,MN,,Heavy,Y,N,1,1,0.975708,text_tfidf_sparse_logistic
30.04,2.503,10.705,12.569,FS,Normal,Normal,Y,Y,0,0,0.018961,text_tfidf_sparse_logistic
1.6,0.133,1.86,35.91,F,,Thin,Y,N,1,1,0.943836,text_tfidf_sparse_logistic
25.07,2.089,41.322,35.91,M,Thin,Thin,Y,Y,1,1,0.981206,text_tfidf_sparse_logistic
15.58,1.298,36.696,35.91,MN,,Thin,N,N,1,1,0.97422,text_tfidf_sparse_logistic
28.07,2.339,10.796,12.569,FS,Normal,Normal,Y,N,0,0,0.014526,text_tfidf_sparse_logistic
17.24,1.437,47.264,35.91,MN,,Heavy,Y,Y,1,1,0.962605,text_tfidf_sparse_logistic
29.47,2.456,34.11,35.91,FS,,Normal,Y,N,0,0,0.069779,text_tfidf_sparse_logistic
19.61,1.634,58.513,35.91,MN,,Heavy,Y,Y,1,1,0.965804,text_tfidf_sparse_logistic
35.1,2.925,55.792,35.91,MN,,Heavy,N,N,1,1,0.98815,text_tfidf_sparse_logistic
20.95,1.746,42.139,35.91,FS,,Heavy,N,N,1,1,0.980554,text_tfidf_sparse_logistic
34.64,2.887,38.828,35.91,FS,,Heavy,N,N,1,1,0.979581,text_tfidf_sparse_logistic
31.64,2.637,32.205,35.91,FS,Normal,Normal,N,N,0,0,0.101825,text_tfidf_sparse_logistic
28.43,2.369,25.855,35.91,MN,Thin,Thin,Y,N,1,1,0.964524,text_tfidf_sparse_logistic
32.2,2.683,32.568,35.91,FS,,Heavy,Y,N,1,1,0.985048,text_tfidf_sparse_logistic
29.15,2.429,48.988,35.91,MN,,Heavy,Y,N,1,1,0.988564,text_tfidf_sparse_logistic
30.95,2.579,11.929,12.569,MN,Normal,Normal,Y,N,0,0,0.00905,text_tfidf_sparse_logistic
29.89,2.491,11.703,12.569,FS,Normal,Normal,Y,N,0,0,0.004944,text_tfidf_sparse_logistic
31.75,2.646,12.837,12.569,M,Normal,Normal,Y,Y,0,0,0.01182,text_tfidf_sparse_logistic
30.04,2.503,9.299,12.569,FS,Normal,Normal,N,N,0,0,0.005522,text_tfidf_sparse_logistic
11.66,0.972,40.188,35.91,MN,,Thin,N,N,1,1,0.95949,text_tfidf_sparse_logistic
34.27,2.856,57.606,35.91,MN,,Heavy,Y,N,1,1,0.990329,text_tfidf_sparse_logistic
28.16,2.347,43.091,35.91,FS,,Heavy,N,N,1,1,0.956648,text_tfidf_sparse_logistic
28.36,2.363,14.606,12.569,MN,Normal,Normal,Y,N,0,0,0.013492,text_tfidf_sparse_logistic
32.68,2.723,12.428,12.569,M,Normal,Normal,N,N,0,0,0.019116,text_tfidf_sparse_logistic
24.71,2.059,38.828,35.91,MN,,Thin,Y,N,1,1,0.982098,text_tfidf_sparse_logistic
27.73,2.311,33.067,35.91,FS,,Heavy,Y,N,1,1,0.979701,text_tfidf_sparse_logistic
30.26,2.522,10.705,12.569,FS,Normal,Normal,Y,N,0,0,0.015504,text_tfidf_sparse_logistic
29.04,2.42,11.113,12.569,MN,Normal,Normal,Y,N,0,0,0.008279,text_tfidf_sparse_logistic
34.84,2.903,13.29,12.569,M,Normal,Normal,N,N,0,0,0.010533,text_tfidf_sparse_logistic
22.93,1.911,41.594,35.91,MN,,Heavy,Y,N,1,1,0.978286,text_tfidf_sparse_logistic
15.86,1.322,39.689,35.91,FS,,Heavy,Y,N,1,1,0.980901,text_tfidf_sparse_logistic
14.77,1.231,42.184,35.91,MN,,Heavy,Y,N,1,1,0.975443,text_tfidf_sparse_logistic
3.17,0.264,6.169,35.91,MN,,Thin,N,N,1,1,0.937225,text_tfidf_sparse_logistic
3.34,0.278,10.523,35.91,M,,Normal,Y,Y,0,0,0.035213,text_tfidf_sparse_logistic
20.81,1.734,38.102,35.91,M,,Normal,N,N,0,0,0.143654,text_tfidf_sparse_logistic
15.78,1.315,35.834,35.91,M,,Normal,Y,Y,0,0,0.075219,text_tfidf_sparse_logistic
31.09,2.591,43.545,35.91,MN,Heavy,Heavy,N,N,1,1,0.951021,text_tfidf_sparse_logistic
27.6,2.3,8.074,12.569,FS,Normal,Normal,N,N,0,0,0.004422,text_tfidf_sparse_logistic
18.56,1.547,52.98,35.91,MN,,Heavy,Y,N,1,1,0.973722,text_tfidf_sparse_logistic
30.2,2.517,11.294,12.569,F,Normal,Normal,Y,N,0,0,0.008118,text_tfidf_sparse_logistic
12.02,1.002,30.436,35.91,M,,Thin,Y,Y,1,1,0.946022,text_tfidf_sparse_logistic
25.2,2.1,11.521,12.569,M,Normal,Normal,N,N,0,0,0.016734,text_tfidf_sparse_logistic
25.54,2.128,25.174,35.91,F,Thin,Thin,Y,N,1,1,0.954643,text_tfidf_sparse_logistic
4.39,0.366,19.006,35.91,F,,Normal,Y,Y,0,0,0.027869,text_tfidf_sparse_logistic
8.5,0.708,29.484,35.91,FS,,Heavy,N,N,1,1,0.907176,text_tfidf_sparse_logistic
35.76,2.98,11.294,12.569,MN,Normal,Normal,N,N,0,0,0.011216,text_tfidf_sparse_logistic
35.95,2.996,31.389,35.91,F,Thin,Thin,Y,N,1,1,0.975796,text_tfidf_sparse_logistic
34.25,2.854,39.009,35.91,MN,,Heavy,Y,N,1,1,0.943406,text_tfidf_sparse_logistic
26.12,2.177,49.578,35.91,M,Thin,Thin,Y,N,1,1,0.988174,text_tfidf_sparse_logistic
4.74,0.395,19.232,35.91,MN,,Normal,N,N,0,0,0.032239,text_tfidf_sparse_logistic
35.98,2.998,38.555,35.91,FS,,Heavy,Y,N,1,1,0.961207,text_tfidf_sparse_logistic
35.39,2.949,13.517,12.569,MN,Normal,Normal,Y,N,0,0,0.006211,text_tfidf_sparse_logistic
17.75,1.479,43.999,35.91,F,,Heavy,Y,N,1,1,0.952071,text_tfidf_sparse_logistic
33.47,2.789,25.129,35.91,MN,,Normal,Y,N,0,0,0.048105,text_tfidf_sparse_logistic
21.68,1.807,9.934,12.569,FS,,Normal,N,N,0,0,0.019282,text_tfidf_sparse_logistic
27.86,2.322,10.433,12.569,FS,Normal,Normal,Y,N,0,0,0.018314,text_tfidf_sparse_logistic
4.76,0.397,16.329,35.91,F,,Normal,Y,N,0,0,0.039409,text_tfidf_sparse_logistic
25.3,2.108,10.342,12.569,MN,Normal,Normal,Y,N,0,0,0.014443,text_tfidf_sparse_logistic
32.66,2.722,47.174,35.91,M,Thin,Thin,Y,Y,1,1,0.965419,text_tfidf_sparse_logistic
2.65,0.221,5.897,35.91,M,,Thin,N,N,1,1,0.941149,text_tfidf_sparse_logistic
27.48,2.29,11.249,12.569,F,Normal,Normal,Y,Y,0,0,0.019438,text_tfidf_sparse_logistic
33.49,2.791,11.34,12.569,FS,Normal,Normal,Y,Y,0,0,0.010639,text_tfidf_sparse_logistic
33.16,2.763,10.705,12.569,FS,Normal,Normal,N,N,0,0,0.016393,text_tfidf_sparse_logistic
26.45,2.204,41.277,35.91,FS,,Heavy,N,N,1,1,0.947234,text_tfidf_sparse_logistic
29.52,2.46,54.613,35.91,MN,,Heavy,Y,N,1,1,0.986205,text_tfidf_sparse_logistic
25.56,2.13,34.292,35.91,FS,Normal,Normal,Y,N,0,0,0.043081,text_tfidf_sparse_logistic
24.02,2.002,46.72,35.91,MN,,Heavy,Y,Y,1,1,0.952849,text_tfidf_sparse_logistic
7.52,0.627,23.587,35.91,M,,Normal,N,N,0,0,0.044455,text_tfidf_sparse_logistic
35.3,2.942,28.259,35.91,FS,,Normal,Y,N,0,0,0.039258,text_tfidf_sparse_logistic
33.58,2.798,13.381,12.569,MN,Normal,Normal,N,Y,0,0,0.007968,text_tfidf_sparse_logistic
27.2,2.267,37.648,35.91,M,Thin,Thin,Y,N,1,1,0.969305,text_tfidf_sparse_logistic
6.04,0.503,33.112,35.91,M,,Normal,N,N,0,0,0.069147,text_tfidf_sparse_logistic
25.87,2.156,13.608,12.569,MN,Normal,Normal,N,Y,0,0,0.014963,text_tfidf_sparse_logistic
22.46,1.872,50.349,35.91,MN,,Normal,Y,N,0,0,0.117198,text_tfidf_sparse_logistic
24.58,2.048,44.996,35.91,M,,Heavy,N,N,1,1,0.980215,text_tfidf_sparse_logistic
22.72,1.893,20.729,35.91,FS,,Normal,Y,N,0,0,0.07825,text_tfidf_sparse_logistic
12.02,1.002,29.846,35.91,M,,Thin,Y,N,1,1,0.958241,text_tfidf_sparse_logistic
32.95,2.746,55.157,35.91,MN,,Normal,N,N,0,0,0.123698,text_tfidf_sparse_logistic
34.18,2.848,8.89,12.569,FS,Normal,Normal,N,N,0,0,0.011421,text_tfidf_sparse_logistic
33.65,2.804,51.936,35.91,MN,,Heavy,N,Y,1,1,0.956375,text_tfidf_sparse_logistic
33.4,2.783,38.555,35.91,FS,,Heavy,Y,N,1,1,0.962502,text_tfidf_sparse_logistic
32.6,2.717,9.163,12.569,FS,Normal,Normal,N,N,0,0,0.010839,text_tfidf_sparse_logistic
3.3,0.275,7.62,35.91,MN,,Thin,Y,N,1,1,0.939009,text_tfidf_sparse_logistic
30.96,2.58,36.968,35.91,FS,,Heavy,N,N,1,1,0.978764,text_tfidf_sparse_logistic
20.86,1.738,42.638,35.91,FS,,Heavy,Y,N,1,1,0.967489,text_tfidf_sparse_logistic
30.72,2.56,39.009,35.91,FS,,Heavy,N,N,1,1,0.948198,text_tfidf_sparse_logistic
33.55,2.796,12.02,12.569,M,Normal,Normal,N,N,0,0,0.009123,text_tfidf_sparse_logistic
30.76,2.563,12.927,12.569,M,Normal,Normal,N,N,0,0,0.011694,text_tfidf_sparse_logistic
29.93,2.494,11.294,12.569,FS,Normal,Normal,N,N,0,0,0.009519,text_tfidf_sparse_logistic
30.47,2.539,28.849,35.91,M,Thin,Thin,Y,N,1,1,0.94443,text_tfidf_sparse_logistic
14.47,1.206,35.652,35.91,FS,,Heavy,Y,N,1,1,0.969709,text_tfidf_sparse_logistic
31.72,2.643,41.731,35.91,MN,,Heavy,Y,N,1,1,0.963322,text_tfidf_sparse_logistic
2.51,0.209,4.99,35.91,FS,,Thin,Y,N,1,1,0.941763,text_tfidf_sparse_logistic
27.2,2.267,12.247,12.569,MN,Normal,Normal,N,N,0,0,0.010659,text_tfidf_sparse_logistic
4.73,0.394,18.643,35.91,MN,,Normal,N,N,0,0,0.036075,text_tfidf_sparse_logistic
19.44,1.62,10.523,12.569,MN,,Normal,N,N,0,0,0.029304,text_tfidf_sparse_logistic
5.74,0.478,18.144,35.91,M,,Thin,Y,Y,1,1,0.854269,text_tfidf_sparse_logistic
31.09,2.591,9.934,12.569,FS,Normal,Normal,Y,N,0,0,0.005074,text_tfidf_sparse_logistic
24.02,2.002,38.555,35.91,M,,Thin,Y,N,1,1,0.949841,text_tfidf_sparse_logistic
2.32,0.193,6.804,35.91,M,,Normal,Y,Y,0,0,0.035381,text_tfidf_sparse_logistic
8.3,0.692,29.484,35.91,M,,Thin,N,N,1,1,0.898597,text_tfidf_sparse_logistic
7.32,0.61,16.964,35.91,F,,Normal,N,N,0,0,0.047463,text_tfidf_sparse_logistic
32.44,2.703,10.07,12.569,FS,Normal,Normal,Y,Y,0,0,0.014798,text_tfidf_sparse_logistic
5.21,0.434,16.647,35.91,M,,Normal,N,N,0,0,0.036157,text_tfidf_sparse_logistic
35.52,2.96,9.389,12.569,F,Normal,Normal,Y,Y,0,0,0.008871,text_tfidf_sparse_logistic
20.14,1.678,22.135,35.91,F,,Normal,N,N,0,0,0.087026,text_tfidf_sparse_logistic
24.01,2.001,15.876,12.569,M,Normal,Normal,Y,N,0,0,0.023508,text_tfidf_sparse_logistic
26.48,2.207,14.878,12.569,MN,Normal,Normal,Y,N,0,0,0.027685,text_tfidf_sparse_logistic
35.82,2.985,47.264,35.91,MN,,Heavy,Y,N,1,1,0.987607,text_tfidf_sparse_logistic
25.66,2.138,41.731,35.91,MN,Heavy,Heavy,Y,N,1,1,0.954847,text_tfidf_sparse_logistic
15.97,1.331,50.349,35.91,MN,,Normal,N,N,0,0,0.101637,text_tfidf_sparse_logistic
21.22,1.768,34.473,35.91,FS,,Heavy,N,N,1,1,0.941587,text_tfidf_sparse_logistic
30.29,2.524,40.46,35.91,F,,Normal,Y,Y,0,0,0.061567,text_tfidf_sparse_logistic
3.18,0.265,11.793,35.91,M,,Thin,N,N,1,1,0.88438,text_tfidf_sparse_logistic
1.7,0.142,3.901,35.91,M,,Normal,Y,Y,0,0,0.036827,text_tfidf_sparse_logistic
35.5,2.958,49.895,35.91,M,Thin,Thin,Y,Y,1,1,0.977003,text_tfidf_sparse_logistic
33.36,2.78,9.888,12.569,FS,Normal,Normal,Y,Y,0,0,0.018514,text_tfidf_sparse_logistic
25.14,2.095,50.802,35.91,F,,Heavy,Y,N,1,1,0.970014,text_tfidf_sparse_logistic
3.65,0.304,19.414,35.91,FS,,Normal,Y,Y,0,0,0.029277,text_tfidf_sparse_logistic
27.83,2.319,32.795,35.91,FS,Normal,Normal,Y,N,0,0,0.043061,text_tfidf_sparse_logistic
4.03,0.336,20.548,35.91,M,,Thin,Y,Y,1,1,0.882362,text_tfidf_sparse_logistic
21.76,1.813,39.463,35.91,FS,,Heavy,N,N,1,1,0.951834,text_tfidf_sparse_logistic
20.56,1.713,48.308,35.91,MN,,Heavy,N,N,1,1,0.981161,text_tfidf_sparse_logistic
34.9,2.908,48.943,35.91,MN,,Heavy,N,N,1,1,0.990387,text_tfidf_sparse_logistic
29.84,2.487,52.163,35.91,F,,Heavy,Y,Y,1,1,0.948736,text_tfidf_sparse_logistic
29.11,2.426,39.735,35.91,FS,,Heavy,N,N,1,1,0.945441,text_tfidf_sparse_logistic
28.2,2.35,13.789,12.569,MN,Normal,Normal,N,Y,0,0,0.003982,text_tfidf_sparse_logistic
26.64,2.22,10.115,12.569,FS,Normal,Normal,Y,N,0,0,0.004688,text_tfidf_sparse_logistic
26.18,2.182,49.895,35.91,MN,Heavy,Heavy,Y,N,1,1,0.967117,text_tfidf_sparse_logistic
24.02,2.002,24.358,35.91,F,,Heavy,Y,N,1,1,0.96772,text_tfidf_sparse_logistic
5.64,0.47,27.624,35.91,M,,Normal,Y,Y,0,0,0.031037,text_tfidf_sparse_logistic
3.88,0.323,10.07,35.91,M,,Normal,Y,Y,0,0,0.037064,text_tfidf_sparse_logistic
33.25,2.771,31.752,35.91,F,Thin,Thin,Y,N,1,1,0.948241,text_tfidf_sparse_logistic
35.46,2.955,10.07,12.569,FS,Normal,Normal,Y,Y,0,0,0.014402,text_tfidf_sparse_logistic
25.93,2.161,13.245,12.569,M,Normal,Normal,Y,N,0,0,0.02457,text_tfidf_sparse_logistic
26.38,2.198,14.424,12.569,M,Normal,Normal,N,N,0,0,0.012601,text_tfidf_sparse_logistic
24.54,2.045,33.112,35.91,FS,Normal,Normal,Y,N,0,0,0.068253,text_tfidf_sparse_logistic
35.06,2.922,41.232,35.91,MN,Heavy,Heavy,Y,N,1,1,0.963131,text_tfidf_sparse_logistic
12.02,1.002,38.555,35.91,F,,Normal,Y,Y,0,0,0.094764,text_tfidf_sparse_logistic
5.1,0.425,27.488,35.91,M,,Normal,Y,Y,0,0,0.023618,text_tfidf_sparse_logistic
29.74,2.478,11.431,12.569,MN,Normal,Normal,Y,N,0,0,0.019659,text_tfidf_sparse_logistic
27.3,2.275,24.721,35.91,MN,,Normal,Y,N,0,0,0.02983,text_tfidf_sparse_logistic
26.06,2.172,38.918,35.91,MN,,Heavy,N,N,1,1,0.976731,text_tfidf_sparse_logistic
4.09,0.341,13.29,35.91,FS,,Normal,Y,Y,0,0,0.02967,text_tfidf_sparse_logistic
24.72,2.06,19.641,35.91,F,,Normal,Y,N,0,0,0.05178,text_tfidf_sparse_logistic
5.27,0.439,18.053,35.91,FS,,Normal,N,Y,0,0,0.040492,text_tfidf_sparse_logistic
18.0,1.5,42.229,35.91,MN,,Heavy,Y,N,1,1,0.984757,text_tfidf_sparse_logistic
31.02,2.585,31.207,35.91,MN,,Normal,N,N,0,0,0.032462,text_tfidf_sparse_logistic
25.99,2.166,13.699,12.569,MN,Normal,Normal,Y,Y,0,0,0.018547,text_tfidf_sparse_logistic
3.26,0.272,7.756,35.91,M,,Normal,Y,Y,0,0,0.030875,text_tfidf_sparse_logistic
27.7,2.308,40.37,35.91,MN,,Heavy,Y,N,1,1,0.967103,text_tfidf_sparse_logistic
26.52,2.21,18.643,35.91,FS,Thin,Thin,Y,N,1,1,0.96061,text_tfidf_sparse_logistic
17.08,1.423,34.836,35.91,FS,,Heavy,Y,N,1,1,0.977812,text_tfidf_sparse_logistic
21.54,1.795,38.555,35.91,FS,,Heavy,Y,Y,1,1,0.942593,text_tfidf_sparse_logistic
24.41,2.034,33.339,35.91,F,,Heavy,N,N,1,1,0.977374,text_tfidf_sparse_logistic
33.52,2.793,41.186,35.91,M,Thin,Thin,Y,Y,1,1,0.964157,text_tfidf_sparse_logistic
17.96,1.497,47.99,35.91,MN,,Heavy,N,N,1,1,0.970932,text_tfidf_sparse_logistic
35.56,2.963,12.927,12.569,M,Normal,Normal,Y,Y,0,0,0.011714,text_tfidf_sparse_logistic
12.02,1.002,23.95,35.91,M,,Thin,Y,N,1,1,0.942495,text_tfidf_sparse_logistic
31.8,2.65,45.813,35.91,MN,,Heavy,Y,N,1,1,0.960208,text_tfidf_sparse_logistic
7.66,0.638,32.341,35.91,MN,,Normal,N,N,0,0,0.051783,text_tfidf_sparse_logistic
30.02,2.502,9.888,12.569,MN,Normal,Normal,Y,N,0,0,0.023386,text_tfidf_sparse_logistic
17.53,1.461,39.1,35.91,M,,Normal,Y,N,0,0,0.085101,text_tfidf_sparse_logistic
8.98,0.748,37.648,35.91,FS,,Normal,Y,Y,0,0,0.091301,text_tfidf_sparse_logistic
23.42,1.952,37.966,35.91,MN,,Heavy,N,N,1,1,0.973654,text_tfidf_sparse_logistic
25.04,2.087,21.772,35.91,F,,Thin,Y,N,1,1,0.970133,text_tfidf_sparse_logistic
29.64,2.47,38.555,35.91,M,Thin,Thin,Y,N,1,1,0.968831,text_tfidf_sparse_logistic
27.92,2.327,13.789,12.569,M,Normal,Normal,Y,Y,0,0,0.00757,text_tfidf_sparse_logistic
24.02,2.002,12.247,12.569,MN,Normal,Normal,N,N,0,0,0.016096,text_tfidf_sparse_logistic
35.72,2.977,13.971,12.569,M,Normal,Normal,Y,N,0,0,0.008333,text_tfidf_sparse_logistic
25.3,2.108,40.914,35.91,FS,,Heavy,Y,N,1,1,0.989228,text_tfidf_sparse_logistic
34.28,2.857,29.302,35.91,FS,,Normal,N,N,0,0,0.052486,text_tfidf_sparse_logistic
30.04,2.503,13.608,12.569,MN,Normal,Normal,N,N,0,0,0.019188,text_tfidf_sparse_logistic
10.55,0.879,31.116,35.91,FS,,Normal,N,N,0,0,0.056039,text_tfidf_sparse_logistic
6.34,0.528,20.412,35.91,M,,Thin,N,N,1,1,0.916032,text_tfidf_sparse_logistic
5.23,0.436,14.606,35.91,FS,,Normal,N,N,0,0,0.038223,text_tfidf_sparse_logistic
15.79,1.316,31.298,35.91,F,,Thin,Y,N,1,1,0.969682,text_tfidf_sparse_logistic
24.02,2.002,39.236,35.91,M,Thin,Thin,Y,N,1,1,0.983803,text_tfidf_sparse_logistic
24.08,2.007,32.931,35.91,FS,Normal,Normal,N,N,0,0,0.053279,text_tfidf_sparse_logistic
30.53,2.544,14.334,12.569,M,Normal,Normal,Y,N,0,0,0.007207,text_tfidf_sparse_logistic
26.76,2.23,28.486,35.91,MN,,Normal,N,Y,0,0,0.043202,text_tfidf_sparse_logistic
28.26,2.355,14.152,12.569,MN,,Normal,N,N,0,0,0.012413,text_tfidf_sparse_logistic
29.46,2.455,27.17,35.91,FS,,Normal,Y,N,0,0,0.082064,text_tfidf_sparse_logistic
4.2,0.35,21.772,35.91,FS,,Normal,N,Y,0,0,0.021373,text_tfidf_sparse_logistic
23.82,1.985,31.343,35.91,FS,,Normal,Y,N,0,0,0.07641,text_tfidf_sparse_logistic
4.13,0.344,12.156,35.91,MN,,Normal,N,N,0,0,0.055764,text_tfidf_sparse_logistic
32.0,2.667,29.937,35.91,FS,Normal,Normal,N,Y,0,0,0.074292,text_tfidf_sparse_logistic
25.54,2.128,10.614,12.569,F,Normal,Normal,N,N,0,0,0.020566,text_tfidf_sparse_logistic
19.74,1.645,34.518,35.91,FS,,Heavy,N,N,1,1,0.973753,text_tfidf_sparse_logistic
30.82,2.568,32.114,35.91,FS,Normal,Normal,N,N,0,0,0.03884,text_tfidf_sparse_logistic
32.95,2.746,47.174,35.91,FS,,Heavy,Y,N,1,1,0.968583,text_tfidf_sparse_logistic
4.02,0.335,12.701,35.91,F,,Thin,N,N,1,1,0.883525,text_tfidf_sparse_logistic
3.64,0.303,10.523,35.91,MN,,Thin,Y,Y,1,1,0.859994,text_tfidf_sparse_logistic
3.67,0.306,15.649,35.91,MN,,Heavy,Y,Y,1,1,0.895714,text_tfidf_sparse_logistic
28.99,2.416,50.576,35.91,FS,,Heavy,N,Y,1,1,0.952941,text_tfidf_sparse_logistic
32.86,2.738,61.462,35.91,MN,,Heavy,Y,N,1,1,0.991397,text_tfidf_sparse_logistic
26.39,2.199,55.883,35.91,M,,Heavy,Y,N,1,1,0.980605,text_tfidf_sparse_logistic
34.67,2.889,32.659,35.91,MN,,Heavy,N,N,1,1,0.924633,text_tfidf_sparse_logistic
35.23,2.936,45.359,35.91,FS,,Heavy,Y,N,1,1,0.972311,text_tfidf_sparse_logistic
16.46,1.372,40.823,35.91,FS,,Heavy,Y,N,1,1,0.962375,text_tfidf_sparse_logistic
4.54,0.378,17.781,35.91,M,,Normal,N,Y,0,0,0.022722,text_tfidf_sparse_logistic
16.36,1.363,34.156,35.91,MN,,Normal,Y,N,0,0,0.093599,text_tfidf_sparse_logistic
27.34,2.278,12.882,12.569,MN,Normal,Normal,Y,N,0,0,0.013408,text_tfidf_sparse_logistic
28.22,2.352,11.975,12.569,M,Normal,Normal,N,N,0,0,0.022394,text_tfidf_sparse_logistic
14.53,1.211,37.013,35.91,M,,Normal,N,N,0,0,0.073176,text_tfidf_sparse_logistic
5.86,0.488,16.783,35.91,FS,,Normal,N,Y,0,0,0.036556,text_tfidf_sparse_logistic
27.41,2.284,13.88,12.569,MN,Normal,Normal,N,N,0,0,0.009015,text_tfidf_sparse_logistic
24.49,2.041,27.669,35.91,MN,,Normal,N,N,0,0,0.042766,text_tfidf_sparse_logistic
24.02,2.002,12.202,12.569,M,Normal,Normal,N,N,0,0,0.009686,text_tfidf_sparse_logistic
15.54,1.295,20.049,35.91,FS,,Thin,N,N,1,1,0.956536,text_tfidf_sparse_logistic
25.6,2.133,11.612,12.569,F,Normal,Normal,N,N,0,0,0.018933,text_tfidf_sparse_logistic
29.6,2.467,34.654,35.91,M,,Thin,Y,N,1,1,0.984417,text_tfidf_sparse_logistic
25.26,2.105,34.836,35.91,M,Thin,Thin,Y,Y,1,1,0.968439,text_tfidf_sparse_logistic
30.62,2.552,36.741,35.91,FS,,Heavy,Y,N,1,1,0.951897,text_tfidf_sparse_logistic
24.35,2.029,11.34,12.569,F,Normal,Normal,N,N,0,0,0.012878,text_tfidf_sparse_logistic
11.58,0.965,26.807,35.91,FS,,Heavy,N,N,1,1,0.943746,text_tfidf_sparse_logistic
13.66,1.138,46.72,35.91,MN,,Heavy,N,N,1,1,0.957192,text_tfidf_sparse_logistic
30.79,2.566,9.979,12.569,FS,Normal,Normal,Y,Y,0,0,0.014251,text_tfidf_sparse_logistic
11.82,0.985,46.357,35.91,M,,Normal,N,N,0,0,0.107959,text_tfidf_sparse_logistic
23.66,1.972,30.028,35.91,FS,,Normal,Y,N,0,0,0.073231,text_tfidf_sparse_logistic
25.37,2.114,41.277,35.91,MN,,Normal,N,N,0,0,0.106518,text_tfidf_sparse_logistic
28.09,2.341,15.876,12.569,MN,,Normal,N,N,0,0,0.013566,text_tfidf_sparse_logistic
32.92,2.743,26.399,35.91,M,,Normal,N,N,0,0,0.052412,text_tfidf_sparse_logistic
15.73,1.311,21.591,35.91,MN,,Thin,N,Y,1,1,0.915214,text_tfidf_sparse_logistic
26.62,2.218,14.061,12.569,MN,Normal,Normal,N,N,0,0,0.017532,text_tfidf_sparse_logistic
30.04,2.503,12.247,12.569,FS,Normal,Normal,N,N,0,0,0.016205,text_tfidf_sparse_logistic
26.72,2.227,46.629,35.91,M,,Heavy,Y,N,1,1,0.98593,text_tfidf_sparse_logistic
27.47,2.289,35.97,35.91,FS,Heavy,Heavy,Y,N,1,1,0.941918,text_tfidf_sparse_logistic
1.99,0.166,7.756,35.91,M,,Normal,Y,N,0,0,0.051887,text_tfidf_sparse_logistic
21.31,1.776,49.442,35.91,FS,,Heavy,Y,N,1,1,0.961838,text_tfidf_sparse_logistic
34.5,2.875,37.648,35.91,FS,Normal,Normal,Y,N,0,0,0.101546,text_tfidf_sparse_logistic
29.89,2.491,40.415,35.91,FS,,Heavy,N,N,1,1,0.983936,text_tfidf_sparse_logistic
20.7,1.725,34.201,35.91,FS,,Heavy,N,N,1,1,0.985352,text_tfidf_sparse_logistic
30.66,2.555,48.444,35.91,FS,,Heavy,Y,N,1,1,0.989605,text_tfidf_sparse_logistic
20.36,1.697,36.469,35.91,FS,,Heavy,Y,N,1,1,0.981883,text_tfidf_sparse_logistic
12.24,1.02,26.581,35.91,M,,Thin,N,N,1,1,0.95107,text_tfidf_sparse_logistic
2.58,0.215,15.105,35.91,MN,,Heavy,Y,Y,1,1,0.905313,text_tfidf_sparse_logistic
28.16,2.347,11.703,12.569,FS,Normal,Normal,N,Y,0,0,0.004611,text_tfidf_sparse_logistic
18.65,1.554,37.421,35.91,MN,,Normal,N,N,0,0,0.075232,text_tfidf_sparse_logistic
31.61,2.634,36.832,35.91,F,,Heavy,N,N,1,1,0.961554,text_tfidf_sparse_logistic
2.77,0.231,8.573,35.91,F,,Normal,Y,N,0,0,0.06463,text_tfidf_sparse_logistic
27.4,2.283,43.59,35.91,MN,,Heavy,Y,N,1,1,0.9865,text_tfidf_sparse_logistic
16.82,1.402,45.45,35.91,FS,,Heavy,Y,N,1,1,0.972149,text_tfidf_sparse_logistic
24.55,2.046,8.845,12.569,FS,Normal,Normal,N,N,0,0,0.005961,text_tfidf_sparse_logistic
24.02,2.002,31.888,35.91,M,,Thin,Y,Y,1,1,0.930743,text_tfidf_sparse_logistic
31.72,2.643,52.299,35.91,FS,,Heavy,Y,N,1,1,0.98683,text_tfidf_sparse_logistic
14.64,1.22,29.484,35.91,FS,,Normal,N,N,0,0,0.109612,text_tfidf_sparse_logistic
28.26,2.355,31.298,35.91,F,,Heavy,Y,N,1,1,0.974459,text_tfidf_sparse_logistic
16.96,1.413,32.114,35.91,FS,,Normal,N,N,0,0,0.072592,text_tfidf_sparse_logistic
21.26,1.772,40.869,35.91,MN,,Heavy,N,N,1,1,0.976749,text_tfidf_sparse_logistic
3.96,0.33,14.606,35.91,FS,,Normal,Y,Y,0,0,0.025422,text_tfidf_sparse_logistic
33.65,2.804,39.145,35.91,M,Thin,Thin,Y,Y,1,1,0.964616,text_tfidf_sparse_logistic
32.99,2.749,35.108,35.91,MN,,Heavy,Y,N,1,1,0.972693,text_tfidf_sparse_logistic
27.01,2.251,44.906,35.91,F,,Heavy,N,N,1,1,0.966911,text_tfidf_sparse_logistic
20.63,1.719,27.669,35.91,MN,,Heavy,Y,N,1,1,0.968498,text_tfidf_sparse_logistic
30.95,2.579,10.614,12.569,MN,Normal,Normal,Y,N,0,0,0.019105,text_tfidf_sparse_logistic
18.36,1.53,41.731,35.91,F,,Heavy,Y,N,1,1,0.956416,text_tfidf_sparse_logistic
3.05,0.254,8.89,35.91,F,,Thin,N,N,1,1,0.927108,text_tfidf_sparse_logistic
26.05,2.171,13.381,12.569,MN,Normal,Normal,Y,N,0,0,0.005507,text_tfidf_sparse_logistic
31.08,2.59,15.014,12.569,M,Normal,Normal,Y,N,0,0,0.022842,text_tfidf_sparse_logistic
3.53,0.294,12.247,35.91,MN,,Normal,Y,Y,0,0,0.034069,text_tfidf_sparse_logistic
15.84,1.32,44.452,35.91,FS,,Heavy,Y,N,1,1,0.979303,text_tfidf_sparse_logistic
5.83,0.486,28.395,35.91,MN,,Heavy,N,N,1,1,0.91489,text_tfidf_sparse_logistic
34.25,2.854,11.158,12.569,FS,Normal,Normal,N,N,0,0,0.01929,text_tfidf_sparse_logistic
3.85,0.321,21.047,35.91,MN,,Normal,Y,Y,0,0,0.024721,text_tfidf_sparse_logistic
26.84,2.237,51.71,35.91,M,Thin,Thin,Y,Y,1,1,0.970968,text_tfidf_sparse_logistic
32.2,2.683,32.568,35.91,FS,,Heavy,Y,N,1,1,0.985048,text_tfidf_sparse_logistic
25.96,2.163,38.918,35.91,FS,,Heavy,N,N,1,1,0.978462,text_tfidf_sparse_logistic
31.06,2.588,13.608,12.569,MN,Normal,Normal,Y,N,0,0,0.013658,text_tfidf_sparse_logistic
24.01,2.001,12.927,12.569,M,Normal,Normal,N,N,0,0,0.011862,text_tfidf_sparse_logistic
30.04,2.503,33.112,35.91,FS,Normal,Normal,Y,Y,0,0,0.066046,text_tfidf_sparse_logistic
24.02,2.002,33.294,35.91,FS,Normal,Normal,Y,Y,0,0,0.045129,text_tfidf_sparse_logistic
25.54,2.128,11.612,12.569,MN,Normal,Normal,Y,N,0,0,0.017293,text_tfidf_sparse_logistic
30.77,2.564,50.349,35.91,MN,Heavy,Heavy,Y,N,1,1,0.973992,text_tfidf_sparse_logistic
9.68,0.807,14.787,12.569,MN,,Normal,N,N,0,0,0.03191,text_tfidf_sparse_logistic
24.02,2.002,13.608,12.569,MN,Normal,Normal,Y,N,0,0,0.016802,text_tfidf_sparse_logistic
31.28,2.607,13.608,12.569,M,Normal,Normal,N,N,0,0,0.017354,text_tfidf_sparse_logistic
24.01,2.001,9.525,12.569,FS,Normal,Normal,Y,Y,0,0,0.018718,text_tfidf_sparse_logistic
2.39,0.199,8.255,35.91,M,,Normal,N,N,0,0,0.082493,text_tfidf_sparse_logistic
28.19,2.349,35.834,35.91,M,Thin,Thin,Y,N,1,1,0.940683,text_tfidf_sparse_logistic
33.49,2.791,11.793,12.569,F,Normal,Normal,N,N,0,0,0.01856,text_tfidf_sparse_logistic
4.45,0.371,24.449,35.91,MN,,Heavy,N,N,1,1,0.913871,text_tfidf_sparse_logistic
28.92,2.41,12.247,12.569,MN,Normal,Normal,N,N,0,0,0.013598,text_tfidf_sparse_logistic
19.43,1.619,43.545,35.91,MN,,Heavy,N,N,1,1,0.954412,text_tfidf_sparse_logistic
24.67,2.056,10.886,12.569,FS,Normal,Normal,Y,Y,0,0,0.011445,text_tfidf_sparse_logistic
28.64,2.387,36.333,35.91,FS,,Normal,Y,N,0,0,0.049907,text_tfidf_sparse_logistic
18.34,1.528,43.182,35.91,F,,Heavy,Y,N,1,1,0.979574,text_tfidf_sparse_logistic
30.64,2.553,40.279,35.91,MN,,Normal,Y,N,0,0,0.047004,text_tfidf_sparse_logistic
30.36,2.53,12.247,12.569,FS,Normal,Normal,Y,N,0,0,0.011291,text_tfidf_sparse_logistic
24.02,2.002,15.286,12.569,M,Normal,Normal,Y,N,0,0,0.02057,text_tfidf_sparse_logistic
34.48,2.873,49.895,35.91,MN,,Heavy,N,N,1,1,0.975605,text_tfidf_sparse_logistic
19.8,1.65,36.287,35.91,FS,,Heavy,Y,N,1,1,0.964889,text_tfidf_sparse_logistic
3.07,0.256,8.845,35.91,F,,Normal,Y,Y,0,0,0.034299,text_tfidf_sparse_logistic
26.28,2.19,39.463,35.91,M,,Normal,Y,N,0,0,0.093964,text_tfidf_sparse_logistic
34.97,2.914,36.378,35.91,FS,,Heavy,Y,N,1,1,0.942832,text_tfidf_sparse_logistic
23.26,1.938,48.58,35.91,MN,,Heavy,Y,N,1,1,0.973876,text_tfidf_sparse_logistic
8.7,0.725,33.475,35.91,F,,Normal,N,N,0,0,0.044144,text_tfidf_sparse_logistic
32.3,2.692,11.204,12.569,MN,Normal,Normal,N,N,0,0,0.01853,text_tfidf_sparse_logistic
3.28,0.273,12.882,35.91,M,,Thin,Y,N,1,1,0.888888,text_tfidf_sparse_logistic
24.2,2.017,11.521,12.569,M,Normal,Normal,Y,N,0,0,0.015388,text_tfidf_sparse_logistic
28.09,2.341,35.925,35.91,FS,Normal,Normal,N,N,0,0,0.082295,text_tfidf_sparse_logistic
23.56,1.963,17.237,35.91,F,,Thin,Y,N,1,1,0.962233,text_tfidf_sparse_logistic
34.37,2.864,51.936,35.91,MN,,Heavy,N,N,1,1,0.98126,text_tfidf_sparse_logistic
24.48,2.04,32.387,35.91,M,Thin,Thin,Y,N,1,1,0.971734,text_tfidf_sparse_logistic
27.5,2.292,21.455,35.91,F,Thin,Thin,N,N,1,1,0.976281,text_tfidf_sparse_logistic
27.05,2.254,52.118,35.91,MN,Heavy,Heavy,N,N,1,1,0.975756,text_tfidf_sparse_logistic
9.78,0.815,8.981,12.569,FS,,Normal,Y,Y,0,0,0.017044,text_tfidf_sparse_logistic
32.4,2.7,13.971,12.569,M,Normal,Normal,Y,N,0,0,0.0,text_tfidf_svd_dense_logistic
32.93,2.744,39.236,35.91,MN,,Heavy,N,N,1,1,0.988709,text_tfidf_svd_dense_logistic
24.37,2.031,38.283,35.91,M,Thin,Thin,Y,Y,1,1,0.999718,text_tfidf_svd_dense_logistic
30.23,2.519,12.066,12.569,F,,Normal,Y,Y,0,0,0.0,text_tfidf_svd_dense_logistic
25.18,2.098,37.013,35.91,MN,,Normal,N,N,0,0,0.002986,text_tfidf_svd_dense_logistic
25.03,2.086,32.659,35.91,FS,Normal,Normal,Y,N,0,0,0.000891,text_tfidf_svd_dense_logistic
18.92,1.577,26.671,35.91,MN,,Thin,N,N,1,1,0.973087,text_tfidf_svd_dense_logistic
31.28,2.607,28.939,35.91,FS,Normal,Normal,N,N,0,0,3e-05,text_tfidf_svd_dense_logistic
18.95,1.579,30.844,35.91,F,,Heavy,Y,N,1,1,0.996643,text_tfidf_svd_dense_logistic
26.62,2.218,51.211,35.91,M,Thin,Thin,Y,N,1,1,0.999982,text_tfidf_svd_dense_logistic
24.02,2.002,10.206,12.569,MN,Normal,Normal,Y,N,0,0,0.0,text_tfidf_svd_dense_logistic
15.4,1.283,32.659,35.91,MN,,Heavy,Y,N,1,1,0.989634,text_tfidf_svd_dense_logistic
24.88,2.073,11.022,12.569,FS,Normal,Normal,Y,N,0,0,0.0,text_tfidf_svd_dense_logistic
24.01,2.001,21.319,35.91,M,Thin,Thin,Y,N,1,1,0.999999,text_tfidf_svd_dense_logistic
27.9,2.325,54.431,35.91,MN,,Heavy,Y,Y,1,1,0.975517,text_tfidf_svd_dense_logistic
28.24,2.353,36.287,35.91,MN,,Normal,Y,N,0,0,0.040995,text_tfidf_svd_dense_logistic
4.01,0.334,20.729,35.91,MN,,Normal,Y,Y,0,0,0.00011,text_tfidf_svd_dense_logistic
30.23,2.519,25.31,35.91,MN,,Normal,Y,N,0,0,0.003961,text_tfidf_svd_dense_logistic
4.62,0.385,14.787,35.91,FS,,Thin,Y,N,1,1,0.989816,text_tfidf_svd_dense_logistic
25.69,2.141,59.965,35.91,MN,,Heavy,N,N,1,1,0.997912,text_tfidf_svd_dense_logistic
31.8,2.65,43.409,35.91,MN,,Heavy,N,N,1,1,0.998433,text_tfidf_svd_dense_logistic
32.56,2.713,33.793,35.91,FS,Normal,Normal,N,N,0,0,0.00125,text_tfidf_svd_dense_logistic
29.54,2.462,10.659,12.569,FS,Normal,Normal,Y,Y,0,0,0.0,text_tfidf_svd_dense_logistic
2.92,0.243,9.662,35.91,MN,,Normal,Y,Y,0,0,0.000197,text_tfidf_svd_dense_logistic
25.86,2.155,25.401,35.91,FS,,Heavy,N,N,1,1,0.994997,text_tfidf_svd_dense_logistic
19.55,1.629,46.266,35.91,FS,,Heavy,Y,N,1,1,0.997914,text_tfidf_svd_dense_logistic
27.66,2.305,26.762,35.91,MN,,Thin,N,N,1,1,0.985105,text_tfidf_svd_dense_logistic
25.46,2.122,13.744,12.569,MN,Normal,Normal,Y,Y,0,0,0.0,text_tfidf_svd_dense_logistic
25.82,2.152,50.848,35.91,M,Thin,Thin,N,N,1,1,0.999978,text_tfidf_svd_dense_logistic
31.85,2.654,47.083,35.91,M,Thin,Thin,Y,N,1,1,0.99999,text_tfidf_svd_dense_logistic
15.4,1.283,45.949,35.91,MN,,Heavy,N,N,1,1,0.986162,text_tfidf_svd_dense_logistic
31.8,2.65,51.256,35.91,MN,,Heavy,N,N,1,1,0.998091,text_tfidf_svd_dense_logistic
24.01,2.001,12.066,12.569,F,Normal,Normal,N,N,0,0,1e-06,text_tfidf_svd_dense_logistic
15.26,1.272,39.054,35.91,FS,,Heavy,N,N,1,1,0.992691,text_tfidf_svd_dense_logistic
9.68,0.807,38.011,35.91,M,,Normal,Y,N,0,0,0.018685,text_tfidf_svd_dense_logistic
30.02,2.502,54.567,35.91,MN,,Heavy,Y,N,1,1,0.996297,text_tfidf_svd_dense_logistic
11.04,0.92,27.76,35.91,F,,Normal,N,N,0,0,0.006625,text_tfidf_svd_dense_logistic
33.65,2.804,10.342,12.569,MN,Normal,Normal,Y,N,0,0,0.0,text_tfidf_svd_dense_logistic
3.29,0.274,5.352,35.91,M,,Normal,N,N,0,0,0.014545,text_tfidf_svd_dense_logistic
29.68,2.473,34.609,35.91,FS,,Heavy,Y,N,1,1,0.998966,text_tfidf_svd_dense_logistic
27.04,2.253,39.689,35.91,M,Thin,Thin,Y,N,1,1,0.999904,text_tfidf_svd_dense_logistic
16.73,1.394,27.669,35.91,FS,,Heavy,Y,N,1,1,0.995705,text_tfidf_svd_dense_logistic
30.02,2.502,32.205,35.91,MN,,Heavy,N,Y,1,1,0.762345,text_tfidf_svd_dense_logistic
34.67,2.889,30.527,35.91,FS,,Heavy,N,N,1,1,0.992559,text_tfidf_svd_dense_logistic
3.4,0.283,11.158,35.91,F,,Normal,Y,Y,0,0,0.001027,text_tfidf_svd_dense_logistic
26.28,2.19,44.679,35.91,MN,,Heavy,Y,N,1,1,0.999146,text_tfidf_svd_dense_logistic
28.81,2.401,58.06,35.91,MN,,Heavy,Y,N,1,1,0.998274,text_tfidf_svd_dense_logistic
24.8,2.067,12.519,12.569,MN,Normal,Normal,Y,N,0,0,0.0,text_tfidf_svd_dense_logistic
17.39,1.449,29.665,35.91,MN,,Normal,Y,Y,0,0,0.00037,text_tfidf_svd_dense_logistic
28.49,2.374,34.019,35.91,M,Thin,Thin,N,N,1,1,0.999223,text_tfidf_svd_dense_logistic
29.47,2.456,35.879,35.91,FS,,Heavy,Y,N,1,1,0.998653,text_tfidf_svd_dense_logistic
24.02,2.002,9.662,12.569,MN,Normal,Normal,Y,N,0,0,0.0,text_tfidf_svd_dense_logistic
24.02,2.002,11.884,12.569,MN,Normal,Normal,Y,N,0,0,0.0,text_tfidf_svd_dense_logistic
2.03,0.169,3.266,12.569,FS,,Normal,Y,Y,0,0,3e-05,text_tfidf_svd_dense_logistic
31.4,2.617,23.768,35.91,FS,,Heavy,N,N,1,1,0.993908,text_tfidf_svd_dense_logistic
19.94,1.662,42.411,35.91,M,,Heavy,Y,N,1,1,0.997834,text_tfidf_svd_dense_logistic
13.39,1.116,8.165,12.569,MN,,Normal,N,N,0,0,2e-06,text_tfidf_svd_dense_logistic
4.33,0.361,13.88,35.91,FS,,Thin,N,N,1,1,0.974278,text_tfidf_svd_dense_logistic
28.09,2.341,9.888,12.569,MN,Normal,Normal,Y,N,0,0,0.0,text_tfidf_svd_dense_logistic
34.36,2.863,28.395,35.91,MN,,Normal,Y,N,0,0,0.007006,text_tfidf_svd_dense_logistic
4.19,0.349,19.278,35.91,M,,Thin,Y,Y,1,1,0.56433,text_tfidf_svd_dense_logistic
16.2,1.35,35.29,35.91,FS,,Heavy,N,N,1,1,0.992495,text_tfidf_svd_dense_logistic
24.01,2.001,36.197,35.91,F,,Heavy,Y,N,1,1,0.999991,text_tfidf_svd_dense_logistic
32.65,2.721,41.277,35.91,FS,,Heavy,Y,N,1,1,0.998463,text_tfidf_svd_dense_logistic
33.74,2.812,14.832,12.569,MN,Normal,Normal,Y,N,0,0,0.0,text_tfidf_svd_dense_logistic
20.21,1.684,48.534,35.91,MN,,Heavy,N,N,1,1,0.990697,text_tfidf_svd_dense_logistic
2.74,0.228,7.031,35.91,F,,Normal,Y,Y,0,0,0.002249,text_tfidf_svd_dense_logistic
29.6,2.467,36.877,35.91,M,Thin,Thin,N,N,1,1,0.999953,text_tfidf_svd_dense_logistic
24.12,2.01,37.467,35.91,M,Thin,Thin,Y,N,1,1,0.999998,text_tfidf_svd_dense_logistic
24.8,2.067,11.431,12.569,MN,Normal,Normal,Y,N,0,0,0.0,text_tfidf_svd_dense_logistic
28.72,2.393,28.123,35.91,FS,,Normal,Y,N,0,0,0.058416,text_tfidf_svd_dense_logistic
6.6,0.55,13.245,35.91,FS,,Normal,Y,Y,0,0,0.003274,text_tfidf_svd_dense_logistic
31.58,2.632,31.389,35.91,FS,,Normal,N,N,0,0,0.009121,text_tfidf_svd_dense_logistic
26.39,2.199,11.884,12.569,M,Normal,Normal,N,Y,0,0,0.0,text_tfidf_svd_dense_logistic
2.69,0.224,2.631,35.91,M,,Thin,Y,N,1,1,0.997683,text_tfidf_svd_dense_logistic
25.86,2.155,43.363,35.91,MN,,Heavy,N,N,1,1,0.998028,text_tfidf_svd_dense_logistic
24.55,2.046,46.629,35.91,M,,Normal,Y,N,0,1,0.81501,text_tfidf_svd_dense_logistic
30.76,2.563,41.776,35.91,M,,Heavy,Y,Y,1,1,0.952746,text_tfidf_svd_dense_logistic
29.15,2.429,14.288,12.569,M,Normal,Normal,Y,N,0,0,0.0,text_tfidf_svd_dense_logistic
3.12,0.26,8.618,35.91,M,,Normal,Y,N,0,0,0.017013,text_tfidf_svd_dense_logistic
29.71,2.476,11.34,12.569,F,Normal,Normal,N,N,0,0,0.0,text_tfidf_svd_dense_logistic
26.02,2.168,43.545,35.91,M,Thin,Thin,Y,N,1,1,0.999965,text_tfidf_svd_dense_logistic
30.85,2.571,37.92,35.91,M,Thin,Thin,Y,N,1,1,0.999506,text_tfidf_svd_dense_logistic
18.79,1.566,37.421,35.91,MN,,Normal,N,N,0,0,0.006865,text_tfidf_svd_dense_logistic
35.16,2.93,10.523,12.569,FS,Normal,Normal,N,N,0,0,0.0,text_tfidf_svd_dense_logistic
24.72,2.06,33.294,35.91,M,,Normal,Y,N,0,0,0.354313,text_tfidf_svd_dense_logistic
11.6,0.967,43.545,35.91,MN,,Normal,Y,Y,0,0,0.020215,text_tfidf_svd_dense_logistic
3.38,0.282,14.152,35.91,M,,Normal,N,Y,0,0,0.002477,text_tfidf_svd_dense_logistic
27.07,2.256,40.823,35.91,M,Thin,Thin,N,N,1,1,0.999705,text_tfidf_svd_dense_logistic
34.25,2.854,41.504,35.91,F,,Heavy,Y,N,1,1,0.99975,text_tfidf_svd_dense_logistic
16.85,1.404,43.817,35.91,MN,,Heavy,Y,N,1,1,0.99625,text_tfidf_svd_dense_logistic
24.28,2.023,37.421,35.91,FS,,Heavy,N,N,1,1,0.99984,text_tfidf_svd_dense_logistic
33.22,2.768,29.03,35.91,FS,,Heavy,N,N,1,1,0.994752,text_tfidf_svd_dense_logistic
30.82,2.568,37.648,35.91,M,Thin,Thin,Y,N,1,1,0.999509,text_tfidf_svd_dense_logistic
19.02,1.585,24.539,35.91,MN,,Thin,N,N,1,1,0.977995,text_tfidf_svd_dense_logistic
28.99,2.416,11.521,12.569,MN,Normal,Normal,N,N,0,0,0.0,text_tfidf_svd_dense_logistic
13.76,1.147,34.7,35.91,MN,,Heavy,N,N,1,1,0.978359,text_tfidf_svd_dense_logistic
18.77,1.564,22.68,35.91,MN,,Heavy,N,N,1,1,0.946777,text_tfidf_svd_dense_logistic
11.82,0.985,40.823,35.91,FS,,Heavy,N,N,1,1,0.989251,text_tfidf_svd_dense_logistic
33.06,2.755,26.036,35.91,M,,Normal,N,N,0,0,0.013442,text_tfidf_svd_dense_logistic
34.82,2.902,37.784,35.91,MN,,Normal,Y,N,0,0,0.007893,text_tfidf_svd_dense_logistic
24.01,2.001,9.662,12.569,FS,Normal,Normal,Y,Y,0,0,0.0,text_tfidf_svd_dense_logistic
24.05,2.004,12.111,12.569,MN,Normal,Normal,N,N,0,0,0.0,text_tfidf_svd_dense_logistic
35.59,2.966,48.217,35.91,FS,,Heavy,N,N,1,1,0.999614,text_tfidf_svd_dense_logistic
29.57,2.464,31.479,35.91,MN,,Heavy,N,N,1,1,0.983529,text_tfidf_svd_dense_logistic
0.92,0.077,2.631,35.91,F,,Normal,Y,N,0,0,0.039535,text_tfidf_svd_dense_logistic
7.27,0.606,10.16,12.569,FS,,Normal,N,N,0,0,3.5e-05,text_tfidf_svd_dense_logistic
5.26,0.438,18.96,35.91,MN,,Normal,N,N,0,0,0.002507,text_tfidf_svd_dense_logistic
35.42,2.952,34.019,35.91,FS,Heavy,Heavy,N,N,1,1,0.991672,text_tfidf_svd_dense_logistic
15.37,1.281,47.899,35.91,FS,,Heavy,N,N,1,1,0.996041,text_tfidf_svd_dense_logistic
27.49,2.291,45.269,35.91,M,,Heavy,Y,N,1,1,0.999527,text_tfidf_svd_dense_logistic
26.69,2.224,9.979,12.569,FS,Normal,Normal,Y,Y,0,0,0.0,text_tfidf_svd_dense_logistic
24.65,2.054,39.463,35.91,M,Thin,Thin,Y,N,1,1,0.99999,text_tfidf_svd_dense_logistic
4.1,0.342,14.424,35.91,FS,,Normal,N,Y,0,0,0.000741,text_tfidf_svd_dense_logistic
21.05,1.754,42.638,35.91,MN,,Heavy,Y,N,1,1,0.995785,text_tfidf_svd_dense_logistic
1.87,0.156,2.676,35.91,FS,,Normal,N,N,0,0,0.060206,text_tfidf_svd_dense_logistic
31.51,2.626,35.471,35.91,M,Thin,Thin,Y,Y,1,1,0.997644,text_tfidf_svd_dense_logistic
24.02,2.002,11.34,12.569,F,Normal,Normal,N,N,0,0,0.0,text_tfidf_svd_dense_logistic
24.02,2.002,9.072,12.569,FS,Normal,Normal,N,N,0,0,1e-06,text_tfidf_svd_dense_logistic
12.68,1.057,42.638,35.91,M,,Normal,N,N,0,0,0.149288,text_tfidf_svd_dense_logistic
32.2,2.683,27.805,35.91,MN,,Heavy,Y,N,1,1,0.997456,text_tfidf_svd_dense_logistic
24.02,2.002,13.608,12.569,MN,Normal,Normal,Y,Y,0,0,0.0,text_tfidf_svd_dense_logistic
31.44,2.62,42.229,35.91,MN,,Heavy,N,N,1,1,0.997954,text_tfidf_svd_dense_logistic
34.86,2.905,47.627,35.91,MN,,Heavy,Y,Y,1,1,0.983096,text_tfidf_svd_dense_logistic
31.78,2.648,36.832,35.91,F,,Heavy,Y,N,1,1,0.998468,text_tfidf_svd_dense_logistic
24.02,2.002,10.932,12.569,FS,Normal,Normal,Y,N,0,0,0.0,text_tfidf_svd_dense_logistic
4.79,0.399,16.828,35.91,FS,,Normal,N,Y,0,0,0.00044,text_tfidf_svd_dense_logistic
10.04,0.837,13.971,12.569,M,,Normal,Y,N,0,0,7e-06,text_tfidf_svd_dense_logistic
24.31,2.026,9.707,12.569,MN,Normal,Normal,Y,Y,0,0,0.0,text_tfidf_svd_dense_logistic
21.28,1.773,35.562,35.91,MN,,Normal,N,N,0,0,0.005233,text_tfidf_svd_dense_logistic
20.92,1.743,37.512,35.91,FS,,Heavy,N,N,1,1,0.994859,text_tfidf_svd_dense_logistic
35.46,2.955,11.158,12.569,F,Normal,Normal,N,N,0,0,0.0,text_tfidf_svd_dense_logistic
4.09,0.341,13.154,35.91,MN,,Normal,Y,Y,0,0,0.000451,text_tfidf_svd_dense_logistic
2.21,0.184,5.216,35.91,F,,Normal,Y,N,0,0,0.274331,text_tfidf_svd_dense_logistic
26.78,2.232,30.028,35.91,FS,,Normal,N,N,0,0,0.005112,text_tfidf_svd_dense_logistic
31.4,2.617,10.886,12.569,F,Normal,Normal,N,Y,0,0,0.0,text_tfidf_svd_dense_logistic
2.58,0.215,3.402,35.91,FS,,Thin,Y,N,1,1,0.998627,text_tfidf_svd_dense_logistic
33.89,2.824,37.875,35.91,FS,,Normal,N,N,0,0,0.021318,text_tfidf_svd_dense_logistic
5.82,0.485,21.41,35.91,M,,Normal,N,N,0,0,0.005948,text_tfidf_svd_dense_logistic
3.44,0.287,14.923,35.91,M,,Thin,Y,N,1,1,0.986877,text_tfidf_svd_dense_logistic
35.21,2.934,11.068,12.569,F,Normal,Normal,N,N,0,0,0.0,text_tfidf_svd_dense_logistic
17.96,1.497,40.959,35.91,FS,,Heavy,N,N,1,1,0.994215,text_tfidf_svd_dense_logistic
9.5,0.792,30.119,35.91,F,,Normal,N,N,0,0,0.003088,text_tfidf_svd_dense_logistic
18.04,1.503,31.615,35.91,M,,Heavy,N,N,1,1,0.973047,text_tfidf_svd_dense_logistic
24.02,2.002,28.576,35.91,M,Thin,Thin,Y,N,1,1,0.999991,text_tfidf_svd_dense_logistic
33.1,2.758,30.754,35.91,FS,Normal,Normal,Y,Y,0,0,2e-06,text_tfidf_svd_dense_logistic
24.01,2.001,23.043,35.91,F,Thin,Thin,N,N,1,1,0.999996,text_tfidf_svd_dense_logistic
15.66,1.305,60.781,35.91,MN,,Normal,Y,Y,0,0,0.000646,text_tfidf_svd_dense_logistic
26.22,2.185,9.798,12.569,FS,Normal,Normal,Y,Y,0,0,0.0,text_tfidf_svd_dense_logistic
26.81,2.234,41.05,35.91,MN,,Heavy,Y,N,1,1,0.990701,text_tfidf_svd_dense_logistic
27.05,2.254,13.154,12.569,MN,Normal,Normal,Y,Y,0,0,0.0,text_tfidf_svd_dense_logistic
8.2,0.683,27.079,35.91,MN,,Normal,N,N,0,0,0.000619,text_tfidf_svd_dense_logistic
12.08,1.007,37.195,35.91,F,,Normal,Y,Y,0,0,0.024516,text_tfidf_svd_dense_logistic
12.04,1.003,25.809,35.91,MN,,Normal,N,N,0,0,0.001279,text_tfidf_svd_dense_logistic
33.95,2.829,14.606,12.569,MN,Normal,Normal,Y,N,0,0,0.0,text_tfidf_svd_dense_logistic
17.4,1.45,26.943,35.91,FS,,Thin,Y,N,1,1,0.996537,text_tfidf_svd_dense_logistic
28.43,2.369,12.746,12.569,MN,Normal,Normal,N,N,0,0,0.0,text_tfidf_svd_dense_logistic
31.85,2.654,52.209,35.91,F,,Heavy,N,N,1,1,0.998624,text_tfidf_svd_dense_logistic
12.28,1.023,25.855,35.91,FS,,Heavy,N,N,1,1,0.982791,text_tfidf_svd_dense_logistic
27.08,2.257,46.72,35.91,FS,Heavy,Heavy,N,N,1,1,0.996691,text_tfidf_svd_dense_logistic
24.64,2.053,11.884,12.569,F,Normal,Normal,Y,N,0,0,0.0,text_tfidf_svd_dense_logistic
12.98,1.082,32.659,35.91,FS,,Heavy,N,N,1,1,0.985926,text_tfidf_svd_dense_logistic
35.35,2.946,34.019,35.91,FS,Heavy,Heavy,N,N,1,1,0.992226,text_tfidf_svd_dense_logistic
10.04,0.837,14.515,35.91,F,,Thin,N,N,1,1,0.941851,text_tfidf_svd_dense_logistic
2.94,0.245,6.26,35.91,M,,Normal,Y,N,0,0,0.057197,text_tfidf_svd_dense_logistic
25.27,2.106,43.5,35.91,M,,Normal,Y,N,0,0,0.178588,text_tfidf_svd_dense_logistic
32.33,2.694,42.638,35.91,MN,,Heavy,Y,N,1,1,0.999106,text_tfidf_svd_dense_logistic
24.2,2.017,23.043,35.91,F,Thin,Thin,Y,N,1,1,0.999998,text_tfidf_svd_dense_logistic
24.02,2.002,41.096,35.91,M,Thin,Thin,N,N,1,1,0.999998,text_tfidf_svd_dense_logistic
22.8,1.9,38.964,35.91,FS,,Heavy,Y,N,1,1,0.999054,text_tfidf_svd_dense_logistic
24.31,2.026,45.45,35.91,MN,,Heavy,N,N,1,1,0.999882,text_tfidf_svd_dense_logistic
27.6,2.3,28.259,35.91,FS,,Heavy,N,N,1,1,0.991702,text_tfidf_svd_dense_logistic
30.19,2.516,34.156,35.91,MN,,Normal,Y,N,0,0,0.00215,text_tfidf_svd_dense_logistic
18.04,1.503,22.317,35.91,F,,Thin,Y,N,1,1,0.991695,text_tfidf_svd_dense_logistic
27.35,2.279,36.469,35.91,MN,,Normal,Y,N,0,0,0.004195,text_tfidf_svd_dense_logistic
31.15,2.596,10.433,12.569,FS,Normal,Normal,N,N,0,0,0.0,text_tfidf_svd_dense_logistic
15.05,1.254,24.948,35.91,F,,Thin,Y,N,1,1,0.994998,text_tfidf_svd_dense_logistic
24.35,2.029,31.525,35.91,FS,,Heavy,Y,N,1,1,0.999862,text_tfidf_svd_dense_logistic
31.81,2.651,12.066,12.569,M,Normal,Normal,Y,N,0,0,0.0,text_tfidf_svd_dense_logistic
29.22,2.435,30.844,35.91,M,Thin,Thin,Y,N,1,1,0.999808,text_tfidf_svd_dense_logistic
25.16,2.097,14.243,12.569,MN,Normal,Normal,N,N,0,0,0.0,text_tfidf_svd_dense_logistic
28.33,2.361,34.927,35.91,M,Thin,Thin,N,N,1,1,0.99939,text_tfidf_svd_dense_logistic
27.11,2.259,39.236,35.91,M,Thin,Thin,N,N,1,1,0.999868,text_tfidf_svd_dense_logistic
24.01,2.001,13.381,12.569,M,Normal,Normal,Y,N,0,0,0.0,text_tfidf_svd_dense_logistic
14.11,1.176,37.512,35.91,FS,,Heavy,Y,N,1,1,0.998134,text_tfidf_svd_dense_logistic
33.18,2.765,46.04,35.91,MN,,Heavy,Y,N,1,1,0.998915,text_tfidf_svd_dense_logistic
24.02,2.002,10.433,12.569,MN,Normal,Normal,Y,N,0,0,1e-06,text_tfidf_svd_dense_logistic
27.2,2.267,31.026,35.91,M,Thin,Thin,Y,Y,1,1,0.997978,text_tfidf_svd_dense_logistic
31.25,2.604,11.381,12.569,FS,Normal,Normal,N,N,0,0,0.0,text_tfidf_svd_dense_logistic
21.1,1.758,43.273,35.91,M,,Heavy,N,N,1,1,0.993565,text_tfidf_svd_dense_logistic
6.04,0.503,20.23,35.91,F,,Thin,Y,N,1,1,0.966703,text_tfidf_svd_dense_logistic
31.78,2.648,9.072,12.569,FS,Normal,Normal,Y,N,0,0,0.0,text_tfidf_svd_dense_logistic
3.24,0.27,10.251,35.91,MN,,Thin,Y,N,1,1,0.979913,text_tfidf_svd_dense_logistic
27.7,2.308,11.839,12.569,M,Normal,Normal,N,N,0,0,0.0,text_tfidf_svd_dense_logistic
6.72,0.56,22.952,35.91,MN,,Thin,Y,Y,1,1,0.524074,text_tfidf_svd_dense_logistic
9.76,0.813,50.802,35.91,MN,,Heavy,Y,N,1,1,0.994161,text_tfidf_svd_dense_logistic
3.37,0.281,13.063,35.91,FS,,Normal,N,Y,0,0,0.004631,text_tfidf_svd_dense_logistic
2.92,0.243,5.942,35.91,M,,Thin,N,N,1,1,0.994513,text_tfidf_svd_dense_logistic
35.2,2.933,23.95,35.91,F,Thin,Thin,N,N,1,1,0.999841,text_tfidf_svd_dense_logistic
24.35,2.029,11.249,12.569,FS,Normal,Normal,N,N,0,0,0.0,text_tfidf_svd_dense_logistic
7.13,0.594,35.29,35.91,M,,Heavy,Y,N,1,1,0.985479,text_tfidf_svd_dense_logistic
27.08,2.257,39.19,35.91,M,Thin,Thin,Y,N,1,1,0.999911,text_tfidf_svd_dense_logistic
9.72,0.81,23.269,35.91,F,,Heavy,N,N,1,1,0.958063,text_tfidf_svd_dense_logistic
32.4,2.7,34.473,35.91,F,,Heavy,Y,N,1,1,0.99849,text_tfidf_svd_dense_logistic
33.53,2.794,10.569,12.569,F,Normal,Normal,N,Y,0,0,0.0,text_tfidf_svd_dense_logistic
27.58,2.298,47.174,35.91,MN,,Heavy,Y,N,1,1,0.998947,text_tfidf_svd_dense_logistic
20.93,1.744,52.617,35.91,MN,,Heavy,Y,N,1,1,0.996814,text_tfidf_svd_dense_logistic
26.9,2.242,44.497,35.91,FS,,Heavy,Y,N,1,1,0.999853,text_tfidf_svd_dense_logistic
33.02,2.752,35.153,35.91,FS,,Heavy,N,N,1,1,0.997452,text_tfidf_svd_dense_logistic
24.74,2.062,9.707,12.569,FS,Normal,Normal,Y,N,0,0,0.0,text_tfidf_svd_dense_logistic
31.36,2.613,10.433,12.569,MN,Normal,Normal,N,N,0,0,0.0,text_tfidf_svd_dense_logistic
24.97,2.081,11.975,12.569,MN,Normal,Normal,N,N,0,0,0.0,text_tfidf_svd_dense_logistic
2.66,0.222,12.61,35.91,M,,Normal,Y,Y,0,0,0.000883,text_tfidf_svd_dense_logistic
30.53,2.544,42.91,35.91,FS,,Heavy,Y,N,1,1,0.999035,text_tfidf_svd_dense_logistic
29.87,2.489,20.049,35.91,FS,Thin,Thin,Y,N,1,1,0.999742,text_tfidf_svd_dense_logistic
20.57,1.714,58.332,35.91,MN,,Heavy,N,N,1,1,0.989015,text_tfidf_svd_dense_logistic
7.27,0.606,29.484,35.91,M,,Normal,N,Y,0,0,0.008476,text_tfidf_svd_dense_logistic
33.38,2.782,33.793,35.91,M,Thin,Thin,Y,N,1,1,0.999863,text_tfidf_svd_dense_logistic
16.39,1.366,38.691,35.91,FS,,Normal,Y,Y,0,0,0.000847,text_tfidf_svd_dense_logistic
22.32,1.86,26.943,35.91,FS,,Normal,N,N,0,0,0.012468,text_tfidf_svd_dense_logistic
35.88,2.99,27.941,35.91,F,Thin,Thin,Y,N,1,1,0.999932,text_tfidf_svd_dense_logistic
35.75,2.979,10.886,12.569,FS,Normal,Normal,Y,N,0,0,0.0,text_tfidf_svd_dense_logistic
2.52,0.21,7.62,35.91,M,,Normal,Y,N,0,0,0.055987,text_tfidf_svd_dense_logistic
20.66,1.722,26.989,35.91,MN,,Thin,Y,N,1,1,0.989939,text_tfidf_svd_dense_logistic
5.58,0.465,20.502,35.91,MN,,Normal,Y,N,0,0,0.003623,text_tfidf_svd_dense_logistic
14.69,1.224,27.76,35.91,F,,Thin,N,N,1,1,0.990773,text_tfidf_svd_dense_logistic
27.11,2.259,14.016,12.569,MN,Normal,Normal,N,Y,0,0,0.0,text_tfidf_svd_dense_logistic
30.04,2.503,25.968,35.91,F,Thin,Thin,Y,N,1,1,0.997359,text_tfidf_svd_dense_logistic
22.44,1.87,43.091,35.91,FS,,Heavy,Y,N,1,1,0.998214,text_tfidf_svd_dense_logistic
30.98,2.582,13.336,12.569,MN,Normal,Normal,Y,N,0,0,0.0,text_tfidf_svd_dense_logistic
25.46,2.122,38.102,35.91,M,Thin,Thin,Y,N,1,1,0.999834,text_tfidf_svd_dense_logistic
31.61,2.634,31.298,35.91,FS,Normal,Normal,Y,N,0,0,3.3e-05,text_tfidf_svd_dense_logistic
32.3,2.692,30.663,35.91,FS,Normal,Normal,Y,N,0,0,1.2e-05,text_tfidf_svd_dense_logistic
17.5,1.458,31.933,35.91,MN,,Normal,Y,N,0,0,0.005465,text_tfidf_svd_dense_logistic
22.61,1.884,18.189,12.569,M,,Normal,Y,N,0,0,3.7e-05,text_tfidf_svd_dense_logistic
18.41,1.534,32.16,35.91,MN,,Normal,Y,N,0,0,0.013658,text_tfidf_svd_dense_logistic
1.96,0.163,5.897,35.91,MN,,Normal,Y,Y,0,0,0.001912,text_tfidf_svd_dense_logistic
20.14,1.678,43.454,35.91,F,,Heavy,Y,Y,1,1,0.97181,text_tfidf_svd_dense_logistic
5.12,0.427,23.587,35.91,MN,,Normal,Y,N,0,0,0.003884,text_tfidf_svd_dense_logistic
21.84,1.82,26.762,35.91,FS,,Normal,Y,N,0,0,0.021236,text_tfidf_svd_dense_logistic
30.04,2.503,25.764,35.91,M,Thin,Thin,Y,Y,1,1,0.965294,text_tfidf_svd_dense_logistic
24.12,2.01,11.975,12.569,MN,Normal,Normal,N,N,0,0,0.0,text_tfidf_svd_dense_logistic
9.7,0.808,28.304,35.91,F,,Normal,N,Y,0,0,0.000987,text_tfidf_svd_dense_logistic
28.13,2.344,10.024,12.569,FS,Normal,Normal,N,N,0,0,0.0,text_tfidf_svd_dense_logistic
28.19,2.349,41.731,35.91,MN,,Heavy,Y,N,1,1,0.998285,text_tfidf_svd_dense_logistic
11.56,0.963,30.391,35.91,FS,,Normal,N,N,0,0,0.013686,text_tfidf_svd_dense_logistic
34.97,2.914,8.618,12.569,FS,Normal,Normal,Y,N,0,0,0.0,text_tfidf_svd_dense_logistic
10.8,0.9,33.022,35.91,MN,,Normal,N,N,0,0,0.004861,text_tfidf_svd_dense_logistic
2.39,0.199,7.983,35.91,MN,,Normal,Y,N,0,0,0.019105,text_tfidf_svd_dense_logistic
25.54,2.128,32.568,35.91,FS,,Normal,N,N,0,0,0.004132,text_tfidf_svd_dense_logistic
24.02,2.002,11.204,12.569,MN,Normal,Normal,Y,N,0,0,1e-06,text_tfidf_svd_dense_logistic
2.76,0.23,7.666,35.91,FS,,Normal,N,N,0,0,0.030208,text_tfidf_svd_dense_logistic
32.02,2.668,33.112,35.91,F,,Normal,Y,N,0,0,0.238147,text_tfidf_svd_dense_logistic
31.58,2.632,10.614,12.569,F,Normal,Normal,N,N,0,0,0.0,text_tfidf_svd_dense_logistic
31.21,2.601,23.405,35.91,FS,,Heavy,Y,N,1,1,0.998344,text_tfidf_svd_dense_logistic
27.0,2.25,38.329,35.91,M,Thin,Thin,Y,Y,1,1,0.998449,text_tfidf_svd_dense_logistic
16.97,1.414,39.281,35.91,FS,,Normal,Y,N,0,0,0.052446,text_tfidf_svd_dense_logistic
19.57,1.631,9.934,12.569,F,,Normal,N,Y,0,0,0.0,text_tfidf_svd_dense_logistic
3.28,0.273,17.01,35.91,FS,,Heavy,Y,Y,1,1,0.736848,text_tfidf_svd_dense_logistic
32.86,2.738,48.671,35.91,M,,Heavy,N,N,1,1,0.999241,text_tfidf_svd_dense_logistic
32.83,2.736,36.287,35.91,MN,,Heavy,N,N,1,1,0.991401,text_tfidf_svd_dense_logistic
30.37,2.531,46.448,35.91,MN,,Heavy,N,N,1,1,0.987698,text_tfidf_svd_dense_logistic
30.72,2.56,36.287,35.91,FS,Normal,Normal,Y,N,0,0,0.000283,text_tfidf_svd_dense_logistic
34.18,2.848,11.34,12.569,F,Normal,Normal,N,N,0,0,0.0,text_tfidf_svd_dense_logistic
32.28,2.69,36.287,35.91,M,Thin,Thin,Y,Y,1,1,0.998296,text_tfidf_svd_dense_logistic
2.98,0.248,3.266,35.91,M,,Normal,Y,N,0,0,0.15368,text_tfidf_svd_dense_logistic
26.32,2.193,10.07,12.569,F,Normal,Normal,Y,N,0,0,0.0,text_tfidf_svd_dense_logistic
32.0,2.667,31.752,35.91,FS,,Heavy,N,N,1,1,0.996127,text_tfidf_svd_dense_logistic
13.1,1.092,11.022,12.569,MN,,Normal,N,N,0,0,1e-06,text_tfidf_svd_dense_logistic
23.84,1.987,39.372,35.91,FS,,Heavy,Y,N,1,1,0.998477,text_tfidf_svd_dense_logistic
32.42,2.702,39.916,35.91,M,,Heavy,Y,N,1,1,0.998536,text_tfidf_svd_dense_logistic
6.19,0.516,25.31,35.91,F,,Heavy,Y,N,1,1,0.986366,text_tfidf_svd_dense_logistic
25.75,2.146,42.774,35.91,M,Thin,Thin,N,N,1,1,0.999973,text_tfidf_svd_dense_logistic
26.33,2.194,43.273,35.91,M,Thin,Thin,N,Y,1,1,0.999651,text_tfidf_svd_dense_logistic
14.78,1.232,13.245,12.569,FS,,Normal,N,N,0,0,7.2e-05,text_tfidf_svd_dense_logistic
26.42,2.202,24.721,35.91,F,Thin,Thin,Y,N,1,1,0.999804,text_tfidf_svd_dense_logistic
27.04,2.253,10.342,12.569,FS,Normal,Normal,Y,Y,0,0,0.0,text_tfidf_svd_dense_logistic
12.64,1.053,23.36,35.91,FS,,Thin,N,N,1,1,0.986311,text_tfidf_svd_dense_logistic
35.65,2.971,40.324,35.91,FS,,Heavy,Y,N,1,1,0.999289,text_tfidf_svd_dense_logistic
5.74,0.478,27.533,35.91,FS,,Thin,N,N,1,1,0.97812,text_tfidf_svd_dense_logistic
24.88,2.073,10.342,12.569,FS,Normal,Normal,N,N,0,0,0.0,text_tfidf_svd_dense_logistic
4.32,0.36,21.727,35.91,M,,Normal,Y,N,0,0,0.004845,text_tfidf_svd_dense_logistic
28.75,2.396,9.525,12.569,MN,Normal,Normal,Y,N,0,0,0.0,text_tfidf_svd_dense_logistic
32.7,2.725,33.747,35.91,FS,,Normal,Y,Y,0,0,0.000645,text_tfidf_svd_dense_logistic
27.26,2.272,47.446,35.91,MN,,Normal,Y,N,0,0,0.053723,text_tfidf_svd_dense_logistic
25.27,2.106,25.764,35.91,M,Thin,Thin,N,N,1,1,0.999876,text_tfidf_svd_dense_logistic
14.64,1.22,58.876,35.91,MN,,Heavy,Y,N,1,1,0.995556,text_tfidf_svd_dense_logistic
18.26,1.522,20.003,35.91,FS,,Thin,N,N,1,1,0.987511,text_tfidf_svd_dense_logistic
10.9,0.908,31.071,35.91,F,,Heavy,Y,N,1,1,0.994896,text_tfidf_svd_dense_logistic
16.33,1.361,34.019,35.91,F,,Normal,N,N,0,0,0.164864,text_tfidf_svd_dense_logistic
24.02,2.002,12.701,12.569,M,Normal,Normal,N,Y,0,0,0.0,text_tfidf_svd_dense_logistic
35.92,2.993,11.158,12.569,M,Normal,Normal,Y,N,0,0,0.0,text_tfidf_svd_dense_logistic
24.05,2.004,9.979,12.569,F,Normal,Normal,N,N,0,0,0.0,text_tfidf_svd_dense_logistic
24.02,2.002,9.843,12.569,MN,Normal,Normal,N,N,0,0,0.0,text_tfidf_svd_dense_logistic
30.04,2.503,25.401,35.91,MN,Thin,Thin,N,N,1,1,0.983973,text_tfidf_svd_dense_logistic
28.06,2.338,48.081,35.91,MN,,Heavy,Y,N,1,1,0.998891,text_tfidf_svd_dense_logistic
4.74,0.395,16.556,35.91,MN,,Normal,N,N,0,0,0.000948,text_tfidf_svd_dense_logistic
23.98,1.998,35.38,35.91,MN,,Normal,N,N,0,0,0.040843,text_tfidf_svd_dense_logistic
33.84,2.82,41.141,35.91,FS,,Heavy,Y,N,1,1,0.999074,text_tfidf_svd_dense_logistic
18.59,1.549,41.776,35.91,M,,Heavy,N,N,1,1,0.994238,text_tfidf_svd_dense_logistic
27.31,2.276,12.61,12.569,MN,Normal,Normal,Y,Y,0,0,0.0,text_tfidf_svd_dense_logistic
4.6,0.383,7.439,12.569,M,,Normal,N,N,0,0,1e-06,text_tfidf_svd_dense_logistic
30.11,2.509,30.572,35.91,MN,,Normal,Y,Y,0,0,3.4e-05,text_tfidf_svd_dense_logistic
26.22,2.185,50.802,35.91,M,Thin,Thin,N,N,1,1,0.999915,text_tfidf_svd_dense_logistic
7.87,0.656,28.486,35.91,M,,Thin,Y,N,1,1,0.978745,text_tfidf_svd_dense_logistic
31.55,2.629,42.456,35.91,M,Thin,Thin,Y,N,1,1,0.999991,text_tfidf_svd_dense_logistic
4.15,0.346,12.701,35.91,FS,,Thin,N,N,1,1,0.965297,text_tfidf_svd_dense_logistic
3.05,0.254,5.443,35.91,F,,Thin,Y,N,1,1,0.997479,text_tfidf_svd_dense_logistic
25.84,2.153,32.659,35.91,M,Thin,Thin,Y,N,1,1,0.999724,text_tfidf_svd_dense_logistic
13.0,1.083,24.675,35.91,FS,,Normal,Y,N,0,0,0.011241,text_tfidf_svd_dense_logistic
2.62,0.218,10.433,35.91,M,,Normal,Y,N,0,0,0.038842,text_tfidf_svd_dense_logistic
27.83,2.319,41.277,35.91,MN,,Heavy,Y,N,1,1,0.994219,text_tfidf_svd_dense_logistic
7.02,0.585,13.2,12.569,MN,,Normal,N,N,0,0,5e-06,text_tfidf_svd_dense_logistic
25.46,2.122,11.975,12.569,M,Normal,Normal,N,N,0,0,0.0,text_tfidf_svd_dense_logistic
30.56,2.547,36.968,35.91,FS,,Heavy,N,N,1,1,0.948934,text_tfidf_svd_dense_logistic
10.8,0.9,38.283,35.91,MN,,Normal,N,N,0,0,0.002211,text_tfidf_svd_dense_logistic
15.26,1.272,32.613,35.91,FS,,Thin,Y,Y,1,1,0.929806,text_tfidf_svd_dense_logistic
11.65,0.971,38.374,35.91,FS,,Heavy,N,N,1,1,0.984758,text_tfidf_svd_dense_logistic
31.58,2.632,11.884,12.569,F,Normal,Normal,Y,Y,0,0,0.0,text_tfidf_svd_dense_logistic
15.19,1.266,33.248,35.91,MN,,Normal,N,N,0,0,0.005622,text_tfidf_svd_dense_logistic
4.03,0.336,10.115,35.91,M,,Thin,Y,N,1,1,0.984558,text_tfidf_svd_dense_logistic
14.7,1.225,40.37,35.91,MN,,Normal,N,N,0,0,0.056427,text_tfidf_svd_dense_logistic
23.45,1.954,37.195,35.91,MN,,Normal,N,N,0,0,0.083032,text_tfidf_svd_dense_logistic
34.34,2.862,11.022,12.569,FS,Normal,Normal,Y,N,0,0,0.0,text_tfidf_svd_dense_logistic
11.82,0.985,40.188,35.91,FS,,Heavy,N,N,1,1,0.985098,text_tfidf_svd_dense_logistic
26.39,2.199,11.884,12.569,MN,Normal,Normal,N,N,0,0,0.0,text_tfidf_svd_dense_logistic
24.48,2.04,37.013,35.91,F,,Heavy,Y,N,1,1,0.99997,text_tfidf_svd_dense_logistic
3.24,0.27,7.893,35.91,M,,Normal,Y,N,0,0,0.022564,text_tfidf_svd_dense_logistic
21.91,1.826,51.211,35.91,FS,,Normal,Y,Y,0,0,0.00236,text_tfidf_svd_dense_logistic
24.02,2.002,12.156,12.569,MN,Normal,Normal,N,Y,0,0,0.0,text_tfidf_svd_dense_logistic
23.11,1.926,18.507,35.91,F,,Normal,N,N,0,0,0.014098,text_tfidf_svd_dense_logistic
18.36,1.53,30.98,35.91,FS,,Heavy,Y,N,1,1,0.996513,text_tfidf_svd_dense_logistic
2.71,0.226,8.391,35.91,FS,,Normal,Y,N,0,0,0.046951,text_tfidf_svd_dense_logistic
16.06,1.338,31.752,35.91,F,,Heavy,Y,Y,1,1,0.967855,text_tfidf_svd_dense_logistic
2.03,0.169,8.709,35.91,M,,Normal,N,Y,0,0,0.004799,text_tfidf_svd_dense_logistic
24.22,2.018,14.696,12.569,M,Normal,Normal,Y,N,0,0,0.0,text_tfidf_svd_dense_logistic
24.02,2.002,19.504,35.91,M,Thin,Thin,Y,N,1,1,0.999991,text_tfidf_svd_dense_logistic
27.11,2.259,36.424,35.91,FS,,Heavy,Y,N,1,1,0.997645,text_tfidf_svd_dense_logistic
21.38,1.782,40.914,35.91,F,,Heavy,N,N,1,1,0.994936,text_tfidf_svd_dense_logistic
19.87,1.656,43.636,35.91,MN,,Thin,Y,N,1,1,0.997193,text_tfidf_svd_dense_logistic
21.64,1.803,34.019,35.91,M,,Normal,Y,N,0,0,0.151149,text_tfidf_svd_dense_logistic
35.44,2.953,43.636,35.91,MN,,Normal,Y,N,0,0,0.121177,text_tfidf_svd_dense_logistic
35.26,2.938,59.012,35.91,FS,,Heavy,N,Y,1,1,0.991766,text_tfidf_svd_dense_logistic
17.2,1.433,32.069,35.91,MN,,Normal,Y,N,0,0,0.004338,text_tfidf_svd_dense_logistic
27.94,2.328,37.195,35.91,M,Thin,Thin,Y,Y,1,1,0.997835,text_tfidf_svd_dense_logistic
25.0,2.083,11.249,12.569,FS,Normal,Normal,Y,N,0,0,0.0,text_tfidf_svd_dense_logistic
4.45,0.371,15.785,35.91,FS,,Thin,Y,Y,1,1,0.858199,text_tfidf_svd_dense_logistic
3.54,0.295,5.67,35.91,M,,Thin,N,N,1,1,0.988138,text_tfidf_svd_dense_logistic
35.76,2.98,29.846,35.91,MN,,Heavy,Y,N,1,1,0.996162,text_tfidf_svd_dense_logistic
20.56,1.713,32.114,35.91,FS,,Heavy,Y,N,1,1,0.998007,text_tfidf_svd_dense_logistic
4.73,0.394,14.424,35.91,F,,Normal,N,N,0,0,0.013419,text_tfidf_svd_dense_logistic
24.01,2.001,10.251,12.569,F,Normal,Normal,N,N,0,0,0.0,text_tfidf_svd_dense_logistic
31.31,2.609,9.888,12.569,FS,Normal,Normal,N,N,0,0,0.0,text_tfidf_svd_dense_logistic
24.02,2.002,38.964,35.91,MN,,Heavy,N,N,1,1,0.999811,text_tfidf_svd_dense_logistic
30.02,2.502,23.133,35.91,M,Thin,Thin,N,N,1,1,0.999301,text_tfidf_svd_dense_logistic
6.77,0.564,32.659,35.91,FS,,Normal,N,N,0,0,0.032567,text_tfidf_svd_dense_logistic
23.46,1.955,41.277,35.91,FS,,Heavy,N,N,1,1,0.99293,text_tfidf_svd_dense_logistic
24.02,2.002,11.567,12.569,FS,Normal,Normal,Y,N,0,0,1e-06,text_tfidf_svd_dense_logistic
27.6,2.3,10.705,12.569,F,Normal,Normal,N,Y,0,0,0.0,text_tfidf_svd_dense_logistic
34.55,2.879,45.042,35.91,FS,,Normal,N,Y,0,0,0.026741,text_tfidf_svd_dense_logistic
31.45,2.621,37.83,35.91,FS,,Heavy,Y,N,1,1,0.998279,text_tfidf_svd_dense_logistic
25.08,2.09,10.796,12.569,MN,Normal,Normal,Y,N,0,0,0.0,text_tfidf_svd_dense_logistic
15.6,1.3,31.071,35.91,F,,Thin,Y,N,1,1,0.998783,text_tfidf_svd_dense_logistic
6.71,0.559,17.872,35.91,FS,,Normal,Y,Y,0,0,0.000423,text_tfidf_svd_dense_logistic
31.38,2.615,29.121,35.91,FS,,Heavy,N,N,1,1,0.992246,text_tfidf_svd_dense_logistic
28.85,2.404,41.912,35.91,MN,,Heavy,Y,N,1,1,0.998913,text_tfidf_svd_dense_logistic
31.61,2.634,47.627,35.91,MN,,Heavy,N,N,1,1,0.996731,text_tfidf_svd_dense_logistic
24.02,2.002,10.569,12.569,F,Normal,Normal,Y,Y,0,0,0.0,text_tfidf_svd_dense_logistic
23.56,1.963,39.281,35.91,FS,,Heavy,Y,N,1,1,0.998545,text_tfidf_svd_dense_logistic
4.48,0.373,24.857,35.91,MN,,Normal,Y,N,0,0,0.001946,text_tfidf_svd_dense_logistic
22.42,1.868,34.654,35.91,FS,,Heavy,Y,Y,1,1,0.934096,text_tfidf_svd_dense_logistic
28.58,2.382,17.781,35.91,FS,Thin,Thin,Y,Y,1,1,0.985995,text_tfidf_svd_dense_logistic
25.86,2.155,10.886,12.569,MN,Normal,Normal,N,N,0,0,0.0,text_tfidf_svd_dense_logistic
34.14,2.845,36.605,35.91,MN,,Normal,Y,N,0,0,0.00577,text_tfidf_svd_dense_logistic
27.6,2.3,13.063,12.569,M,Normal,Normal,N,N,0,0,0.0,text_tfidf_svd_dense_logistic
7.3,0.608,36.378,35.91,F,,Normal,Y,Y,0,0,0.014488,text_tfidf_svd_dense_logistic
24.54,2.045,38.555,35.91,MN,,Heavy,N,Y,1,1,0.975681,text_tfidf_svd_dense_logistic
33.25,2.771,33.022,35.91,FS,,Heavy,N,N,1,1,0.995911,text_tfidf_svd_dense_logistic
24.44,2.037,10.523,12.569,FS,Normal,Normal,N,N,0,0,0.0,text_tfidf_svd_dense_logistic
22.86,1.905,48.081,35.91,FS,,Heavy,N,N,1,1,0.99658,text_tfidf_svd_dense_logistic
33.72,2.81,28.168,35.91,FS,,Normal,N,N,0,0,0.01929,text_tfidf_svd_dense_logistic
4.98,0.415,11.34,35.91,FS,,Normal,Y,Y,0,0,0.000199,text_tfidf_svd_dense_logistic
34.48,2.873,12.338,12.569,MN,Normal,Normal,N,N,0,0,0.0,text_tfidf_svd_dense_logistic
30.6,2.55,36.968,35.91,FS,,Heavy,N,N,1,1,0.947321,text_tfidf_svd_dense_logistic
12.48,1.04,37.013,35.91,F,,Heavy,N,N,1,1,0.993613,text_tfidf_svd_dense_logistic
30.04,2.503,14.606,12.569,MN,Normal,Normal,Y,Y,0,0,0.0,text_tfidf_svd_dense_logistic
26.71,2.226,10.705,12.569,FS,,Normal,Y,N,0,0,1e-06,text_tfidf_svd_dense_logistic
31.74,2.645,13.109,12.569,MN,Normal,Normal,Y,N,0,0,0.0,text_tfidf_svd_dense_logistic
18.04,1.503,35.834,35.91,MN,,Heavy,Y,N,1,1,0.985862,text_tfidf_svd_dense_logistic
11.93,0.994,19.867,35.91,FS,,Thin,N,N,1,1,0.970161,text_tfidf_svd_dense_logistic
24.6,2.05,38.374,35.91,FS,,Heavy,N,N,1,1,0.999939,text_tfidf_svd_dense_logistic
8.47,0.706,28.123,35.91,FS,,Heavy,N,N,1,1,0.940964,text_tfidf_svd_dense_logistic
3.13,0.261,5.897,35.91,F,,Thin,Y,N,1,1,0.997413,text_tfidf_svd_dense_logistic
31.78,2.648,11.249,12.569,MN,Normal,Normal,Y,N,0,0,0.0,text_tfidf_svd_dense_logistic
20.93,1.744,28.712,35.91,F,,Normal,Y,N,0,0,0.03188,text_tfidf_svd_dense_logistic
26.93,2.244,39.372,35.91,M,,Normal,Y,Y,0,0,0.000668,text_tfidf_svd_dense_logistic
28.6,2.383,42.456,35.91,MN,,Normal,N,N,0,0,0.006886,text_tfidf_svd_dense_logistic
22.84,1.903,48.988,35.91,MN,,Heavy,N,N,1,1,0.989249,text_tfidf_svd_dense_logistic
30.04,2.503,38.102,35.91,FS,,Heavy,N,N,1,1,0.901624,text_tfidf_svd_dense_logistic
24.94,2.078,32.16,35.91,M,Thin,Thin,Y,Y,1,1,0.999164,text_tfidf_svd_dense_logistic
29.71,2.476,10.614,12.569,MN,Normal,Normal,Y,N,0,0,0.0,text_tfidf_svd_dense_logistic
15.96,1.33,39.689,35.91,F,,Heavy,Y,N,1,1,0.998441,text_tfidf_svd_dense_logistic
6.41,0.534,30.028,35.91,M,,Normal,N,N,0,0,0.001822,text_tfidf_svd_dense_logistic
32.27,2.689,12.02,12.569,F,Normal,Normal,Y,N,0,0,0.0,text_tfidf_svd_dense_logistic
24.02,2.002,12.837,12.569,MN,Normal,Normal,N,N,0,0,0.0,text_tfidf_svd_dense_logistic
27.92,2.327,13.426,12.569,MN,Normal,Normal,Y,N,0,0,0.0,text_tfidf_svd_dense_logistic
24.01,2.001,23.632,35.91,F,,Heavy,N,N,1,1,0.999933,text_tfidf_svd_dense_logistic
23.2,1.933,42.955,35.91,FS,,Heavy,Y,N,1,1,0.9991,text_tfidf_svd_dense_logistic
12.3,1.025,32.114,35.91,MN,,Normal,Y,Y,0,0,3.7e-05,text_tfidf_svd_dense_logistic
25.1,2.092,9.299,12.569,F,Normal,Normal,Y,Y,0,0,0.0,text_tfidf_svd_dense_logistic
7.36,0.613,24.857,35.91,M,,Normal,Y,N,0,0,0.004907,text_tfidf_svd_dense_logistic
24.61,2.051,40.551,35.91,M,Thin,Thin,N,N,1,1,0.999996,text_tfidf_svd_dense_logistic
30.7,2.558,11.068,12.569,MN,Normal,Normal,Y,Y,0,0,0.0,text_tfidf_svd_dense_logistic
24.35,2.029,37.195,35.91,M,Thin,Thin,Y,Y,1,1,0.999425,text_tfidf_svd_dense_logistic
31.98,2.665,25.991,35.91,F,Thin,Thin,N,N,1,1,0.999802,text_tfidf_svd_dense_logistic
18.89,1.574,37.648,35.91,MN,,Normal,Y,N,0,0,0.135477,text_tfidf_svd_dense_logistic
2.48,0.207,6.214,35.91,MN,,Thin,Y,Y,1,1,0.847398,text_tfidf_svd_dense_logistic
21.4,1.783,35.471,35.91,FS,,Heavy,N,N,1,1,0.993274,text_tfidf_svd_dense_logistic
22.33,1.861,51.256,35.91,MN,,Heavy,Y,N,1,1,0.996287,text_tfidf_svd_dense_logistic
30.04,2.503,38.555,35.91,MN,,Heavy,Y,N,1,1,0.929355,text_tfidf_svd_dense_logistic
31.61,2.634,39.599,35.91,FS,,Heavy,Y,Y,1,1,0.949121,text_tfidf_svd_dense_logistic
25.69,2.141,29.665,35.91,FS,,Heavy,Y,N,1,1,0.998067,text_tfidf_svd_dense_logistic
24.74,2.062,44.543,35.91,MN,Heavy,Heavy,Y,N,1,1,0.999961,text_tfidf_svd_dense_logistic
24.01,2.001,25.447,35.91,F,Thin,Thin,N,N,1,1,0.999997,text_tfidf_svd_dense_logistic
26.33,2.194,45.132,35.91,MN,Heavy,Heavy,N,N,1,1,0.995258,text_tfidf_svd_dense_logistic
1.67,0.139,2.948,35.91,F,,Thin,Y,Y,1,1,0.969929,text_tfidf_svd_dense_logistic
8.27,0.689,26.218,35.91,M,,Normal,N,N,0,0,0.003213,text_tfidf_svd_dense_logistic
13.86,1.155,21.546,35.91,FS,,Thin,Y,N,1,1,0.995534,text_tfidf_svd_dense_logistic
31.93,2.661,48.081,35.91,MN,,Heavy,Y,N,1,1,0.999476,text_tfidf_svd_dense_logistic
30.13,2.511,40.687,35.91,MN,,Heavy,Y,N,1,1,0.964201,text_tfidf_svd_dense_logistic
8.32,0.693,21.614,35.91,MN,,Normal,Y,Y,0,0,0.00037,text_tfidf_svd_dense_logistic
29.28,2.44,49.895,35.91,MN,,Heavy,N,N,1,1,0.998028,text_tfidf_svd_dense_logistic
26.62,2.218,8.528,12.569,FS,Normal,Normal,Y,Y,0,0,0.0,text_tfidf_svd_dense_logistic
32.05,2.671,10.977,12.569,FS,Normal,Normal,N,N,0,0,0.0,text_tfidf_svd_dense_logistic
27.4,2.283,35.199,35.91,FS,,Heavy,Y,N,1,1,0.998553,text_tfidf_svd_dense_logistic
30.79,2.566,11.431,12.569,FS,Normal,Normal,N,N,0,0,0.0,text_tfidf_svd_dense_logistic
29.81,2.484,30.89,35.91,M,,Heavy,Y,N,1,1,0.996834,text_tfidf_svd_dense_logistic
31.74,2.645,26.581,35.91,M,Thin,Thin,Y,Y,1,1,0.997576,text_tfidf_svd_dense_logistic
24.01,2.001,11.884,12.569,M,Normal,Normal,Y,Y,0,0,0.0,text_tfidf_svd_dense_logistic
31.94,2.662,36.287,35.91,M,Thin,Thin,Y,N,1,1,0.999889,text_tfidf_svd_dense_logistic
35.82,2.985,33.43,35.91,FS,,Normal,N,N,0,0,0.140575,text_tfidf_svd_dense_logistic
10.36,0.863,43.091,35.91,MN,,Normal,N,N,0,0,0.105344,text_tfidf_svd_dense_logistic
27.56,2.297,9.979,12.569,FS,Normal,Normal,Y,Y,0,0,0.0,text_tfidf_svd_dense_logistic
27.14,2.262,25.855,35.91,F,,Thin,N,N,1,1,0.996842,text_tfidf_svd_dense_logistic
21.11,1.759,37.195,35.91,FS,,Normal,Y,N,0,0,0.29062,text_tfidf_svd_dense_logistic
25.56,2.13,41.504,35.91,MN,,Heavy,Y,N,1,1,0.999214,text_tfidf_svd_dense_logistic
31.27,2.606,26.308,35.91,FS,,Heavy,Y,N,1,1,0.998394,text_tfidf_svd_dense_logistic
32.27,2.689,37.966,35.91,M,Thin,Thin,Y,N,1,1,0.999968,text_tfidf_svd_dense_logistic
25.99,2.166,46.675,35.91,M,,Heavy,Y,N,1,1,0.999438,text_tfidf_svd_dense_logistic
6.72,0.56,8.8,12.569,FS,,Normal,N,Y,0,0,1e-06,text_tfidf_svd_dense_logistic
35.33,2.944,13.381,12.569,M,Normal,Normal,Y,N,0,0,0.0,text_tfidf_svd_dense_logistic
12.46,1.038,29.484,35.91,M,,Normal,Y,Y,0,0,0.004466,text_tfidf_svd_dense_logistic
17.38,1.448,32.387,35.91,MN,,Normal,N,N,0,0,0.011259,text_tfidf_svd_dense_logistic
24.02,2.002,14.878,12.569,MN,Normal,Normal,N,N,0,0,1e-06,text_tfidf_svd_dense_logistic
33.1,2.758,42.865,35.91,MN,Heavy,Heavy,Y,N,1,1,0.999604,text_tfidf_svd_dense_logistic
27.5,2.292,51.437,35.91,MN,,Heavy,N,N,1,1,0.997496,text_tfidf_svd_dense_logistic
30.79,2.566,39.463,35.91,M,Thin,Thin,N,N,1,1,0.998753,text_tfidf_svd_dense_logistic
19.61,1.634,27.851,35.91,F,,Thin,Y,Y,1,1,0.91329,text_tfidf_svd_dense_logistic
23.48,1.957,39.463,35.91,FS,,Heavy,Y,N,1,1,0.997911,text_tfidf_svd_dense_logistic
33.55,2.796,12.565,12.569,FS,Normal,Normal,Y,Y,0,0,0.0,text_tfidf_svd_dense_logistic
11.63,0.969,49.442,35.91,MN,,Heavy,N,N,1,1,0.985047,text_tfidf_svd_dense_logistic
17.47,1.456,44.86,35.91,MN,,Heavy,N,N,1,1,0.985759,text_tfidf_svd_dense_logistic
31.01,2.584,25.129,35.91,M,,Normal,Y,N,0,0,0.036287,text_tfidf_svd_dense_logistic
35.33,2.944,12.247,12.569,FS,Normal,Normal,N,N,0,0,0.0,text_tfidf_svd_dense_logistic
17.48,1.457,41.504,35.91,FS,,Heavy,Y,N,1,1,0.998544,text_tfidf_svd_dense_logistic
34.61,2.884,11.34,12.569,MN,Normal,Normal,Y,N,0,0,0.0,text_tfidf_svd_dense_logistic
29.64,2.47,14.288,12.569,M,Normal,Normal,N,N,0,0,0.0,text_tfidf_svd_dense_logistic
28.45,2.371,10.433,12.569,F,Normal,Normal,Y,N,0,0,0.0,text_tfidf_svd_dense_logistic
4.39,0.366,13.835,35.91,FS,,Thin,N,N,1,1,0.974042,text_tfidf_svd_dense_logistic
25.0,2.083,36.741,35.91,M,Thin,Thin,Y,N,1,1,0.999898,text_tfidf_svd_dense_logistic
31.64,2.637,12.701,12.569,MN,Normal,Normal,Y,Y,0,0,0.0,text_tfidf_svd_dense_logistic
21.36,1.78,33.566,35.91,FS,,Normal,Y,Y,0,0,0.014303,text_tfidf_svd_dense_logistic
19.51,1.626,47.627,35.91,MN,,Heavy,N,N,1,1,0.986579,text_tfidf_svd_dense_logistic
32.24,2.687,12.156,12.569,MN,Normal,Normal,Y,N,0,0,0.0,text_tfidf_svd_dense_logistic
32.0,2.667,43.636,35.91,FS,,Heavy,Y,N,1,1,0.999939,text_tfidf_svd_dense_logistic
24.37,2.031,10.115,12.569,MN,Normal,Normal,N,N,0,0,0.0,text_tfidf_svd_dense_logistic
4.6,0.383,9.253,35.91,F,,Normal,Y,N,0,0,0.006366,text_tfidf_svd_dense_logistic
31.91,2.659,26.036,35.91,M,Thin,Thin,Y,Y,1,1,0.998515,text_tfidf_svd_dense_logistic
31.67,2.639,9.707,12.569,FS,Normal,Normal,Y,N,0,0,0.0,text_tfidf_svd_dense_logistic
30.04,2.503,11.34,12.569,F,Normal,Normal,Y,Y,0,0,0.0,text_tfidf_svd_dense_logistic
31.13,2.594,38.283,35.91,FS,,Heavy,N,N,1,1,0.994706,text_tfidf_svd_dense_logistic
18.85,1.571,11.431,12.569,F,,Normal,Y,Y,0,0,6e-06,text_tfidf_svd_dense_logistic
25.01,2.084,33.112,35.91,FS,Normal,Normal,Y,N,0,0,0.001559,text_tfidf_svd_dense_logistic
11.03,0.919,26.308,35.91,F,,Heavy,Y,N,1,1,0.98797,text_tfidf_svd_dense_logistic
26.22,2.185,42.456,35.91,M,Thin,Thin,N,Y,1,1,0.999708,text_tfidf_svd_dense_logistic
28.5,2.375,11.249,12.569,F,Normal,Normal,N,N,0,0,0.0,text_tfidf_svd_dense_logistic
34.73,2.894,32.749,35.91,MN,,Normal,Y,N,0,0,0.005097,text_tfidf_svd_dense_logistic
12.18,1.015,30.3,35.91,F,,Heavy,N,N,1,1,0.981871,text_tfidf_svd_dense_logistic
3.13,0.261,17.463,35.91,F,,Normal,Y,Y,0,0,0.001986,text_tfidf_svd_dense_logistic
8.52,0.71,29.756,35.91,FS,,Heavy,N,N,1,1,0.921273,text_tfidf_svd_dense_logistic
6.14,0.512,26.807,35.91,MN,,Thin,N,Y,1,1,0.620281,text_tfidf_svd_dense_logistic
17.28,1.44,24.04,35.91,FS,,Normal,N,N,0,0,0.023993,text_tfidf_svd_dense_logistic
9.68,0.807,45.178,35.91,M,,Normal,Y,Y,0,0,0.005231,text_tfidf_svd_dense_logistic
27.17,2.264,41.731,35.91,MN,,Heavy,Y,N,1,1,0.998866,text_tfidf_svd_dense_logistic
33.78,2.815,10.433,12.569,FS,Normal,Normal,N,N,0,0,0.0,text_tfidf_svd_dense_logistic
21.77,1.814,36.378,35.91,MN,,Normal,N,N,0,0,0.077921,text_tfidf_svd_dense_logistic
27.04,2.253,44.634,35.91,MN,,Normal,Y,N,0,0,0.02022,text_tfidf_svd_dense_logistic
25.38,2.115,41.504,35.91,FS,,Normal,N,N,0,0,0.366462,text_tfidf_svd_dense_logistic
31.51,2.626,38.374,35.91,M,Thin,Thin,Y,Y,1,1,0.998245,text_tfidf_svd_dense_logistic
22.55,1.879,52.072,35.91,MN,,Heavy,N,N,1,1,0.985439,text_tfidf_svd_dense_logistic
35.59,2.966,11.476,12.569,MN,Normal,Normal,Y,N,0,0,0.0,text_tfidf_svd_dense_logistic
27.89,2.324,41.912,35.91,MN,Heavy,Heavy,Y,Y,1,1,0.980002,text_tfidf_svd_dense_logistic
26.1,2.175,31.389,35.91,MN,,Normal,N,N,0,0,0.000413,text_tfidf_svd_dense_logistic
28.75,2.396,49.442,35.91,FS,,Heavy,N,N,1,1,0.9971,text_tfidf_svd_dense_logistic
28.22,2.352,13.381,12.569,MN,Normal,Normal,Y,N,0,0,0.0,text_tfidf_svd_dense_logistic
13.6,1.133,36.106,35.91,FS,,Normal,N,N,0,0,0.146574,text_tfidf_svd_dense_logistic
6.86,0.572,31.389,35.91,M,,Normal,N,N,0,0,0.004965,text_tfidf_svd_dense_logistic
25.67,2.139,38.147,35.91,M,Thin,Thin,N,N,1,1,0.9999,text_tfidf_svd_dense_logistic
29.22,2.435,32.659,35.91,FS,Normal,Normal,Y,N,0,0,0.001299,text_tfidf_svd_dense_logistic
4.74,0.395,20.412,35.91,M,,Normal,Y,Y,0,0,0.000157,text_tfidf_svd_dense_logistic
16.14,1.345,27.896,35.91,FS,,Normal,N,Y,0,0,0.001173,text_tfidf_svd_dense_logistic
28.79,2.399,11.612,12.569,FS,Normal,Normal,N,N,0,0,0.0,text_tfidf_svd_dense_logistic
29.9,2.492,38.419,35.91,M,Thin,Thin,N,N,1,1,0.999959,text_tfidf_svd_dense_logistic
30.78,2.565,38.102,35.91,FS,,Heavy,Y,N,1,1,0.990236,text_tfidf_svd_dense_logistic
25.43,2.119,23.587,35.91,M,Thin,Thin,Y,N,1,1,0.999928,text_tfidf_svd_dense_logistic
31.69,2.641,31.842,35.91,FS,Normal,Normal,N,N,0,0,2.2e-05,text_tfidf_svd_dense_logistic
27.64,2.303,38.283,35.91,MN,,Heavy,N,Y,1,1,0.832505,text_tfidf_svd_dense_logistic
17.11,1.426,38.691,35.91,FS,,Heavy,N,N,1,1,0.994393,text_tfidf_svd_dense_logistic
31.4,2.617,32.024,35.91,FS,,Heavy,N,N,1,1,0.990999,text_tfidf_svd_dense_logistic
35.94,2.995,41.549,35.91,FS,Heavy,Heavy,Y,N,1,1,0.999673,text_tfidf_svd_dense_logistic
29.02,2.418,36.741,35.91,FS,,Heavy,Y,N,1,1,0.999026,text_tfidf_svd_dense_logistic
33.38,2.782,56.654,35.91,MN,,Heavy,Y,N,1,1,0.999621,text_tfidf_svd_dense_logistic
10.16,0.847,32.568,35.91,FS,,Normal,N,N,0,0,0.007035,text_tfidf_svd_dense_logistic
30.46,2.538,10.705,12.569,F,Normal,Normal,Y,N,0,0,0.0,text_tfidf_svd_dense_logistic
24.8,2.067,11.703,12.569,FS,Normal,Normal,Y,N,0,0,0.0,text_tfidf_svd_dense_logistic
29.48,2.457,44.634,35.91,MN,,Heavy,N,N,1,1,0.998593,text_tfidf_svd_dense_logistic
12.79,1.066,38.374,35.91,F,,Normal,N,N,0,0,0.030106,text_tfidf_svd_dense_logistic
18.53,1.544,25.991,35.91,FS,,Normal,N,N,0,0,0.012307,text_tfidf_svd_dense_logistic
26.81,2.234,35.834,35.91,FS,Heavy,Heavy,Y,N,1,1,0.992391,text_tfidf_svd_dense_logistic
29.5,2.458,33.929,35.91,F,,Normal,N,Y,0,0,0.031318,text_tfidf_svd_dense_logistic
35.48,2.957,44.543,35.91,MN,Heavy,Heavy,N,N,1,1,0.998139,text_tfidf_svd_dense_logistic
28.88,2.407,11.929,12.569,M,Normal,Normal,Y,Y,0,0,0.0,text_tfidf_svd_dense_logistic
26.58,2.215,11.793,12.569,M,Normal,Normal,Y,N,0,0,0.0,text_tfidf_svd_dense_logistic
6.6,0.55,19.187,35.91,F,,Thin,N,N,1,1,0.959109,text_tfidf_svd_dense_logistic
25.56,2.13,10.433,12.569,FS,Normal,Normal,Y,Y,0,0,0.0,text_tfidf_svd_dense_logistic
10.85,0.904,34.201,35.91,FS,,Normal,N,N,0,0,0.010832,text_tfidf_svd_dense_logistic
29.45,2.454,39.825,35.91,M,,Heavy,N,N,1,1,0.992946,text_tfidf_svd_dense_logistic
35.48,2.957,11.884,12.569,MN,Normal,Normal,Y,N,0,0,0.0,text_tfidf_svd_dense_logistic
0.94,0.078,2.767,35.91,F,,Normal,Y,N,0,0,0.037541,text_tfidf_svd_dense_logistic
5.86,0.488,16.284,35.91,FS,,Normal,N,Y,0,0,0.000989,text_tfidf_svd_dense_logistic
26.82,2.235,9.752,12.569,F,Normal,Normal,Y,N,0,0,0.0,text_tfidf_svd_dense_logistic
12.37,1.031,22.226,35.91,F,,Normal,N,N,0,0,0.01735,text_tfidf_svd_dense_logistic
31.38,2.615,34.065,35.91,M,Thin,Thin,Y,N,1,1,0.999949,text_tfidf_svd_dense_logistic
33.55,2.796,39.463,35.91,MN,,Normal,Y,N,0,0,0.11818,text_tfidf_svd_dense_logistic
24.02,2.002,13.608,12.569,MN,Normal,Normal,Y,N,0,0,0.0,text_tfidf_svd_dense_logistic
33.42,2.785,11.249,12.569,F,Normal,Normal,N,N,0,0,0.0,text_tfidf_svd_dense_logistic
31.91,2.659,32.387,35.91,F,Thin,Thin,Y,N,1,1,0.999896,text_tfidf_svd_dense_logistic
11.27,0.939,18.507,35.91,MN,,Thin,N,N,1,1,0.940562,text_tfidf_svd_dense_logistic
6.72,0.56,28.849,35.91,FS,,Normal,N,N,0,0,0.02779,text_tfidf_svd_dense_logistic
6.31,0.526,16.874,35.91,F,,Normal,Y,N,0,0,0.008805,text_tfidf_svd_dense_logistic
28.22,2.352,61.87,35.91,MN,,Heavy,Y,N,1,1,0.998725,text_tfidf_svd_dense_logistic
24.72,2.06,36.832,35.91,M,Thin,Thin,N,N,1,1,0.99999,text_tfidf_svd_dense_logistic
24.22,2.018,12.882,12.569,MN,Normal,Normal,Y,Y,0,0,0.0,text_tfidf_svd_dense_logistic
24.91,2.076,35.471,35.91,FS,,Heavy,N,N,1,1,0.999927,text_tfidf_svd_dense_logistic
34.7,2.892,43.091,35.91,FS,,Heavy,Y,N,1,1,0.999628,text_tfidf_svd_dense_logistic
6.7,0.558,22.952,35.91,MN,,Normal,N,Y,0,0,0.000177,text_tfidf_svd_dense_logistic
22.44,1.87,32.523,35.91,FS,,Heavy,Y,N,1,1,0.997163,text_tfidf_svd_dense_logistic
12.24,1.02,23.315,35.91,FS,,Heavy,Y,N,1,1,0.994922,text_tfidf_svd_dense_logistic
24.02,2.002,9.389,12.569,FS,Normal,Normal,Y,N,0,0,0.0,text_tfidf_svd_dense_logistic
14.88,1.24,53.343,35.91,MN,,Heavy,N,N,1,1,0.985426,text_tfidf_svd_dense_logistic
35.75,2.979,50.485,35.91,MN,,Normal,N,N,0,0,0.061977,text_tfidf_svd_dense_logistic
31.68,2.64,9.525,12.569,FS,Normal,Normal,Y,N,0,0,0.0,text_tfidf_svd_dense_logistic
4.09,0.341,9.072,35.91,M,,Normal,Y,N,0,0,0.020152,text_tfidf_svd_dense_logistic
10.76,0.897,27.17,35.91,F,,Normal,Y,N,0,0,0.024216,text_tfidf_svd_dense_logistic
3.48,0.29,13.517,35.91,F,,Normal,Y,N,0,0,0.010909,text_tfidf_svd_dense_logistic
27.64,2.303,24.04,35.91,F,,Thin,N,N,1,1,0.985638,text_tfidf_svd_dense_logistic
31.32,2.61,13.608,12.569,MN,Normal,Normal,Y,N,0,0,0.0,text_tfidf_svd_dense_logistic
33.58,2.798,40.642,35.91,M,Thin,Thin,Y,N,1,1,0.999977,text_tfidf_svd_dense_logistic
24.01,2.001,11.34,12.569,MN,Normal,Normal,Y,N,0,0,0.0,text_tfidf_svd_dense_logistic
26.02,2.168,50.077,35.91,FS,,Heavy,N,N,1,1,0.999338,text_tfidf_svd_dense_logistic
30.02,2.502,13.154,12.569,MN,Normal,Normal,N,Y,0,0,0.0,text_tfidf_svd_dense_logistic
33.59,2.799,8.21,12.569,FS,Normal,Normal,N,N,0,0,0.0,text_tfidf_svd_dense_logistic
33.65,2.804,10.659,12.569,FS,Normal,Normal,Y,Y,0,0,0.0,text_tfidf_svd_dense_logistic
26.51,2.209,10.75,12.569,F,Normal,Normal,N,Y,0,0,0.0,text_tfidf_svd_dense_logistic
34.18,2.848,47.31,35.91,MN,Heavy,Heavy,Y,N,1,1,0.999208,text_tfidf_svd_dense_logistic
23.52,1.96,23.179,35.91,FS,,Thin,Y,N,1,1,0.995655,text_tfidf_svd_dense_logistic
4.6,0.383,21.047,35.91,F,,Heavy,Y,N,1,1,0.984727,text_tfidf_svd_dense_logistic
25.43,2.119,9.979,12.569,F,Normal,Normal,Y,N,0,0,0.0,text_tfidf_svd_dense_logistic
26.87,2.239,40.143,35.91,FS,,Heavy,N,N,1,1,0.992156,text_tfidf_svd_dense_logistic
12.05,1.004,36.015,35.91,F,,Heavy,Y,N,1,1,0.998347,text_tfidf_svd_dense_logistic
31.46,2.622,34.156,35.91,M,,Normal,Y,Y,0,0,0.002124,text_tfidf_svd_dense_logistic
32.82,2.735,12.791,12.569,M,Normal,Normal,Y,N,0,0,0.0,text_tfidf_svd_dense_logistic
34.07,2.839,45.994,35.91,FS,,Heavy,Y,N,1,1,0.999803,text_tfidf_svd_dense_logistic
3.72,0.31,2.495,35.91,M,,Thin,N,N,1,1,0.990946,text_tfidf_svd_dense_logistic
25.54,2.128,45.904,35.91,MN,Heavy,Heavy,N,N,1,1,0.996324,text_tfidf_svd_dense_logistic
4.66,0.388,18.96,35.91,MN,,Normal,N,N,0,0,0.002129,text_tfidf_svd_dense_logistic
6.4,0.533,29.756,35.91,FS,,Thin,N,N,1,1,0.959012,text_tfidf_svd_dense_logistic
35.45,2.954,30.98,35.91,MN,,Thin,N,N,1,1,0.988799,text_tfidf_svd_dense_logistic
35.62,2.968,40.415,35.91,FS,,Heavy,Y,N,1,1,0.999302,text_tfidf_svd_dense_logistic
13.86,1.155,29.665,35.91,MN,,Heavy,N,N,1,1,0.950462,text_tfidf_svd_dense_logistic
15.88,1.323,16.42,35.91,FS,,Normal,Y,N,0,0,0.019481,text_tfidf_svd_dense_logistic
28.62,2.385,29.03,35.91,M,Thin,Thin,N,N,1,1,0.999225,text_tfidf_svd_dense_logistic
15.83,1.319,32.659,35.91,F,,Heavy,Y,N,1,1,0.99591,text_tfidf_svd_dense_logistic
26.26,2.188,9.752,12.569,F,Normal,Normal,N,N,0,0,0.0,text_tfidf_svd_dense_logistic
28.45,2.371,8.845,12.569,FS,Normal,Normal,Y,N,0,0,0.0,text_tfidf_svd_dense_logistic
30.04,2.503,30.935,35.91,FS,Normal,Normal,Y,N,0,0,1e-06,text_tfidf_svd_dense_logistic
30.13,2.511,40.597,35.91,FS,,Heavy,N,N,1,1,0.95407,text_tfidf_svd_dense_logistic
32.42,2.702,50.938,35.91,FS,,Heavy,N,N,1,1,0.999486,text_tfidf_svd_dense_logistic
3.11,0.259,10.433,35.91,FS,,Normal,N,N,0,0,0.016888,text_tfidf_svd_dense_logistic
32.4,2.7,12.882,12.569,MN,Normal,Normal,Y,Y,0,0,0.0,text_tfidf_svd_dense_logistic
12.48,1.04,36.741,35.91,MN,,Normal,N,N,0,0,0.063308,text_tfidf_svd_dense_logistic
24.12,2.01,11.521,12.569,FS,Normal,Normal,Y,N,0,0,0.0,text_tfidf_svd_dense_logistic
35.99,2.999,35.38,35.91,FS,,Heavy,Y,N,1,1,0.99803,text_tfidf_svd_dense_logistic
29.62,2.468,11.839,12.569,MN,Normal,Normal,N,N,0,0,0.0,text_tfidf_svd_dense_logistic
31.84,2.653,40.37,35.91,MN,,Normal,N,N,0,0,0.061846,text_tfidf_svd_dense_logistic
26.32,2.193,32.432,35.91,FS,,Heavy,N,N,1,1,0.986201,text_tfidf_svd_dense_logistic
17.51,1.459,44.225,35.91,FS,,Heavy,Y,N,1,1,0.998693,text_tfidf_svd_dense_logistic
11.59,0.966,20.14,35.91,FS,,Normal,N,N,0,0,0.013221,text_tfidf_svd_dense_logistic
3.14,0.262,9.117,35.91,M,,Normal,N,Y,0,0,0.000467,text_tfidf_svd_dense_logistic
17.68,1.473,27.034,35.91,F,,Normal,Y,N,0,0,0.029974,text_tfidf_svd_dense_logistic
24.02,2.002,30.119,35.91,F,,Thin,Y,N,1,1,0.999975,text_tfidf_svd_dense_logistic
32.33,2.694,46.357,35.91,MN,,Heavy,Y,N,1,1,0.999613,text_tfidf_svd_dense_logistic
13.62,1.135,34.019,35.91,F,,Heavy,Y,N,1,1,0.997866,text_tfidf_svd_dense_logistic
1.79,0.149,4.627,35.91,M,,Normal,Y,N,0,0,0.14638,text_tfidf_svd_dense_logistic
16.1,1.342,43.091,35.91,MN,,Normal,Y,N,0,0,0.152983,text_tfidf_svd_dense_logistic
28.3,2.358,12.066,12.569,F,Normal,Normal,Y,Y,0,0,0.0,text_tfidf_svd_dense_logistic
30.55,2.546,37.966,35.91,FS,,Heavy,Y,N,1,1,0.988041,text_tfidf_svd_dense_logistic
35.39,2.949,37.648,35.91,FS,,Heavy,Y,N,1,1,0.998717,text_tfidf_svd_dense_logistic
26.54,2.212,38.918,35.91,MN,,Heavy,N,N,1,1,0.965023,text_tfidf_svd_dense_logistic
32.34,2.695,47.219,35.91,MN,,Heavy,N,Y,1,1,0.97484,text_tfidf_svd_dense_logistic
11.51,0.959,46.176,35.91,MN,,Normal,N,N,0,0,0.027465,text_tfidf_svd_dense_logistic
17.98,1.498,42.91,35.91,FS,,Normal,Y,N,0,0,0.104409,text_tfidf_svd_dense_logistic
24.71,2.059,22.498,35.91,F,Thin,Thin,N,N,1,1,0.999988,text_tfidf_svd_dense_logistic
24.01,2.001,13.018,12.569,M,Normal,Normal,N,N,0,0,0.0,text_tfidf_svd_dense_logistic
4.92,0.41,21.047,35.91,F,,Normal,Y,Y,0,0,0.000305,text_tfidf_svd_dense_logistic
18.1,1.508,30.481,35.91,F,,Heavy,Y,Y,1,1,0.84121,text_tfidf_svd_dense_logistic
27.48,2.29,39.145,35.91,FS,,Normal,N,N,0,0,0.007099,text_tfidf_svd_dense_logistic
24.95,2.079,45.813,35.91,F,,Heavy,Y,Y,1,1,0.997823,text_tfidf_svd_dense_logistic
24.02,2.002,37.331,35.91,M,,Heavy,N,N,1,1,0.999871,text_tfidf_svd_dense_logistic
32.86,2.738,9.798,12.569,F,Normal,Normal,N,N,0,0,0.0,text_tfidf_svd_dense_logistic
11.65,0.971,35.562,35.91,MN,,Heavy,N,N,1,1,0.946238,text_tfidf_svd_dense_logistic
33.68,2.807,24.04,35.91,MN,Thin,Thin,Y,Y,1,1,0.980943,text_tfidf_svd_dense_logistic
35.86,2.988,10.07,12.569,FS,Normal,Normal,Y,Y,0,0,0.0,text_tfidf_svd_dense_logistic
24.91,2.076,13.88,12.569,MN,Normal,Normal,N,N,0,0,0.0,text_tfidf_svd_dense_logistic
24.01,2.001,40.959,35.91,MN,,Heavy,Y,N,1,1,0.999975,text_tfidf_svd_dense_logistic
4.0,0.333,12.156,35.91,F,,Normal,N,N,0,0,0.00987,text_tfidf_svd_dense_logistic
17.04,1.42,30.844,35.91,FS,,Heavy,Y,N,1,1,0.992764,text_tfidf_svd_dense_logistic
27.47,2.289,11.521,12.569,MN,Normal,Normal,N,N,0,0,0.0,text_tfidf_svd_dense_logistic
33.48,2.79,38.193,35.91,FS,,Heavy,Y,N,1,1,0.999346,text_tfidf_svd_dense_logistic
2.22,0.185,2.631,35.91,M,,Normal,N,N,0,0,0.033949,text_tfidf_svd_dense_logistic
31.87,2.656,37.376,35.91,FS,Normal,Normal,N,N,0,0,3.2e-05,text_tfidf_svd_dense_logistic
32.28,2.69,26.444,35.91,F,Thin,Thin,Y,Y,1,1,0.997341,text_tfidf_svd_dense_logistic
14.56,1.213,29.484,35.91,MN,,Normal,Y,N,0,0,0.043964,text_tfidf_svd_dense_logistic
25.75,2.146,49.396,35.91,MN,,Heavy,Y,N,1,1,0.999308,text_tfidf_svd_dense_logistic
35.4,2.95,51.256,35.91,MN,,Normal,N,N,0,0,0.052665,text_tfidf_svd_dense_logistic
33.68,2.807,30.663,35.91,MN,,Heavy,Y,N,1,1,0.99595,text_tfidf_svd_dense_logistic
25.86,2.155,12.973,12.569,MN,Normal,Normal,N,N,0,0,0.0,text_tfidf_svd_dense_logistic
27.05,2.254,35.743,35.91,FS,Normal,Normal,Y,Y,0,0,2e-06,text_tfidf_svd_dense_logistic
14.26,1.188,45.359,35.91,M,,Normal,N,N,0,0,0.127876,text_tfidf_svd_dense_logistic
17.57,1.464,50.802,35.91,MN,,Heavy,N,N,1,1,0.987744,text_tfidf_svd_dense_logistic
26.32,2.193,45.813,35.91,M,Thin,Thin,Y,N,1,1,0.999935,text_tfidf_svd_dense_logistic
33.59,2.799,46.266,35.91,FS,,Heavy,Y,N,1,1,0.999698,text_tfidf_svd_dense_logistic
31.87,2.656,9.163,12.569,FS,Normal,Normal,Y,Y,0,0,0.0,text_tfidf_svd_dense_logistic
35.98,2.998,40.551,35.91,M,Thin,Thin,Y,N,1,1,0.999972,text_tfidf_svd_dense_logistic
11.77,0.981,41.821,35.91,M,,Normal,N,N,0,0,0.05804,text_tfidf_svd_dense_logistic
26.29,2.191,11.44,12.569,FS,Normal,Normal,N,N,0,0,0.0,text_tfidf_svd_dense_logistic
28.62,2.385,27.851,35.91,MN,,Normal,N,N,0,0,0.001602,text_tfidf_svd_dense_logistic
24.02,2.002,10.796,12.569,FS,Normal,Normal,Y,N,0,0,1e-06,text_tfidf_svd_dense_logistic
25.22,2.102,40.007,35.91,FS,,Heavy,N,N,1,1,0.995534,text_tfidf_svd_dense_logistic
30.04,2.503,11.34,12.569,FS,Normal,Normal,N,Y,0,0,0.0,text_tfidf_svd_dense_logistic
3.28,0.273,7.167,35.91,F,,Normal,Y,N,0,0,0.037887,text_tfidf_svd_dense_logistic
24.02,2.002,25.31,35.91,F,,Thin,N,N,1,1,0.999931,text_tfidf_svd_dense_logistic
20.54,1.712,27.76,35.91,FS,,Normal,Y,N,0,0,0.03295,text_tfidf_svd_dense_logistic
25.3,2.108,12.655,12.569,M,Normal,Normal,Y,Y,0,0,0.0,text_tfidf_svd_dense_logistic
33.48,2.79,62.596,35.91,M,Thin,Thin,Y,N,1,1,0.999997,text_tfidf_svd_dense_logistic
24.65,2.054,11.975,12.569,M,Normal,Normal,Y,N,0,0,0.0,text_tfidf_svd_dense_logistic
12.12,1.01,24.177,35.91,MN,,Normal,N,N,0,0,0.003039,text_tfidf_svd_dense_logistic
15.24,1.27,37.603,35.91,MN,,Heavy,Y,N,1,1,0.99517,text_tfidf_svd_dense_logistic
31.73,2.644,38.828,35.91,F,,Normal,Y,N,0,0,0.040949,text_tfidf_svd_dense_logistic
2.32,0.193,4.218,35.91,MN,,Thin,Y,N,1,1,0.996028,text_tfidf_svd_dense_logistic
8.96,0.747,22.226,35.91,M,,Normal,Y,Y,0,0,0.000304,text_tfidf_svd_dense_logistic
24.54,2.045,44.452,35.91,MN,Heavy,Heavy,N,N,1,1,0.999832,text_tfidf_svd_dense_logistic
33.95,2.829,13.336,12.569,MN,Normal,Normal,Y,N,0,0,0.0,text_tfidf_svd_dense_logistic
24.02,2.002,23.632,35.91,MN,Thin,Thin,Y,N,1,1,0.99999,text_tfidf_svd_dense_logistic
27.64,2.303,46.765,35.91,M,,Heavy,N,N,1,1,0.998306,text_tfidf_svd_dense_logistic
25.93,2.161,46.312,35.91,MN,,Heavy,N,N,1,1,0.99783,text_tfidf_svd_dense_logistic
24.64,2.053,39.054,35.91,MN,,Heavy,Y,N,1,1,0.999895,text_tfidf_svd_dense_logistic
31.12,2.593,9.752,12.569,FS,Normal,Normal,Y,Y,0,0,0.0,text_tfidf_svd_dense_logistic
12.01,1.001,37.059,35.91,M,,Normal,Y,N,0,0,0.040961,text_tfidf_svd_dense_logistic
14.48,1.207,24.313,35.91,F,,Heavy,Y,N,1,1,0.993992,text_tfidf_svd_dense_logistic
21.55,1.796,37.875,35.91,MN,,Heavy,N,N,1,1,0.980023,text_tfidf_svd_dense_logistic
26.98,2.248,35.743,35.91,FS,,Heavy,N,N,1,1,0.986733,text_tfidf_svd_dense_logistic
27.5,2.292,12.428,12.569,M,Normal,Normal,N,N,0,0,0.0,text_tfidf_svd_dense_logistic
26.53,2.211,36.197,35.91,MN,,Normal,N,N,0,0,0.00168,text_tfidf_svd_dense_logistic
26.58,2.215,10.433,12.569,F,Normal,Normal,Y,N,0,0,0.0,text_tfidf_svd_dense_logistic
27.79,2.316,47.854,35.91,M,,Heavy,N,N,1,1,0.998325,text_tfidf_svd_dense_logistic
27.5,2.292,10.569,12.569,MN,Normal,Normal,N,N,0,0,0.0,text_tfidf_svd_dense_logistic
4.62,0.385,14.424,35.91,F,,Thin,Y,N,1,1,0.989817,text_tfidf_svd_dense_logistic
26.09,2.174,13.835,12.569,MN,Normal,Normal,N,Y,0,0,0.0,text_tfidf_svd_dense_logistic
32.03,2.669,40.823,35.91,MN,,Heavy,Y,N,1,1,0.997501,text_tfidf_svd_dense_logistic
28.09,2.341,9.163,12.569,FS,Normal,Normal,Y,N,0,0,0.0,text_tfidf_svd_dense_logistic
22.82,1.902,54.477,35.91,MN,,Heavy,Y,N,1,1,0.996915,text_tfidf_svd_dense_logistic
18.07,1.506,29.484,35.91,FS,,Normal,Y,N,0,0,0.092859,text_tfidf_svd_dense_logistic
27.79,2.316,48.081,35.91,MN,,Heavy,N,N,1,1,0.997301,text_tfidf_svd_dense_logistic
3.35,0.279,14.696,35.91,M,,Normal,Y,Y,0,0,0.000191,text_tfidf_svd_dense_logistic
28.81,2.401,14.515,12.569,MN,Normal,Normal,Y,N,0,0,0.0,text_tfidf_svd_dense_logistic
19.62,1.635,22.68,35.91,M,,Thin,N,N,1,1,0.983013,text_tfidf_svd_dense_logistic
28.49,2.374,10.796,12.569,FS,Normal,Normal,Y,N,0,0,0.0,text_tfidf_svd_dense_logistic
16.15,1.346,23.814,35.91,M,,Thin,Y,N,1,1,0.99305,text_tfidf_svd_dense_logistic
3.85,0.321,15.286,35.91,MN,,Normal,Y,Y,0,0,0.000425,text_tfidf_svd_dense_logistic
25.4,2.117,12.565,12.569,MN,Normal,Normal,N,N,0,0,0.0,text_tfidf_svd_dense_logistic
30.29,2.524,39.281,35.91,M,Thin,Thin,Y,N,1,1,0.999729,text_tfidf_svd_dense_logistic
32.72,2.727,35.743,35.91,MN,,Heavy,Y,N,1,1,0.996335,text_tfidf_svd_dense_logistic
5.26,0.438,25.673,35.91,M,,Normal,N,N,0,0,0.003629,text_tfidf_svd_dense_logistic
17.7,1.475,32.432,35.91,MN,,Heavy,N,N,1,1,0.973029,text_tfidf_svd_dense_logistic
31.86,2.655,43.999,35.91,MN,,Normal,Y,N,0,0,0.378022,text_tfidf_svd_dense_logistic
23.82,1.985,33.566,35.91,FS,,Heavy,Y,Y,1,1,0.961589,text_tfidf_svd_dense_logistic
21.38,1.782,39.327,35.91,FS,,Heavy,N,N,1,1,0.994256,text_tfidf_svd_dense_logistic
4.73,0.394,6.895,12.569,M,,Normal,N,N,0,0,1.2e-05,text_tfidf_svd_dense_logistic
10.09,0.841,26.308,35.91,M,,Normal,Y,N,0,0,0.006687,text_tfidf_svd_dense_logistic
32.33,2.694,49.714,35.91,MN,Heavy,Heavy,Y,N,1,1,0.999344,text_tfidf_svd_dense_logistic
25.03,2.086,12.746,12.569,MN,Normal,Normal,Y,N,0,0,0.0,text_tfidf_svd_dense_logistic
2.56,0.213,5.216,35.91,MN,,Thin,Y,N,1,1,0.995782,text_tfidf_svd_dense_logistic
24.02,2.002,13.608,12.569,F,Normal,Normal,Y,N,0,0,1e-06,text_tfidf_svd_dense_logistic
30.85,2.571,45.949,35.91,MN,,Normal,N,N,0,0,0.005212,text_tfidf_svd_dense_logistic
29.02,2.418,36.197,35.91,M,Thin,Thin,Y,N,1,1,0.999984,text_tfidf_svd_dense_logistic
24.01,2.001,11.34,12.569,MN,Normal,Normal,Y,Y,0,0,0.0,text_tfidf_svd_dense_logistic
34.21,2.851,31.525,35.91,MN,,Heavy,Y,N,1,1,0.994059,text_tfidf_svd_dense_logistic
28.43,2.369,39.009,35.91,MN,,Heavy,N,N,1,1,0.978689,text_tfidf_svd_dense_logistic
32.5,2.708,10.659,12.569,FS,Normal,Normal,N,N,0,0,0.0,text_tfidf_svd_dense_logistic
28.62,2.385,47.083,35.91,MN,Heavy,Heavy,Y,N,1,1,0.998299,text_tfidf_svd_dense_logistic
14.81,1.234,35.743,35.91,F,,Heavy,N,N,1,1,0.991934,text_tfidf_svd_dense_logistic
35.52,2.96,13.472,12.569,M,Normal,Normal,Y,N,0,0,0.0,text_tfidf_svd_dense_logistic
22.51,1.876,33.566,35.91,FS,,Heavy,Y,N,1,1,0.997033,text_tfidf_svd_dense_logistic
29.96,2.497,37.648,35.91,M,,Normal,N,N,0,0,0.122227,text_tfidf_svd_dense_logistic
20.83,1.736,34.745,35.91,M,,Thin,N,N,1,1,0.994971,text_tfidf_svd_dense_logistic
32.28,2.69,34.473,35.91,FS,,Normal,N,N,0,0,0.1441,text_tfidf_svd_dense_logistic
22.31,1.859,29.393,35.91,M,,Thin,N,N,1,1,0.987538,text_tfidf_svd_dense_logistic
3.24,0.27,8.89,35.91,MN,,Normal,Y,N,0,0,0.014693,text_tfidf_svd_dense_logistic
3.41,0.284,7.847,35.91,MN,,Thin,Y,N,1,1,0.99074,text_tfidf_svd_dense_logistic
28.72,2.393,37.149,35.91,MN,,Normal,Y,N,0,0,0.002207,text_tfidf_svd_dense_logistic
9.32,0.777,31.298,35.91,F,,Heavy,Y,Y,1,1,0.88153,text_tfidf_svd_dense_logistic
28.16,2.347,9.979,12.569,FS,Normal,Normal,Y,N,0,0,0.0,text_tfidf_svd_dense_logistic
1.36,0.113,1.814,35.91,FS,,Thin,Y,N,1,1,0.99822,text_tfidf_svd_dense_logistic
32.33,2.694,49.442,35.91,FS,,Heavy,Y,N,1,1,0.999673,text_tfidf_svd_dense_logistic
24.22,2.018,32.568,35.91,M,Thin,Thin,N,N,1,1,0.999995,text_tfidf_svd_dense_logistic
9.85,0.821,19.686,35.91,M,,Normal,Y,Y,0,0,0.000551,text_tfidf_svd_dense_logistic
31.51,2.626,36.968,35.91,MN,,Normal,Y,N,0,0,0.005973,text_tfidf_svd_dense_logistic
31.55,2.629,12.746,12.569,MN,Normal,Normal,Y,Y,0,0,0.0,text_tfidf_svd_dense_logistic
15.3,1.275,38.555,35.91,FS,,Normal,Y,N,0,0,0.194393,text_tfidf_svd_dense_logistic
4.42,0.368,9.525,12.569,FS,,Normal,Y,Y,0,0,3e-06,text_tfidf_svd_dense_logistic
5.22,0.435,14.515,35.91,MN,,Normal,Y,N,0,0,0.011798,text_tfidf_svd_dense_logistic
12.28,1.023,12.111,12.569,M,,Normal,N,N,0,0,1e-06,text_tfidf_svd_dense_logistic
34.74,2.895,48.081,35.91,MN,,Heavy,N,N,1,1,0.997925,text_tfidf_svd_dense_logistic
35.92,2.993,23.768,35.91,M,Thin,Thin,Y,Y,1,1,0.997763,text_tfidf_svd_dense_logistic
27.24,2.27,39.644,35.91,F,,Heavy,Y,N,1,1,0.998887,text_tfidf_svd_dense_logistic
28.88,2.407,38.918,35.91,MN,,Heavy,N,N,1,1,0.957334,text_tfidf_svd_dense_logistic
33.52,2.793,27.669,35.91,MN,,Normal,Y,N,0,0,0.01478,text_tfidf_svd_dense_logistic
26.24,2.187,12.701,12.569,MN,Normal,Normal,N,N,0,0,0.0,text_tfidf_svd_dense_logistic
24.02,2.002,13.789,12.569,M,Normal,Normal,N,N,0,0,0.0,text_tfidf_svd_dense_logistic
14.96,1.247,41.776,35.91,FS,,Heavy,N,N,1,1,0.99563,text_tfidf_svd_dense_logistic
32.63,2.719,28.622,35.91,M,Thin,Thin,N,Y,1,1,0.998707,text_tfidf_svd_dense_logistic
3.67,0.306,9.616,35.91,FS,,Normal,N,N,0,0,0.030127,text_tfidf_svd_dense_logistic
11.71,0.976,39.327,35.91,M,,Heavy,Y,Y,1,1,0.861151,text_tfidf_svd_dense_logistic
32.23,2.686,38.102,35.91,M,,Normal,Y,N,0,0,0.220601,text_tfidf_svd_dense_logistic
24.91,2.076,30.164,35.91,FS,,Heavy,Y,Y,1,1,0.987393,text_tfidf_svd_dense_logistic
10.31,0.859,32.931,35.91,FS,,Normal,Y,Y,0,0,0.000507,text_tfidf_svd_dense_logistic
17.38,1.448,25.356,35.91,FS,,Normal,Y,Y,0,0,0.001591,text_tfidf_svd_dense_logistic
26.08,2.173,24.04,35.91,F,,Normal,N,N,0,0,0.028505,text_tfidf_svd_dense_logistic
27.07,2.256,33.294,35.91,FS,Normal,Normal,Y,N,0,0,0.000119,text_tfidf_svd_dense_logistic
33.82,2.818,42.819,35.91,M,,Heavy,N,N,1,1,0.999245,text_tfidf_svd_dense_logistic
24.02,2.002,48.625,35.91,M,Thin,Thin,N,N,1,1,1.0,text_tfidf_svd_dense_logistic
29.05,2.421,9.752,12.569,MN,Normal,Normal,Y,N,0,0,0.0,text_tfidf_svd_dense_logistic
19.64,1.637,45.359,35.91,M,,Heavy,N,N,1,1,0.991519,text_tfidf_svd_dense_logistic
28.92,2.41,42.048,35.91,FS,,Heavy,N,N,1,1,0.99845,text_tfidf_svd_dense_logistic
34.61,2.884,11.793,12.569,MN,Normal,Normal,N,Y,0,0,0.0,text_tfidf_svd_dense_logistic
24.11,2.009,28.667,35.91,MN,,Thin,Y,N,1,1,0.999848,text_tfidf_svd_dense_logistic
19.78,1.648,23.36,35.91,FS,,Thin,Y,N,1,1,0.994841,text_tfidf_svd_dense_logistic
35.42,2.952,31.116,35.91,FS,Normal,Normal,Y,N,0,0,5.1e-05,text_tfidf_svd_dense_logistic
25.75,2.146,33.566,35.91,M,,Normal,N,N,0,0,0.059278,text_tfidf_svd_dense_logistic
24.02,2.002,10.614,12.569,F,Normal,Normal,Y,N,0,0,4e-06,text_tfidf_svd_dense_logistic
27.3,2.275,14.334,12.569,MN,Normal,Normal,N,N,0,0,0.0,text_tfidf_svd_dense_logistic
10.46,0.872,44.452,35.91,MN,,Heavy,Y,N,1,1,0.993655,text_tfidf_svd_dense_logistic
24.02,2.002,13.018,12.569,M,Normal,Normal,Y,N,0,0,0.0,text_tfidf_svd_dense_logistic
31.13,2.594,27.896,35.91,M,,Normal,Y,N,0,0,0.019808,text_tfidf_svd_dense_logistic
30.4,2.533,65.317,35.91,MN,,Heavy,N,N,1,1,0.982307,text_tfidf_svd_dense_logistic
25.43,2.119,49.442,35.91,MN,,Heavy,N,N,1,1,0.997026,text_tfidf_svd_dense_logistic
13.69,1.141,45.631,35.91,MN,,Heavy,Y,N,1,1,0.996257,text_tfidf_svd_dense_logistic
24.67,2.056,39.417,35.91,M,Thin,Thin,Y,N,1,1,0.999999,text_tfidf_svd_dense_logistic
23.92,1.993,31.797,35.91,FS,,Heavy,N,N,1,1,0.992866,text_tfidf_svd_dense_logistic
24.77,2.064,40.869,35.91,M,Thin,Thin,Y,N,1,1,0.999998,text_tfidf_svd_dense_logistic
3.05,0.254,5.897,35.91,F,,Thin,N,N,1,1,0.994635,text_tfidf_svd_dense_logistic
24.02,2.002,14.901,12.569,MN,Normal,Normal,Y,N,0,0,0.0,text_tfidf_svd_dense_logistic
24.01,2.001,28.123,35.91,FS,,Thin,N,N,1,1,0.999873,text_tfidf_svd_dense_logistic
29.38,2.448,9.979,12.569,FS,Normal,Normal,Y,N,0,0,0.0,text_tfidf_svd_dense_logistic
31.12,2.593,38.102,35.91,FS,,Heavy,Y,N,1,1,0.998044,text_tfidf_svd_dense_logistic
34.82,2.902,11.34,12.569,FS,Normal,Normal,N,N,0,0,0.0,text_tfidf_svd_dense_logistic
30.85,2.571,24.131,35.91,F,Thin,Thin,Y,N,1,1,0.999177,text_tfidf_svd_dense_logistic
5.9,0.492,24.358,35.91,MN,,Heavy,N,N,1,1,0.845452,text_tfidf_svd_dense_logistic
34.79,2.899,39.916,35.91,FS,,Heavy,N,N,1,1,0.996373,text_tfidf_svd_dense_logistic
28.7,2.392,39.372,35.91,M,,Normal,N,N,0,0,0.000883,text_tfidf_svd_dense_logistic
24.88,2.073,45.087,35.91,MN,,Heavy,Y,N,1,1,0.999984,text_tfidf_svd_dense_logistic
16.82,1.402,36.106,35.91,FS,,Normal,Y,Y,0,0,0.022201,text_tfidf_svd_dense_logistic
29.9,2.492,19.504,35.91,F,Thin,Thin,Y,N,1,1,0.999835,text_tfidf_svd_dense_logistic
31.02,2.585,38.828,35.91,FS,Normal,Normal,Y,Y,0,0,4e-06,text_tfidf_svd_dense_logistic
15.29,1.274,26.49,35.91,M,,Normal,Y,N,0,0,0.019074,text_tfidf_svd_dense_logistic
17.66,1.472,47.038,35.91,M,,Normal,N,N,0,0,0.027819,text_tfidf_svd_dense_logistic
27.43,2.286,12.02,12.569,M,Normal,Normal,Y,N,0,0,0.0,text_tfidf_svd_dense_logistic
26.87,2.239,39.236,35.91,M,Thin,Thin,N,N,1,1,0.999831,text_tfidf_svd_dense_logistic
10.86,0.905,33.838,35.91,FS,,Normal,Y,Y,0,0,0.000473,text_tfidf_svd_dense_logistic
16.26,1.355,40.415,35.91,F,,Heavy,N,N,1,1,0.994288,text_tfidf_svd_dense_logistic
30.49,2.541,37.376,35.91,FS,Heavy,Heavy,Y,N,1,1,0.976145,text_tfidf_svd_dense_logistic
24.94,2.078,37.013,35.91,MN,,Heavy,N,N,1,1,0.999477,text_tfidf_svd_dense_logistic
28.76,2.397,9.752,12.569,F,Normal,Normal,Y,N,0,0,0.0,text_tfidf_svd_dense_logistic
27.23,2.269,8.437,12.569,F,Normal,Normal,Y,N,0,0,0.0,text_tfidf_svd_dense_logistic
5.17,0.431,18.824,35.91,FS,,Normal,N,N,0,0,0.004855,text_tfidf_svd_dense_logistic
15.73,1.311,50.303,35.91,MN,,Heavy,Y,N,1,1,0.996395,text_tfidf_svd_dense_logistic
15.01,1.251,50.303,35.91,MN,,Heavy,Y,N,1,1,0.998086,text_tfidf_svd_dense_logistic
6.59,0.549,21.319,35.91,MN,,Thin,N,N,1,1,0.905579,text_tfidf_svd_dense_logistic
29.5,2.458,42.728,35.91,MN,,Normal,N,N,0,0,0.027026,text_tfidf_svd_dense_logistic
33.48,2.79,11.703,12.569,FS,Normal,Normal,Y,N,0,0,0.0,text_tfidf_svd_dense_logistic
32.24,2.687,13.653,12.569,MN,Normal,Normal,N,N,0,0,0.0,text_tfidf_svd_dense_logistic
3.24,0.27,10.886,35.91,M,,Normal,Y,N,0,0,0.013392,text_tfidf_svd_dense_logistic
14.7,1.225,23.95,35.91,F,,Normal,N,N,0,0,0.017514,text_tfidf_svd_dense_logistic
35.56,2.963,32.114,35.91,FS,,Heavy,Y,N,1,1,0.998781,text_tfidf_svd_dense_logistic
9.05,0.754,29.937,35.91,MN,,Heavy,Y,N,1,1,0.967148,text_tfidf_svd_dense_logistic
17.04,1.42,53.524,35.91,MN,,Heavy,Y,N,1,1,0.992825,text_tfidf_svd_dense_logistic
25.0,2.083,42.003,35.91,M,,Normal,N,N,0,0,0.041555,text_tfidf_svd_dense_logistic
4.04,0.337,21.137,35.91,M,,Normal,N,N,0,0,0.000808,text_tfidf_svd_dense_logistic
34.48,2.873,36.287,35.91,FS,,Heavy,N,N,1,1,0.995113,text_tfidf_svd_dense_logistic
20.14,1.678,29.62,35.91,FS,,Heavy,N,N,1,1,0.982069,text_tfidf_svd_dense_logistic
22.79,1.899,33.566,35.91,F,,Normal,Y,N,0,0,0.268818,text_tfidf_svd_dense_logistic
2.4,0.2,2.722,12.569,M,,Normal,Y,N,0,0,2.2e-05,text_tfidf_svd_dense_logistic
24.01,2.001,14.515,12.569,MN,Normal,Normal,Y,N,0,0,7e-06,text_tfidf_svd_dense_logistic
7.66,0.638,42.003,35.91,M,,Normal,Y,Y,0,0,0.005037,text_tfidf_svd_dense_logistic
24.24,2.02,11.793,12.569,M,Normal,Normal,Y,N,0,0,0.0,text_tfidf_svd_dense_logistic
24.08,2.007,16.284,35.91,MN,,Thin,N,N,1,1,0.999051,text_tfidf_svd_dense_logistic
3.29,0.274,6.94,35.91,MN,,Normal,Y,N,0,0,0.0205,text_tfidf_svd_dense_logistic
27.01,2.251,39.236,35.91,M,Thin,Thin,N,N,1,1,0.999941,text_tfidf_svd_dense_logistic
11.72,0.977,41.277,35.91,FS,,Heavy,Y,N,1,1,0.99419,text_tfidf_svd_dense_logistic
27.62,2.302,42.184,35.91,MN,,Heavy,N,N,1,1,0.997234,text_tfidf_svd_dense_logistic
4.44,0.37,17.237,35.91,MN,,Normal,N,N,0,0,0.001097,text_tfidf_svd_dense_logistic
28.66,2.388,9.707,12.569,F,Normal,Normal,Y,Y,0,0,0.0,text_tfidf_svd_dense_logistic
3.6,0.3,19.958,35.91,MN,,Heavy,Y,Y,1,0,0.285581,text_tfidf_svd_dense_logistic
27.9,2.325,8.8,12.569,FS,,Normal,N,N,0,0,0.0,text_tfidf_svd_dense_logistic
9.79,0.816,34.836,35.91,F,,Normal,N,N,0,0,0.015352,text_tfidf_svd_dense_logistic
2.22,0.185,3.901,12.569,F,,Normal,Y,N,0,0,9.1e-05,text_tfidf_svd_dense_logistic
5.1,0.425,22.453,35.91,MN,,Normal,N,N,0,0,0.000844,text_tfidf_svd_dense_logistic
23.48,1.957,36.741,35.91,FS,,Heavy,N,N,1,1,0.993872,text_tfidf_svd_dense_logistic
25.73,2.144,53.479,35.91,FS,Heavy,Heavy,Y,Y,1,1,0.985883,text_tfidf_svd_dense_logistic
32.21,2.684,43.545,35.91,FS,,Heavy,N,N,1,1,0.999085,text_tfidf_svd_dense_logistic
6.32,0.527,14.424,35.91,MN,,Normal,N,N,0,0,0.006591,text_tfidf_svd_dense_logistic
29.38,2.448,30.436,35.91,F,Thin,Thin,Y,Y,1,1,0.997084,text_tfidf_svd_dense_logistic
29.77,2.481,39.735,35.91,M,Thin,Thin,N,N,1,1,0.999727,text_tfidf_svd_dense_logistic
18.46,1.538,5.811,35.91,MN,,Heavy,N,N,1,1,0.984199,text_tfidf_svd_dense_logistic
2.62,0.218,7.031,35.91,FS,,Thin,Y,N,1,1,0.998209,text_tfidf_svd_dense_logistic
10.19,0.849,30.073,35.91,MN,,Normal,N,N,0,0,0.001727,text_tfidf_svd_dense_logistic
30.47,2.539,36.287,35.91,FS,Normal,Normal,Y,N,0,0,0.000277,text_tfidf_svd_dense_logistic
9.1,0.758,30.844,35.91,MN,,Normal,Y,Y,0,0,0.003513,text_tfidf_svd_dense_logistic
9.91,0.826,37.875,35.91,MN,,Heavy,Y,N,1,1,0.990214,text_tfidf_svd_dense_logistic
4.21,0.351,14.787,35.91,MN,,Normal,Y,N,0,0,0.003016,text_tfidf_svd_dense_logistic
24.24,2.02,46.266,35.91,F,,Heavy,Y,N,1,1,0.999968,text_tfidf_svd_dense_logistic
35.82,2.985,32.205,35.91,FS,,Normal,N,Y,0,0,0.028994,text_tfidf_svd_dense_logistic
33.55,2.796,9.435,12.569,FS,Normal,Normal,Y,N,0,0,0.0,text_tfidf_svd_dense_logistic
31.91,2.659,25.129,35.91,FS,,Normal,N,N,0,0,0.011738,text_tfidf_svd_dense_logistic
33.95,2.829,54.431,35.91,MN,,Heavy,N,N,1,1,0.998225,text_tfidf_svd_dense_logistic
9.17,0.764,31.026,35.91,F,,Normal,Y,N,0,0,0.030705,text_tfidf_svd_dense_logistic
22.96,1.913,33.566,35.91,FS,,Heavy,Y,N,1,1,0.997256,text_tfidf_svd_dense_logistic
29.44,2.453,44.452,35.91,MN,,Heavy,Y,N,1,1,0.999683,text_tfidf_svd_dense_logistic
33.29,2.774,11.884,12.569,F,Normal,Normal,N,N,0,0,0.0,text_tfidf_svd_dense_logistic
25.86,2.155,14.061,12.569,MN,Normal,Normal,Y,N,0,0,0.0,text_tfidf_svd_dense_logistic
28.0,2.333,9.299,12.569,FS,Normal,Normal,Y,Y,0,0,0.0,text_tfidf_svd_dense_logistic
24.06,2.005,12.701,12.569,M,Normal,Normal,Y,N,0,0,0.0,text_tfidf_svd_dense_logistic
33.58,2.798,34.972,35.91,F,,Heavy,N,N,1,1,0.996839,text_tfidf_svd_dense_logistic
14.26,1.188,43.046,35.91,M,,Thin,Y,N,1,1,0.997895,text_tfidf_svd_dense_logistic
24.9,2.075,50.258,35.91,MN,Heavy,Heavy,Y,N,1,1,0.999975,text_tfidf_svd_dense_logistic
24.01,2.001,12.338,12.569,F,Normal,Normal,Y,N,0,0,1e-06,text_tfidf_svd_dense_logistic
4.36,0.363,19.822,35.91,MN,,Heavy,Y,N,1,1,0.941167,text_tfidf_svd_dense_logistic
33.52,2.793,37.966,35.91,FS,Normal,Normal,Y,Y,0,0,1.1e-05,text_tfidf_svd_dense_logistic
4.91,0.409,20.638,35.91,MN,,Normal,Y,Y,0,0,0.000667,text_tfidf_svd_dense_logistic
14.11,1.176,31.842,35.91,F,,Normal,Y,Y,0,0,0.000952,text_tfidf_svd_dense_logistic
27.23,2.269,47.446,35.91,MN,Heavy,Heavy,Y,N,1,1,0.998988,text_tfidf_svd_dense_logistic
31.19,2.599,52.163,35.91,F,,Heavy,Y,N,1,1,0.999493,text_tfidf_svd_dense_logistic
19.98,1.665,23.995,35.91,MN,,Thin,N,N,1,1,0.972633,text_tfidf_svd_dense_logistic
24.02,2.002,10.523,12.569,F,Normal,Normal,Y,N,0,0,3e-06,text_tfidf_svd_dense_logistic
30.89,2.574,28.213,35.91,F,,Thin,N,N,1,1,0.978059,text_tfidf_svd_dense_logistic
31.74,2.645,12.066,12.569,F,Normal,Normal,N,N,0,0,0.0,text_tfidf_svd_dense_logistic
32.52,2.71,37.83,35.91,MN,,Normal,Y,N,0,0,0.023467,text_tfidf_svd_dense_logistic
34.9,2.908,30.754,35.91,M,Thin,Thin,Y,N,1,1,0.999961,text_tfidf_svd_dense_logistic
25.2,2.1,46.72,35.91,FS,Heavy,Heavy,Y,N,1,1,0.999162,text_tfidf_svd_dense_logistic
27.01,2.251,39.962,35.91,MN,,Heavy,Y,N,1,1,0.997797,text_tfidf_svd_dense_logistic
4.04,0.337,15.059,35.91,F,,Normal,Y,Y,0,0,0.0004,text_tfidf_svd_dense_logistic
2.98,0.248,5.262,12.569,MN,,Normal,Y,N,0,0,1.9e-05,text_tfidf_svd_dense_logistic
18.06,1.505,32.749,35.91,M,,Heavy,Y,N,1,1,0.995595,text_tfidf_svd_dense_logistic
25.52,2.127,45.586,35.91,MN,,Heavy,Y,N,1,1,0.999416,text_tfidf_svd_dense_logistic
30.59,2.549,12.292,12.569,MN,Normal,Normal,Y,N,0,0,0.0,text_tfidf_svd_dense_logistic
7.21,0.601,38.782,35.91,MN,,Heavy,N,N,1,1,0.949197,text_tfidf_svd_dense_logistic
2.69,0.224,6.26,35.91,F,,Normal,Y,Y,0,0,0.004108,text_tfidf_svd_dense_logistic
34.7,2.892,39.689,35.91,FS,,Heavy,Y,N,1,1,0.99929,text_tfidf_svd_dense_logistic
25.88,2.157,33.521,35.91,MN,,Heavy,Y,N,1,1,0.992433,text_tfidf_svd_dense_logistic
30.23,2.519,39.916,35.91,MN,,Heavy,N,N,1,1,0.955426,text_tfidf_svd_dense_logistic
19.7,1.642,23.496,35.91,MN,,Thin,N,N,1,1,0.974511,text_tfidf_svd_dense_logistic
3.62,0.302,8.618,35.91,F,,Normal,N,N,0,0,0.01488,text_tfidf_svd_dense_logistic
32.04,2.67,12.066,12.569,M,Normal,Normal,Y,N,0,0,0.0,text_tfidf_svd_dense_logistic
20.23,1.686,9.435,12.569,MN,,Normal,N,N,0,0,1.4e-05,text_tfidf_svd_dense_logistic
13.08,1.09,26.943,35.91,F,,Normal,Y,Y,0,0,0.000688,text_tfidf_svd_dense_logistic
24.9,2.075,47.627,35.91,MN,,Normal,Y,Y,0,0,0.063889,text_tfidf_svd_dense_logistic
1.6,0.133,4.763,35.91,FS,,Heavy,Y,N,1,1,0.998284,text_tfidf_svd_dense_logistic
24.02,2.002,32.205,35.91,M,Thin,Thin,Y,Y,1,1,0.999375,text_tfidf_svd_dense_logistic
12.02,1.002,26.036,35.91,FS,,Heavy,Y,N,1,1,0.996038,text_tfidf_svd_dense_logistic
19.91,1.659,37.013,35.91,MN,,Heavy,Y,N,1,1,0.99678,text_tfidf_svd_dense_logistic
28.52,2.377,11.748,12.569,FS,Normal,Normal,Y,N,0,0,0.0,text_tfidf_svd_dense_logistic
25.9,2.158,38.964,35.91,MN,,Heavy,Y,N,1,1,0.997091,text_tfidf_svd_dense_logistic
34.1,2.842,10.16,12.569,FS,Normal,Normal,Y,N,0,0,0.0,text_tfidf_svd_dense_logistic
1.56,0.13,1.678,35.91,F,,Thin,Y,N,1,1,0.998454,text_tfidf_svd_dense_logistic
27.96,2.33,10.886,12.569,F,Normal,Normal,N,N,0,0,0.0,text_tfidf_svd_dense_logistic
3.35,0.279,14.515,35.91,F,,Normal,Y,N,0,0,0.031308,text_tfidf_svd_dense_logistic
22.31,1.859,29.121,35.91,FS,,Heavy,N,N,1,1,0.98509,text_tfidf_svd_dense_logistic
30.04,2.503,12.701,12.569,MN,Normal,Normal,Y,Y,0,0,0.0,text_tfidf_svd_dense_logistic
25.26,2.105,18.439,35.91,F,Thin,Thin,Y,Y,1,1,0.995417,text_tfidf_svd_dense_logistic
27.22,2.268,42.456,35.91,M,,Heavy,N,N,1,1,0.998565,text_tfidf_svd_dense_logistic
4.85,0.404,12.61,35.91,M,,Normal,Y,Y,0,0,0.00054,text_tfidf_svd_dense_logistic
30.04,2.503,10.433,12.569,FS,Normal,Normal,N,N,0,0,0.0,text_tfidf_svd_dense_logistic
33.38,2.782,9.888,12.569,FS,Normal,Normal,Y,N,0,0,0.0,text_tfidf_svd_dense_logistic
17.66,1.472,45.722,35.91,MN,,Heavy,Y,N,1,1,0.9963,text_tfidf_svd_dense_logistic
16.75,1.396,36.469,35.91,FS,,Heavy,N,N,1,1,0.991586,text_tfidf_svd_dense_logistic
9.24,0.77,15.83,35.91,FS,,Normal,N,N,0,0,0.063306,text_tfidf_svd_dense_logistic
13.07,1.089,34.156,35.91,FS,,Heavy,N,Y,1,1,0.929604,text_tfidf_svd_dense_logistic
29.77,2.481,36.741,35.91,FS,,Heavy,Y,Y,1,1,0.973157,text_tfidf_svd_dense_logistic
28.49,2.374,37.376,35.91,FS,Normal,Normal,N,N,0,0,5.7e-05,text_tfidf_svd_dense_logistic
6.62,0.552,28.712,35.91,MN,,Normal,N,N,0,0,0.001027,text_tfidf_svd_dense_logistic
31.91,2.659,37.285,35.91,MN,,Heavy,N,N,1,1,0.987879,text_tfidf_svd_dense_logistic
29.18,2.432,33.203,35.91,M,Thin,Thin,Y,N,1,1,0.999971,text_tfidf_svd_dense_logistic
29.51,2.459,37.553,35.91,M,Thin,Thin,Y,N,1,1,0.999901,text_tfidf_svd_dense_logistic
24.71,2.059,37.875,35.91,FS,,Heavy,N,N,1,1,0.999863,text_tfidf_svd_dense_logistic
7.91,0.659,31.207,35.91,FS,,Normal,Y,Y,0,0,0.000927,text_tfidf_svd_dense_logistic
16.12,1.343,32.659,35.91,MN,,Heavy,Y,N,1,1,0.990157,text_tfidf_svd_dense_logistic
32.82,2.735,46.221,35.91,FS,,Heavy,N,N,1,1,0.99957,text_tfidf_svd_dense_logistic
24.18,2.015,23.496,35.91,F,,Heavy,N,Y,1,1,0.989959,text_tfidf_svd_dense_logistic
5.82,0.485,19.595,35.91,FS,,Normal,N,Y,0,0,0.00106,text_tfidf_svd_dense_logistic
28.2,2.35,39.009,35.91,FS,,Normal,N,N,0,0,0.05963,text_tfidf_svd_dense_logistic
22.97,1.914,31.842,35.91,FS,,Heavy,Y,N,1,1,0.998356,text_tfidf_svd_dense_logistic
27.11,2.259,42.728,35.91,MN,Heavy,Heavy,N,N,1,1,0.996475,text_tfidf_svd_dense_logistic
24.02,2.002,13.472,12.569,M,Normal,Normal,Y,N,0,0,0.0,text_tfidf_svd_dense_logistic
24.41,2.034,10.705,12.569,MN,Normal,Normal,Y,N,0,0,0.0,text_tfidf_svd_dense_logistic
24.02,2.002,26.717,35.91,M,Thin,Thin,N,N,1,1,0.999992,text_tfidf_svd_dense_logistic
33.85,2.821,11.612,12.569,FS,Normal,Normal,N,N,0,0,0.0,text_tfidf_svd_dense_logistic
24.02,2.002,12.973,12.569,MN,Normal,Normal,N,N,0,0,0.0,text_tfidf_svd_dense_logistic
29.74,2.478,37.421,35.91,FS,Heavy,Heavy,Y,N,1,1,0.997441,text_tfidf_svd_dense_logistic
26.32,2.193,13.789,35.91,FS,Thin,Thin,Y,N,1,1,0.999634,text_tfidf_svd_dense_logistic
3.53,0.294,8.981,35.91,MN,,Thin,N,Y,1,1,0.801738,text_tfidf_svd_dense_logistic
32.21,2.684,31.479,35.91,FS,Normal,Normal,N,N,0,0,4.3e-05,text_tfidf_svd_dense_logistic
18.19,1.516,40.098,35.91,MN,,Heavy,Y,N,1,1,0.995497,text_tfidf_svd_dense_logistic
30.04,2.503,10.705,12.569,FS,Normal,Normal,Y,Y,0,0,0.0,text_tfidf_svd_dense_logistic
1.6,0.133,1.86,35.91,F,,Thin,Y,N,1,1,0.99856,text_tfidf_svd_dense_logistic
25.07,2.089,41.322,35.91,M,Thin,Thin,Y,Y,1,1,0.999661,text_tfidf_svd_dense_logistic
15.58,1.298,36.696,35.91,MN,,Thin,N,N,1,1,0.990325,text_tfidf_svd_dense_logistic
28.07,2.339,10.796,12.569,FS,Normal,Normal,Y,N,0,0,0.0,text_tfidf_svd_dense_logistic
17.24,1.437,47.264,35.91,MN,,Heavy,Y,Y,1,1,0.917161,text_tfidf_svd_dense_logistic
29.47,2.456,34.11,35.91,FS,,Normal,Y,N,0,0,0.04005,text_tfidf_svd_dense_logistic
19.61,1.634,58.513,35.91,MN,,Heavy,Y,Y,1,1,0.90208,text_tfidf_svd_dense_logistic
35.1,2.925,55.792,35.91,MN,,Heavy,N,N,1,1,0.99882,text_tfidf_svd_dense_logistic
20.95,1.746,42.139,35.91,FS,,Heavy,N,N,1,1,0.996824,text_tfidf_svd_dense_logistic
34.64,2.887,38.828,35.91,FS,,Heavy,N,N,1,1,0.994633,text_tfidf_svd_dense_logistic
31.64,2.637,32.205,35.91,FS,Normal,Normal,N,N,0,0,0.000964,text_tfidf_svd_dense_logistic
28.43,2.369,25.855,35.91,MN,Thin,Thin,Y,N,1,1,0.99935,text_tfidf_svd_dense_logistic
32.2,2.683,32.568,35.91,FS,,Heavy,Y,N,1,1,0.999104,text_tfidf_svd_dense_logistic
29.15,2.429,48.988,35.91,MN,,Heavy,Y,N,1,1,0.999646,text_tfidf_svd_dense_logistic
30.95,2.579,11.929,12.569,MN,Normal,Normal,Y,N,0,0,0.0,text_tfidf_svd_dense_logistic
29.89,2.491,11.703,12.569,FS,Normal,Normal,Y,N,0,0,0.0,text_tfidf_svd_dense_logistic
31.75,2.646,12.837,12.569,M,Normal,Normal,Y,Y,0,0,0.0,text_tfidf_svd_dense_logistic
30.04,2.503,9.299,12.569,FS,Normal,Normal,N,N,0,0,0.0,text_tfidf_svd_dense_logistic
11.66,0.972,40.188,35.91,MN,,Thin,N,N,1,1,0.977675,text_tfidf_svd_dense_logistic
34.27,2.856,57.606,35.91,MN,,Heavy,Y,N,1,1,0.999633,text_tfidf_svd_dense_logistic
28.16,2.347,43.091,35.91,FS,,Heavy,N,N,1,1,0.997265,text_tfidf_svd_dense_logistic
28.36,2.363,14.606,12.569,MN,Normal,Normal,Y,N,0,0,0.0,text_tfidf_svd_dense_logistic
32.68,2.723,12.428,12.569,M,Normal,Normal,N,N,0,0,0.0,text_tfidf_svd_dense_logistic
24.71,2.059,38.828,35.91,MN,,Thin,Y,N,1,1,0.999919,text_tfidf_svd_dense_logistic
27.73,2.311,33.067,35.91,FS,,Heavy,Y,N,1,1,0.998239,text_tfidf_svd_dense_logistic
30.26,2.522,10.705,12.569,FS,Normal,Normal,Y,N,0,0,0.0,text_tfidf_svd_dense_logistic
29.04,2.42,11.113,12.569,MN,Normal,Normal,Y,N,0,0,0.0,text_tfidf_svd_dense_logistic
34.84,2.903,13.29,12.569,M,Normal,Normal,N,N,0,0,0.0,text_tfidf_svd_dense_logistic
22.93,1.911,41.594,35.91,MN,,Heavy,Y,N,1,1,0.997269,text_tfidf_svd_dense_logistic
15.86,1.322,39.689,35.91,FS,,Heavy,Y,N,1,1,0.998504,text_tfidf_svd_dense_logistic
14.77,1.231,42.184,35.91,MN,,Heavy,Y,N,1,1,0.995954,text_tfidf_svd_dense_logistic
3.17,0.264,6.169,35.91,MN,,Thin,N,N,1,1,0.981966,text_tfidf_svd_dense_logistic
3.34,0.278,10.523,35.91,M,,Normal,Y,Y,0,0,0.000538,text_tfidf_svd_dense_logistic
20.81,1.734,38.102,35.91,M,,Normal,N,N,0,0,0.133018,text_tfidf_svd_dense_logistic
15.78,1.315,35.834,35.91,M,,Normal,Y,Y,0,0,0.012379,text_tfidf_svd_dense_logistic
31.09,2.591,43.545,35.91,MN,Heavy,Heavy,N,N,1,1,0.996437,text_tfidf_svd_dense_logistic
27.6,2.3,8.074,12.569,FS,Normal,Normal,N,N,0,0,0.0,text_tfidf_svd_dense_logistic
18.56,1.547,52.98,35.91,MN,,Heavy,Y,N,1,1,0.995382,text_tfidf_svd_dense_logistic
30.2,2.517,11.294,12.569,F,Normal,Normal,Y,N,0,0,0.0,text_tfidf_svd_dense_logistic
12.02,1.002,30.436,35.91,M,,Thin,Y,Y,1,1,0.85463,text_tfidf_svd_dense_logistic
25.2,2.1,11.521,12.569,M,Normal,Normal,N,N,0,0,0.0,text_tfidf_svd_dense_logistic
25.54,2.128,25.174,35.91,F,Thin,Thin,Y,N,1,1,0.999814,text_tfidf_svd_dense_logistic
4.39,0.366,19.006,35.91,F,,Normal,Y,Y,0,0,0.00026,text_tfidf_svd_dense_logistic
8.5,0.708,29.484,35.91,FS,,Heavy,N,N,1,1,0.95778,text_tfidf_svd_dense_logistic
35.76,2.98,11.294,12.569,MN,Normal,Normal,N,N,0,0,0.0,text_tfidf_svd_dense_logistic
35.95,2.996,31.389,35.91,F,Thin,Thin,Y,N,1,1,0.99995,text_tfidf_svd_dense_logistic
34.25,2.854,39.009,35.91,MN,,Heavy,Y,N,1,1,0.996815,text_tfidf_svd_dense_logistic
26.12,2.177,49.578,35.91,M,Thin,Thin,Y,N,1,1,0.999986,text_tfidf_svd_dense_logistic
4.74,0.395,19.232,35.91,MN,,Normal,N,N,0,0,0.001051,text_tfidf_svd_dense_logistic
35.98,2.998,38.555,35.91,FS,,Heavy,Y,N,1,1,0.998971,text_tfidf_svd_dense_logistic
35.39,2.949,13.517,12.569,MN,Normal,Normal,Y,N,0,0,0.0,text_tfidf_svd_dense_logistic
17.75,1.479,43.999,35.91,F,,Heavy,Y,N,1,1,0.997624,text_tfidf_svd_dense_logistic
33.47,2.789,25.129,35.91,MN,,Normal,Y,N,0,0,0.017205,text_tfidf_svd_dense_logistic
21.68,1.807,9.934,12.569,FS,,Normal,N,N,0,0,2e-06,text_tfidf_svd_dense_logistic
27.86,2.322,10.433,12.569,FS,Normal,Normal,Y,N,0,0,0.0,text_tfidf_svd_dense_logistic
4.76,0.397,16.329,35.91,F,,Normal,Y,N,0,0,0.007942,text_tfidf_svd_dense_logistic
25.3,2.108,10.342,12.569,MN,Normal,Normal,Y,N,0,0,0.0,text_tfidf_svd_dense_logistic
32.66,2.722,47.174,35.91,M,Thin,Thin,Y,Y,1,1,0.999526,text_tfidf_svd_dense_logistic
2.65,0.221,5.897,35.91,M,,Thin,N,N,1,1,0.994477,text_tfidf_svd_dense_logistic
27.48,2.29,11.249,12.569,F,Normal,Normal,Y,Y,0,0,0.0,text_tfidf_svd_dense_logistic
33.49,2.791,11.34,12.569,FS,Normal,Normal,Y,Y,0,0,0.0,text_tfidf_svd_dense_logistic
33.16,2.763,10.705,12.569,FS,Normal,Normal,N,N,0,0,0.0,text_tfidf_svd_dense_logistic
26.45,2.204,41.277,35.91,FS,,Heavy,N,N,1,1,0.990037,text_tfidf_svd_dense_logistic
29.52,2.46,54.613,35.91,MN,,Heavy,Y,N,1,1,0.999553,text_tfidf_svd_dense_logistic
25.56,2.13,34.292,35.91,FS,Normal,Normal,Y,N,0,0,2.4e-05,text_tfidf_svd_dense_logistic
24.02,2.002,46.72,35.91,MN,,Heavy,Y,Y,1,1,0.996849,text_tfidf_svd_dense_logistic
7.52,0.627,23.587,35.91,M,,Normal,N,N,0,0,0.003026,text_tfidf_svd_dense_logistic
35.3,2.942,28.259,35.91,FS,,Normal,Y,N,0,0,0.017154,text_tfidf_svd_dense_logistic
33.58,2.798,13.381,12.569,MN,Normal,Normal,N,Y,0,0,0.0,text_tfidf_svd_dense_logistic
27.2,2.267,37.648,35.91,M,Thin,Thin,Y,N,1,1,0.999901,text_tfidf_svd_dense_logistic
6.04,0.503,33.112,35.91,M,,Normal,N,N,0,0,0.013551,text_tfidf_svd_dense_logistic
25.87,2.156,13.608,12.569,MN,Normal,Normal,N,Y,0,0,0.0,text_tfidf_svd_dense_logistic
22.46,1.872,50.349,35.91,MN,,Normal,Y,N,0,0,0.043401,text_tfidf_svd_dense_logistic
24.58,2.048,44.996,35.91,M,,Heavy,N,N,1,1,0.99994,text_tfidf_svd_dense_logistic
22.72,1.893,20.729,35.91,FS,,Normal,Y,N,0,0,0.023886,text_tfidf_svd_dense_logistic
12.02,1.002,29.846,35.91,M,,Thin,Y,N,1,1,0.994552,text_tfidf_svd_dense_logistic
32.95,2.746,55.157,35.91,MN,,Normal,N,N,0,0,0.120014,text_tfidf_svd_dense_logistic
34.18,2.848,8.89,12.569,FS,Normal,Normal,N,N,0,0,0.0,text_tfidf_svd_dense_logistic
33.65,2.804,51.936,35.91,MN,,Heavy,N,Y,1,1,0.985499,text_tfidf_svd_dense_logistic
33.4,2.783,38.555,35.91,FS,,Heavy,Y,N,1,1,0.999252,text_tfidf_svd_dense_logistic
32.6,2.717,9.163,12.569,FS,Normal,Normal,N,N,0,0,0.0,text_tfidf_svd_dense_logistic
3.3,0.275,7.62,35.91,MN,,Thin,Y,N,1,1,0.991533,text_tfidf_svd_dense_logistic
30.96,2.58,36.968,35.91,FS,,Heavy,N,N,1,1,0.948822,text_tfidf_svd_dense_logistic
20.86,1.738,42.638,35.91,FS,,Heavy,Y,N,1,1,0.998436,text_tfidf_svd_dense_logistic
30.72,2.56,39.009,35.91,FS,,Heavy,N,N,1,1,0.976427,text_tfidf_svd_dense_logistic
33.55,2.796,12.02,12.569,M,Normal,Normal,N,N,0,0,0.0,text_tfidf_svd_dense_logistic
30.76,2.563,12.927,12.569,M,Normal,Normal,N,N,0,0,0.0,text_tfidf_svd_dense_logistic
29.93,2.494,11.294,12.569,FS,Normal,Normal,N,N,0,0,0.0,text_tfidf_svd_dense_logistic
30.47,2.539,28.849,35.91,M,Thin,Thin,Y,N,1,1,0.998833,text_tfidf_svd_dense_logistic
14.47,1.206,35.652,35.91,FS,,Heavy,Y,N,1,1,0.997193,text_tfidf_svd_dense_logistic
31.72,2.643,41.731,35.91,MN,,Heavy,Y,N,1,1,0.99906,text_tfidf_svd_dense_logistic
2.51,0.209,4.99,35.91,FS,,Thin,Y,N,1,1,0.9977,text_tfidf_svd_dense_logistic
27.2,2.267,12.247,12.569,MN,Normal,Normal,N,N,0,0,0.0,text_tfidf_svd_dense_logistic
4.73,0.394,18.643,35.91,MN,,Normal,N,N,0,0,0.001326,text_tfidf_svd_dense_logistic
19.44,1.62,10.523,12.569,MN,,Normal,N,N,0,0,1.3e-05,text_tfidf_svd_dense_logistic
5.74,0.478,18.144,35.91,M,,Thin,Y,Y,1,1,0.836806,text_tfidf_svd_dense_logistic
31.09,2.591,9.934,12.569,FS,Normal,Normal,Y,N,0,0,0.0,text_tfidf_svd_dense_logistic
24.02,2.002,38.555,35.91,M,,Thin,Y,N,1,1,0.999927,text_tfidf_svd_dense_logistic
2.32,0.193,6.804,35.91,M,,Normal,Y,Y,0,0,0.001406,text_tfidf_svd_dense_logistic
8.3,0.692,29.484,35.91,M,,Thin,N,N,1,1,0.96492,text_tfidf_svd_dense_logistic
7.32,0.61,16.964,35.91,F,,Normal,N,N,0,0,0.005236,text_tfidf_svd_dense_logistic
32.44,2.703,10.07,12.569,FS,Normal,Normal,Y,Y,0,0,0.0,text_tfidf_svd_dense_logistic
5.21,0.434,16.647,35.91,M,,Normal,N,N,0,0,0.003282,text_tfidf_svd_dense_logistic
35.52,2.96,9.389,12.569,F,Normal,Normal,Y,Y,0,0,0.0,text_tfidf_svd_dense_logistic
20.14,1.678,22.135,35.91,F,,Normal,N,N,0,0,0.016465,text_tfidf_svd_dense_logistic
24.01,2.001,15.876,12.569,M,Normal,Normal,Y,N,0,0,1e-06,text_tfidf_svd_dense_logistic
26.48,2.207,14.878,12.569,MN,Normal,Normal,Y,N,0,0,0.0,text_tfidf_svd_dense_logistic
35.82,2.985,47.264,35.91,MN,,Heavy,Y,N,1,1,0.999671,text_tfidf_svd_dense_logistic
25.66,2.138,41.731,35.91,MN,Heavy,Heavy,Y,N,1,1,0.998783,text_tfidf_svd_dense_logistic
15.97,1.331,50.349,35.91,MN,,Normal,N,N,0,0,0.01655,text_tfidf_svd_dense_logistic
21.22,1.768,34.473,35.91,FS,,Heavy,N,N,1,1,0.992594,text_tfidf_svd_dense_logistic
30.29,2.524,40.46,35.91,F,,Normal,Y,Y,0,0,0.000748,text_tfidf_svd_dense_logistic
3.18,0.265,11.793,35.91,M,,Thin,N,N,1,1,0.961644,text_tfidf_svd_dense_logistic
1.7,0.142,3.901,35.91,M,,Normal,Y,Y,0,0,0.002157,text_tfidf_svd_dense_logistic
35.5,2.958,49.895,35.91,M,Thin,Thin,Y,Y,1,1,0.999681,text_tfidf_svd_dense_logistic
33.36,2.78,9.888,12.569,FS,Normal,Normal,Y,Y,0,0,0.0,text_tfidf_svd_dense_logistic
25.14,2.095,50.802,35.91,F,,Heavy,Y,N,1,1,0.999633,text_tfidf_svd_dense_logistic
3.65,0.304,19.414,35.91,FS,,Normal,Y,Y,0,0,0.00028,text_tfidf_svd_dense_logistic
27.83,2.319,32.795,35.91,FS,Normal,Normal,Y,N,0,0,2.7e-05,text_tfidf_svd_dense_logistic
4.03,0.336,20.548,35.91,M,,Thin,Y,Y,1,1,0.582954,text_tfidf_svd_dense_logistic
21.76,1.813,39.463,35.91,FS,,Heavy,N,N,1,1,0.994039,text_tfidf_svd_dense_logistic
20.56,1.713,48.308,35.91,MN,,Heavy,N,N,1,1,0.989945,text_tfidf_svd_dense_logistic
34.9,2.908,48.943,35.91,MN,,Heavy,N,N,1,1,0.998534,text_tfidf_svd_dense_logistic
29.84,2.487,52.163,35.91,F,,Heavy,Y,Y,1,1,0.9933,text_tfidf_svd_dense_logistic
29.11,2.426,39.735,35.91,FS,,Heavy,N,N,1,1,0.995213,text_tfidf_svd_dense_logistic
28.2,2.35,13.789,12.569,MN,Normal,Normal,N,Y,0,0,0.0,text_tfidf_svd_dense_logistic
26.64,2.22,10.115,12.569,FS,Normal,Normal,Y,N,0,0,0.0,text_tfidf_svd_dense_logistic
26.18,2.182,49.895,35.91,MN,Heavy,Heavy,Y,N,1,1,0.998689,text_tfidf_svd_dense_logistic
24.02,2.002,24.358,35.91,F,,Heavy,Y,N,1,1,0.999972,text_tfidf_svd_dense_logistic
5.64,0.47,27.624,35.91,M,,Normal,Y,Y,0,0,0.000363,text_tfidf_svd_dense_logistic
3.88,0.323,10.07,35.91,M,,Normal,Y,Y,0,0,0.000723,text_tfidf_svd_dense_logistic
33.25,2.771,31.752,35.91,F,Thin,Thin,Y,N,1,1,0.999887,text_tfidf_svd_dense_logistic
35.46,2.955,10.07,12.569,FS,Normal,Normal,Y,Y,0,0,0.0,text_tfidf_svd_dense_logistic
25.93,2.161,13.245,12.569,M,Normal,Normal,Y,N,0,0,0.0,text_tfidf_svd_dense_logistic
26.38,2.198,14.424,12.569,M,Normal,Normal,N,N,0,0,0.0,text_tfidf_svd_dense_logistic
24.54,2.045,33.112,35.91,FS,Normal,Normal,Y,N,0,0,0.009972,text_tfidf_svd_dense_logistic
35.06,2.922,41.232,35.91,MN,Heavy,Heavy,Y,N,1,1,0.996037,text_tfidf_svd_dense_logistic
12.02,1.002,38.555,35.91,F,,Normal,Y,Y,0,0,0.022684,text_tfidf_svd_dense_logistic
5.1,0.425,27.488,35.91,M,,Normal,Y,Y,0,0,0.000175,text_tfidf_svd_dense_logistic
29.74,2.478,11.431,12.569,MN,Normal,Normal,Y,N,0,0,0.0,text_tfidf_svd_dense_logistic
27.3,2.275,24.721,35.91,MN,,Normal,Y,N,0,0,0.00163,text_tfidf_svd_dense_logistic
26.06,2.172,38.918,35.91,MN,,Heavy,N,N,1,1,0.97261,text_tfidf_svd_dense_logistic
4.09,0.341,13.29,35.91,FS,,Normal,Y,Y,0,0,0.000471,text_tfidf_svd_dense_logistic
24.72,2.06,19.641,35.91,F,,Normal,Y,N,0,0,0.379616,text_tfidf_svd_dense_logistic
5.27,0.439,18.053,35.91,FS,,Normal,N,Y,0,0,0.00131,text_tfidf_svd_dense_logistic
18.0,1.5,42.229,35.91,MN,,Heavy,Y,N,1,1,0.99704,text_tfidf_svd_dense_logistic
31.02,2.585,31.207,35.91,MN,,Normal,N,N,0,0,0.002313,text_tfidf_svd_dense_logistic
25.99,2.166,13.699,12.569,MN,Normal,Normal,Y,Y,0,0,0.0,text_tfidf_svd_dense_logistic
3.26,0.272,7.756,35.91,M,,Normal,Y,Y,0,0,0.000623,text_tfidf_svd_dense_logistic
27.7,2.308,40.37,35.91,MN,,Heavy,Y,N,1,1,0.996656,text_tfidf_svd_dense_logistic
26.52,2.21,18.643,35.91,FS,Thin,Thin,Y,N,1,1,0.999431,text_tfidf_svd_dense_logistic
17.08,1.423,34.836,35.91,FS,,Heavy,Y,N,1,1,0.998023,text_tfidf_svd_dense_logistic
21.54,1.795,38.555,35.91,FS,,Heavy,Y,Y,1,1,0.968663,text_tfidf_svd_dense_logistic
24.41,2.034,33.339,35.91,F,,Heavy,N,N,1,1,0.999813,text_tfidf_svd_dense_logistic
33.52,2.793,41.186,35.91,M,Thin,Thin,Y,Y,1,1,0.998336,text_tfidf_svd_dense_logistic
17.96,1.497,47.99,35.91,MN,,Heavy,N,N,1,1,0.984399,text_tfidf_svd_dense_logistic
35.56,2.963,12.927,12.569,M,Normal,Normal,Y,Y,0,0,0.0,text_tfidf_svd_dense_logistic
12.02,1.002,23.95,35.91,M,,Thin,Y,N,1,1,0.994942,text_tfidf_svd_dense_logistic
31.8,2.65,45.813,35.91,MN,,Heavy,Y,N,1,1,0.999021,text_tfidf_svd_dense_logistic
7.66,0.638,32.341,35.91,MN,,Normal,N,N,0,0,0.002486,text_tfidf_svd_dense_logistic
30.02,2.502,9.888,12.569,MN,Normal,Normal,Y,N,0,0,0.0,text_tfidf_svd_dense_logistic
17.53,1.461,39.1,35.91,M,,Normal,Y,N,0,0,0.033035,text_tfidf_svd_dense_logistic
8.98,0.748,37.648,35.91,FS,,Normal,Y,Y,0,0,0.011727,text_tfidf_svd_dense_logistic
23.42,1.952,37.966,35.91,MN,,Heavy,N,N,1,1,0.980082,text_tfidf_svd_dense_logistic
25.04,2.087,21.772,35.91,F,,Thin,Y,N,1,1,0.996523,text_tfidf_svd_dense_logistic
29.64,2.47,38.555,35.91,M,Thin,Thin,Y,N,1,1,0.999918,text_tfidf_svd_dense_logistic
27.92,2.327,13.789,12.569,M,Normal,Normal,Y,Y,0,0,0.0,text_tfidf_svd_dense_logistic
24.02,2.002,12.247,12.569,MN,Normal,Normal,N,N,0,0,0.0,text_tfidf_svd_dense_logistic
35.72,2.977,13.971,12.569,M,Normal,Normal,Y,N,0,0,0.0,text_tfidf_svd_dense_logistic
25.3,2.108,40.914,35.91,FS,,Heavy,Y,N,1,1,0.999268,text_tfidf_svd_dense_logistic
34.28,2.857,29.302,35.91,FS,,Normal,N,N,0,0,0.00941,text_tfidf_svd_dense_logistic
30.04,2.503,13.608,12.569,MN,Normal,Normal,N,N,0,0,0.0,text_tfidf_svd_dense_logistic
10.55,0.879,31.116,35.91,FS,,Normal,N,N,0,0,0.009513,text_tfidf_svd_dense_logistic
6.34,0.528,20.412,35.91,M,,Thin,N,N,1,1,0.900645,text_tfidf_svd_dense_logistic
5.23,0.436,14.606,35.91,FS,,Normal,N,N,0,0,0.005584,text_tfidf_svd_dense_logistic
15.79,1.316,31.298,35.91,F,,Thin,Y,N,1,1,0.998342,text_tfidf_svd_dense_logistic
24.02,2.002,39.236,35.91,M,Thin,Thin,Y,N,1,1,0.999999,text_tfidf_svd_dense_logistic
24.08,2.007,32.931,35.91,FS,Normal,Normal,N,N,0,0,0.001342,text_tfidf_svd_dense_logistic
30.53,2.544,14.334,12.569,M,Normal,Normal,Y,N,0,0,0.0,text_tfidf_svd_dense_logistic
26.76,2.23,28.486,35.91,MN,,Normal,N,Y,0,0,0.000694,text_tfidf_svd_dense_logistic
28.26,2.355,14.152,12.569,MN,,Normal,N,N,0,0,0.0,text_tfidf_svd_dense_logistic
29.46,2.455,27.17,35.91,FS,,Normal,Y,N,0,0,0.068154,text_tfidf_svd_dense_logistic
4.2,0.35,21.772,35.91,FS,,Normal,N,Y,0,0,0.000194,text_tfidf_svd_dense_logistic
23.82,1.985,31.343,35.91,FS,,Normal,Y,N,0,0,0.04133,text_tfidf_svd_dense_logistic
4.13,0.344,12.156,35.91,MN,,Normal,N,N,0,0,0.004655,text_tfidf_svd_dense_logistic
32.0,2.667,29.937,35.91,FS,Normal,Normal,N,Y,0,0,0.000179,text_tfidf_svd_dense_logistic
25.54,2.128,10.614,12.569,F,Normal,Normal,N,N,0,0,0.0,text_tfidf_svd_dense_logistic
19.74,1.645,34.518,35.91,FS,,Heavy,N,N,1,1,0.991754,text_tfidf_svd_dense_logistic
30.82,2.568,32.114,35.91,FS,Normal,Normal,N,N,0,0,2e-06,text_tfidf_svd_dense_logistic
32.95,2.746,47.174,35.91,FS,,Heavy,Y,N,1,1,0.999723,text_tfidf_svd_dense_logistic
4.02,0.335,12.701,35.91,F,,Thin,N,N,1,1,0.976969,text_tfidf_svd_dense_logistic
3.64,0.303,10.523,35.91,MN,,Thin,Y,Y,1,1,0.593207,text_tfidf_svd_dense_logistic
3.67,0.306,15.649,35.91,MN,,Heavy,Y,Y,1,1,0.71359,text_tfidf_svd_dense_logistic
28.99,2.416,50.576,35.91,FS,,Heavy,N,Y,1,1,0.987883,text_tfidf_svd_dense_logistic
32.86,2.738,61.462,35.91,MN,,Heavy,Y,N,1,1,0.999744,text_tfidf_svd_dense_logistic
26.39,2.199,55.883,35.91,M,,Heavy,Y,N,1,1,0.999309,text_tfidf_svd_dense_logistic
34.67,2.889,32.659,35.91,MN,,Heavy,N,N,1,1,0.97499,text_tfidf_svd_dense_logistic
35.23,2.936,45.359,35.91,FS,,Heavy,Y,N,1,1,0.99969,text_tfidf_svd_dense_logistic
16.46,1.372,40.823,35.91,FS,,Heavy,Y,N,1,1,0.998181,text_tfidf_svd_dense_logistic
4.54,0.378,17.781,35.91,M,,Normal,N,Y,0,0,0.000238,text_tfidf_svd_dense_logistic
16.36,1.363,34.156,35.91,MN,,Normal,Y,N,0,0,0.024365,text_tfidf_svd_dense_logistic
27.34,2.278,12.882,12.569,MN,Normal,Normal,Y,N,0,0,0.0,text_tfidf_svd_dense_logistic
28.22,2.352,11.975,12.569,M,Normal,Normal,N,N,0,0,0.0,text_tfidf_svd_dense_logistic
14.53,1.211,37.013,35.91,M,,Normal,N,N,0,0,0.014115,text_tfidf_svd_dense_logistic
5.86,0.488,16.783,35.91,FS,,Normal,N,Y,0,0,0.000989,text_tfidf_svd_dense_logistic
27.41,2.284,13.88,12.569,MN,Normal,Normal,N,N,0,0,0.0,text_tfidf_svd_dense_logistic
24.49,2.041,27.669,35.91,MN,,Normal,N,N,0,0,0.072117,text_tfidf_svd_dense_logistic
24.02,2.002,12.202,12.569,M,Normal,Normal,N,N,0,0,0.0,text_tfidf_svd_dense_logistic
15.54,1.295,20.049,35.91,FS,,Thin,N,N,1,1,0.985108,text_tfidf_svd_dense_logistic
25.6,2.133,11.612,12.569,F,Normal,Normal,N,N,0,0,0.0,text_tfidf_svd_dense_logistic
29.6,2.467,34.654,35.91,M,,Thin,Y,N,1,1,0.998877,text_tfidf_svd_dense_logistic
25.26,2.105,34.836,35.91,M,Thin,Thin,Y,Y,1,1,0.997362,text_tfidf_svd_dense_logistic
30.62,2.552,36.741,35.91,FS,,Heavy,Y,N,1,1,0.990711,text_tfidf_svd_dense_logistic
24.35,2.029,11.34,12.569,F,Normal,Normal,N,N,0,0,0.0,text_tfidf_svd_dense_logistic
11.58,0.965,26.807,35.91,FS,,Heavy,N,N,1,1,0.957193,text_tfidf_svd_dense_logistic
13.66,1.138,46.72,35.91,MN,,Heavy,N,N,1,1,0.987234,text_tfidf_svd_dense_logistic
30.79,2.566,9.979,12.569,FS,Normal,Normal,Y,Y,0,0,0.0,text_tfidf_svd_dense_logistic
11.82,0.985,46.357,35.91,M,,Normal,N,N,0,0,0.054146,text_tfidf_svd_dense_logistic
23.66,1.972,30.028,35.91,FS,,Normal,Y,N,0,0,0.016277,text_tfidf_svd_dense_logistic
25.37,2.114,41.277,35.91,MN,,Normal,N,N,0,0,0.050989,text_tfidf_svd_dense_logistic
28.09,2.341,15.876,12.569,MN,,Normal,N,N,0,0,0.0,text_tfidf_svd_dense_logistic
32.92,2.743,26.399,35.91,M,,Normal,N,N,0,0,0.013775,text_tfidf_svd_dense_logistic
15.73,1.311,21.591,35.91,MN,,Thin,N,Y,1,1,0.818847,text_tfidf_svd_dense_logistic
26.62,2.218,14.061,12.569,MN,Normal,Normal,N,N,0,0,0.0,text_tfidf_svd_dense_logistic
30.04,2.503,12.247,12.569,FS,Normal,Normal,N,N,0,0,0.0,text_tfidf_svd_dense_logistic
26.72,2.227,46.629,35.91,M,,Heavy,Y,N,1,1,0.999522,text_tfidf_svd_dense_logistic
27.47,2.289,35.97,35.91,FS,Heavy,Heavy,Y,N,1,1,0.993236,text_tfidf_svd_dense_logistic
1.99,0.166,7.756,35.91,M,,Normal,Y,N,0,0,0.046649,text_tfidf_svd_dense_logistic
21.31,1.776,49.442,35.91,FS,,Heavy,Y,N,1,1,0.998426,text_tfidf_svd_dense_logistic
34.5,2.875,37.648,35.91,FS,Normal,Normal,Y,N,0,0,0.001746,text_tfidf_svd_dense_logistic
29.89,2.491,40.415,35.91,FS,,Heavy,N,N,1,1,0.996748,text_tfidf_svd_dense_logistic
20.7,1.725,34.201,35.91,FS,,Heavy,N,N,1,1,0.994689,text_tfidf_svd_dense_logistic
30.66,2.555,48.444,35.91,FS,,Heavy,Y,N,1,1,0.998763,text_tfidf_svd_dense_logistic
20.36,1.697,36.469,35.91,FS,,Heavy,Y,N,1,1,0.998548,text_tfidf_svd_dense_logistic
12.24,1.02,26.581,35.91,M,,Thin,N,N,1,1,0.984315,text_tfidf_svd_dense_logistic
2.58,0.215,15.105,35.91,MN,,Heavy,Y,Y,1,1,0.790903,text_tfidf_svd_dense_logistic
28.16,2.347,11.703,12.569,FS,Normal,Normal,N,Y,0,0,0.0,text_tfidf_svd_dense_logistic
18.65,1.554,37.421,35.91,MN,,Normal,N,N,0,0,0.007282,text_tfidf_svd_dense_logistic
31.61,2.634,36.832,35.91,F,,Heavy,N,N,1,1,0.993812,text_tfidf_svd_dense_logistic
2.77,0.231,8.573,35.91,F,,Normal,Y,N,0,0,0.061574,text_tfidf_svd_dense_logistic
27.4,2.283,43.59,35.91,MN,,Heavy,Y,N,1,1,0.999434,text_tfidf_svd_dense_logistic
16.82,1.402,45.45,35.91,FS,,Heavy,Y,N,1,1,0.998275,text_tfidf_svd_dense_logistic
24.55,2.046,8.845,12.569,FS,Normal,Normal,N,N,0,0,0.0,text_tfidf_svd_dense_logistic
24.02,2.002,31.888,35.91,M,,Thin,Y,Y,1,1,0.990678,text_tfidf_svd_dense_logistic
31.72,2.643,52.299,35.91,FS,,Heavy,Y,N,1,1,0.999804,text_tfidf_svd_dense_logistic
14.64,1.22,29.484,35.91,FS,,Normal,N,N,0,0,0.055659,text_tfidf_svd_dense_logistic
28.26,2.355,31.298,35.91,F,,Heavy,Y,N,1,1,0.996358,text_tfidf_svd_dense_logistic
16.96,1.413,32.114,35.91,FS,,Normal,N,N,0,0,0.015297,text_tfidf_svd_dense_logistic
21.26,1.772,40.869,35.91,MN,,Heavy,N,N,1,1,0.981114,text_tfidf_svd_dense_logistic
3.96,0.33,14.606,35.91,FS,,Normal,Y,Y,0,0,0.000238,text_tfidf_svd_dense_logistic
33.65,2.804,39.145,35.91,M,Thin,Thin,Y,Y,1,1,0.998755,text_tfidf_svd_dense_logistic
32.99,2.749,35.108,35.91,MN,,Heavy,Y,N,1,1,0.995973,text_tfidf_svd_dense_logistic
27.01,2.251,44.906,35.91,F,,Heavy,N,N,1,1,0.999171,text_tfidf_svd_dense_logistic
20.63,1.719,27.669,35.91,MN,,Heavy,Y,N,1,1,0.990029,text_tfidf_svd_dense_logistic
30.95,2.579,10.614,12.569,MN,Normal,Normal,Y,N,0,0,0.0,text_tfidf_svd_dense_logistic
18.36,1.53,41.731,35.91,F,,Heavy,Y,N,1,1,0.998345,text_tfidf_svd_dense_logistic
3.05,0.254,8.89,35.91,F,,Thin,N,N,1,1,0.991541,text_tfidf_svd_dense_logistic
26.05,2.171,13.381,12.569,MN,Normal,Normal,Y,N,0,0,0.0,text_tfidf_svd_dense_logistic
31.08,2.59,15.014,12.569,M,Normal,Normal,Y,N,0,0,0.0,text_tfidf_svd_dense_logistic
3.53,0.294,12.247,35.91,MN,,Normal,Y,Y,0,0,0.000202,text_tfidf_svd_dense_logistic
15.84,1.32,44.452,35.91,FS,,Heavy,Y,N,1,1,0.998681,text_tfidf_svd_dense_logistic
5.83,0.486,28.395,35.91,MN,,Heavy,N,N,1,1,0.887789,text_tfidf_svd_dense_logistic
34.25,2.854,11.158,12.569,FS,Normal,Normal,N,N,0,0,0.0,text_tfidf_svd_dense_logistic
3.85,0.321,21.047,35.91,MN,,Normal,Y,Y,0,0,0.000102,text_tfidf_svd_dense_logistic
26.84,2.237,51.71,35.91,M,Thin,Thin,Y,Y,1,1,0.999376,text_tfidf_svd_dense_logistic
32.2,2.683,32.568,35.91,FS,,Heavy,Y,N,1,1,0.999104,text_tfidf_svd_dense_logistic
25.96,2.163,38.918,35.91,FS,,Heavy,N,N,1,1,0.994806,text_tfidf_svd_dense_logistic
31.06,2.588,13.608,12.569,MN,Normal,Normal,Y,N,0,0,0.0,text_tfidf_svd_dense_logistic
24.01,2.001,12.927,12.569,M,Normal,Normal,N,N,0,0,0.0,text_tfidf_svd_dense_logistic
30.04,2.503,33.112,35.91,FS,Normal,Normal,Y,Y,0,0,1e-05,text_tfidf_svd_dense_logistic
24.02,2.002,33.294,35.91,FS,Normal,Normal,Y,Y,0,0,9.6e-05,text_tfidf_svd_dense_logistic
25.54,2.128,11.612,12.569,MN,Normal,Normal,Y,N,0,0,0.0,text_tfidf_svd_dense_logistic
30.77,2.564,50.349,35.91,MN,Heavy,Heavy,Y,N,1,1,0.995201,text_tfidf_svd_dense_logistic
9.68,0.807,14.787,12.569,MN,,Normal,N,N,0,0,1.2e-05,text_tfidf_svd_dense_logistic
24.02,2.002,13.608,12.569,MN,Normal,Normal,Y,N,0,0,0.0,text_tfidf_svd_dense_logistic
31.28,2.607,13.608,12.569,M,Normal,Normal,N,N,0,0,0.0,text_tfidf_svd_dense_logistic
24.01,2.001,9.525,12.569,FS,Normal,Normal,Y,Y,0,0,0.0,text_tfidf_svd_dense_logistic
2.39,0.199,8.255,35.91,M,,Normal,N,N,0,0,0.055006,text_tfidf_svd_dense_logistic
28.19,2.349,35.834,35.91,M,Thin,Thin,Y,N,1,1,0.999618,text_tfidf_svd_dense_logistic
33.49,2.791,11.793,12.569,F,Normal,Normal,N,N,0,0,0.0,text_tfidf_svd_dense_logistic
4.45,0.371,24.449,35.91,MN,,Heavy,N,N,1,1,0.823028,text_tfidf_svd_dense_logistic
28.92,2.41,12.247,12.569,MN,Normal,Normal,N,N,0,0,0.0,text_tfidf_svd_dense_logistic
19.43,1.619,43.545,35.91,MN,,Heavy,N,N,1,1,0.988813,text_tfidf_svd_dense_logistic
24.67,2.056,10.886,12.569,FS,Normal,Normal,Y,Y,0,0,0.0,text_tfidf_svd_dense_logistic
28.64,2.387,36.333,35.91,FS,,Normal,Y,N,0,0,0.006405,text_tfidf_svd_dense_logistic
18.34,1.528,43.182,35.91,F,,Heavy,Y,N,1,1,0.998173,text_tfidf_svd_dense_logistic
30.64,2.553,40.279,35.91,MN,,Normal,Y,N,0,0,0.000568,text_tfidf_svd_dense_logistic
30.36,2.53,12.247,12.569,FS,Normal,Normal,Y,N,0,0,0.0,text_tfidf_svd_dense_logistic
24.02,2.002,15.286,12.569,M,Normal,Normal,Y,N,0,0,0.0,text_tfidf_svd_dense_logistic
34.48,2.873,49.895,35.91,MN,,Heavy,N,N,1,1,0.997573,text_tfidf_svd_dense_logistic
19.8,1.65,36.287,35.91,FS,,Heavy,Y,N,1,1,0.998362,text_tfidf_svd_dense_logistic
3.07,0.256,8.845,35.91,F,,Normal,Y,Y,0,0,0.000827,text_tfidf_svd_dense_logistic
26.28,2.19,39.463,35.91,M,,Normal,Y,N,0,0,0.091121,text_tfidf_svd_dense_logistic
34.97,2.914,36.378,35.91,FS,,Heavy,Y,N,1,1,0.997868,text_tfidf_svd_dense_logistic
23.26,1.938,48.58,35.91,MN,,Heavy,Y,N,1,1,0.996116,text_tfidf_svd_dense_logistic
8.7,0.725,33.475,35.91,F,,Normal,N,N,0,0,0.004941,text_tfidf_svd_dense_logistic
32.3,2.692,11.204,12.569,MN,Normal,Normal,N,N,0,0,0.0,text_tfidf_svd_dense_logistic
3.28,0.273,12.882,35.91,M,,Thin,Y,N,1,1,0.981254,text_tfidf_svd_dense_logistic
24.2,2.017,11.521,12.569,M,Normal,Normal,Y,N,0,0,0.0,text_tfidf_svd_dense_logistic
28.09,2.341,35.925,35.91,FS,Normal,Normal,N,N,0,0,0.000461,text_tfidf_svd_dense_logistic
23.56,1.963,17.237,35.91,F,,Thin,Y,N,1,1,0.995283,text_tfidf_svd_dense_logistic
34.37,2.864,51.936,35.91,MN,,Heavy,N,N,1,1,0.998114,text_tfidf_svd_dense_logistic
24.48,2.04,32.387,35.91,M,Thin,Thin,Y,N,1,1,0.999994,text_tfidf_svd_dense_logistic
27.5,2.292,21.455,35.91,F,Thin,Thin,N,N,1,1,0.999733,text_tfidf_svd_dense_logistic
27.05,2.254,52.118,35.91,MN,Heavy,Heavy,N,N,1,1,0.99645,text_tfidf_svd_dense_logistic
9.78,0.815,8.981,12.569,FS,,Normal,Y,Y,0,0,1e-06,text_tfidf_svd_dense_logistic
32.4,2.7,13.971,12.569,M,Normal,Normal,Y,N,0,0,0.000631,metadata_logistic_regression
32.93,2.744,39.236,35.91,MN,,Heavy,N,N,1,1,0.997027,metadata_logistic_regression
24.37,2.031,38.283,35.91,M,Thin,Thin,Y,Y,1,1,0.99732,metadata_logistic_regression
30.23,2.519,12.066,12.569,F,,Normal,Y,Y,0,0,0.000369,metadata_logistic_regression
25.18,2.098,37.013,35.91,MN,,Normal,N,N,0,0,0.009066,metadata_logistic_regression
25.03,2.086,32.659,35.91,FS,Normal,Normal,Y,N,0,0,0.00847,metadata_logistic_regression
18.92,1.577,26.671,35.91,MN,,Thin,N,N,1,1,0.992428,metadata_logistic_regression
31.28,2.607,28.939,35.91,FS,Normal,Normal,N,N,0,0,0.007594,metadata_logistic_regression
18.95,1.579,30.844,35.91,F,,Heavy,Y,N,1,1,0.997112,metadata_logistic_regression
26.62,2.218,51.211,35.91,M,Thin,Thin,Y,N,1,1,0.998851,metadata_logistic_regression
24.02,2.002,10.206,12.569,MN,Normal,Normal,Y,N,0,0,0.000473,metadata_logistic_regression
15.4,1.283,32.659,35.91,MN,,Heavy,Y,N,1,1,0.996512,metadata_logistic_regression
24.88,2.073,11.022,12.569,FS,Normal,Normal,Y,N,0,0,0.000485,metadata_logistic_regression
24.01,2.001,21.319,35.91,M,Thin,Thin,Y,N,1,1,0.997631,metadata_logistic_regression
27.9,2.325,54.431,35.91,MN,,Heavy,Y,Y,1,1,0.996568,metadata_logistic_regression
28.24,2.353,36.287,35.91,MN,,Normal,Y,N,0,0,0.009264,metadata_logistic_regression
4.01,0.334,20.729,35.91,MN,,Normal,Y,Y,0,0,0.003584,metadata_logistic_regression
30.23,2.519,25.31,35.91,MN,,Normal,Y,N,0,0,0.007158,metadata_logistic_regression
4.62,0.385,14.787,35.91,FS,,Thin,Y,N,1,1,0.990025,metadata_logistic_regression
25.69,2.141,59.965,35.91,MN,,Heavy,N,N,1,1,0.998166,metadata_logistic_regression
31.8,2.65,43.409,35.91,MN,,Heavy,N,N,1,1,0.997304,metadata_logistic_regression
32.56,2.713,33.793,35.91,FS,Normal,Normal,N,N,0,0,0.008548,metadata_logistic_regression
29.54,2.462,10.659,12.569,FS,Normal,Normal,Y,Y,0,0,0.000285,metadata_logistic_regression
2.92,0.243,9.662,35.91,MN,,Normal,Y,Y,0,0,0.002743,metadata_logistic_regression
25.86,2.155,25.401,35.91,FS,,Heavy,N,N,1,1,0.995813,metadata_logistic_regression
19.55,1.629,46.266,35.91,FS,,Heavy,Y,N,1,1,0.997512,metadata_logistic_regression
27.66,2.305,26.762,35.91,MN,,Thin,N,N,1,1,0.992574,metadata_logistic_regression
25.46,2.122,13.744,12.569,MN,Normal,Normal,Y,Y,0,0,0.000303,metadata_logistic_regression
25.82,2.152,50.848,35.91,M,Thin,Thin,N,N,1,1,0.9988,metadata_logistic_regression
31.85,2.654,47.083,35.91,M,Thin,Thin,Y,N,1,1,0.998744,metadata_logistic_regression
15.4,1.283,45.949,35.91,MN,,Heavy,N,N,1,1,0.997379,metadata_logistic_regression
31.8,2.65,51.256,35.91,MN,,Heavy,N,N,1,1,0.997767,metadata_logistic_regression
24.01,2.001,12.066,12.569,F,Normal,Normal,N,N,0,0,0.0006,metadata_logistic_regression
15.26,1.272,39.054,35.91,FS,,Heavy,N,N,1,1,0.996917,metadata_logistic_regression
9.68,0.807,38.011,35.91,M,,Normal,Y,N,0,0,0.011138,metadata_logistic_regression
30.02,2.502,54.567,35.91,MN,,Heavy,Y,N,1,1,0.997997,metadata_logistic_regression
11.04,0.92,27.76,35.91,F,,Normal,N,N,0,0,0.008845,metadata_logistic_regression
33.65,2.804,10.342,12.569,MN,Normal,Normal,Y,N,0,0,0.000484,metadata_logistic_regression
3.29,0.274,5.352,35.91,M,,Normal,N,N,0,0,0.00488,metadata_logistic_regression
29.68,2.473,34.609,35.91,FS,,Heavy,Y,N,1,1,0.996776,metadata_logistic_regression
27.04,2.253,39.689,35.91,M,Thin,Thin,Y,N,1,1,0.998485,metadata_logistic_regression
16.73,1.394,27.669,35.91,FS,,Heavy,Y,N,1,1,0.996093,metadata_logistic_regression
30.02,2.502,32.205,35.91,MN,,Heavy,N,Y,1,1,0.993986,metadata_logistic_regression
34.67,2.889,30.527,35.91,FS,,Heavy,N,N,1,1,0.996361,metadata_logistic_regression
3.4,0.283,11.158,35.91,F,,Normal,Y,Y,0,0,0.003565,metadata_logistic_regression
26.28,2.19,44.679,35.91,MN,,Heavy,Y,N,1,1,0.997442,metadata_logistic_regression
28.81,2.401,58.06,35.91,MN,,Heavy,Y,N,1,1,0.998154,metadata_logistic_regression
24.8,2.067,12.519,12.569,MN,Normal,Normal,Y,N,0,0,0.000501,metadata_logistic_regression
17.39,1.449,29.665,35.91,MN,,Normal,Y,Y,0,0,0.00456,metadata_logistic_regression
28.49,2.374,34.019,35.91,M,Thin,Thin,N,N,1,1,0.998211,metadata_logistic_regression
29.47,2.456,35.879,35.91,FS,,Heavy,Y,N,1,1,0.996871,metadata_logistic_regression
24.02,2.002,9.662,12.569,MN,Normal,Normal,Y,N,0,0,0.000467,metadata_logistic_regression
24.02,2.002,11.884,12.569,MN,Normal,Normal,Y,N,0,0,0.000492,metadata_logistic_regression
2.03,0.169,3.266,12.569,FS,,Normal,Y,Y,0,0,0.000226,metadata_logistic_regression
31.4,2.617,23.768,35.91,FS,,Heavy,N,N,1,1,0.995694,metadata_logistic_regression
19.94,1.662,42.411,35.91,M,,Heavy,Y,N,1,1,0.997718,metadata_logistic_regression
13.39,1.116,8.165,12.569,MN,,Normal,N,N,0,0,0.000427,metadata_logistic_regression
4.33,0.361,13.88,35.91,FS,,Thin,N,N,1,1,0.989462,metadata_logistic_regression
28.09,2.341,9.888,12.569,MN,Normal,Normal,Y,N,0,0,0.000473,metadata_logistic_regression
34.36,2.863,28.395,35.91,MN,,Normal,Y,N,0,0,0.007768,metadata_logistic_regression
4.19,0.349,19.278,35.91,M,,Thin,Y,Y,1,1,0.987266,metadata_logistic_regression
16.2,1.35,35.29,35.91,FS,,Heavy,N,N,1,1,0.996632,metadata_logistic_regression
24.01,2.001,36.197,35.91,F,,Heavy,Y,N,1,1,0.997486,metadata_logistic_regression
32.65,2.721,41.277,35.91,FS,,Heavy,Y,N,1,1,0.997268,metadata_logistic_regression
33.74,2.812,14.832,12.569,MN,Normal,Normal,Y,N,0,0,0.000539,metadata_logistic_regression
20.21,1.684,48.534,35.91,MN,,Heavy,N,N,1,1,0.99756,metadata_logistic_regression
2.74,0.228,7.031,35.91,F,,Normal,Y,Y,0,0,0.003225,metadata_logistic_regression
29.6,2.467,36.877,35.91,M,Thin,Thin,N,N,1,1,0.998334,metadata_logistic_regression
24.12,2.01,37.467,35.91,M,Thin,Thin,Y,N,1,1,0.998393,metadata_logistic_regression
24.8,2.067,11.431,12.569,MN,Normal,Normal,Y,N,0,0,0.000488,metadata_logistic_regression
28.72,2.393,28.123,35.91,FS,,Normal,Y,N,0,0,0.007657,metadata_logistic_regression
6.6,0.55,13.245,35.91,FS,,Normal,Y,Y,0,0,0.003021,metadata_logistic_regression
31.58,2.632,31.389,35.91,FS,,Normal,N,N,0,0,0.008056,metadata_logistic_regression
26.39,2.199,11.884,12.569,M,Normal,Normal,N,Y,0,0,0.000337,metadata_logistic_regression
2.69,0.224,2.631,35.91,M,,Thin,Y,N,1,1,0.988792,metadata_logistic_regression
25.86,2.155,43.363,35.91,MN,,Heavy,N,N,1,1,0.997269,metadata_logistic_regression
24.55,2.046,46.629,35.91,M,,Normal,Y,N,0,0,0.014075,metadata_logistic_regression
30.76,2.563,41.776,35.91,M,,Heavy,Y,Y,1,1,0.996144,metadata_logistic_regression
29.15,2.429,14.288,12.569,M,Normal,Normal,Y,N,0,0,0.000632,metadata_logistic_regression
3.12,0.26,8.618,35.91,M,,Normal,Y,N,0,0,0.005452,metadata_logistic_regression
29.71,2.476,11.34,12.569,F,Normal,Normal,N,N,0,0,0.000596,metadata_logistic_regression
26.02,2.168,43.545,35.91,M,Thin,Thin,Y,N,1,1,0.998616,metadata_logistic_regression
30.85,2.571,37.92,35.91,M,Thin,Thin,Y,N,1,1,0.998432,metadata_logistic_regression
18.79,1.566,37.421,35.91,MN,,Normal,N,N,0,0,0.00904,metadata_logistic_regression
35.16,2.93,10.523,12.569,FS,Normal,Normal,N,N,0,0,0.000473,metadata_logistic_regression
24.72,2.06,33.294,35.91,M,,Normal,Y,N,0,0,0.010256,metadata_logistic_regression
11.6,0.967,43.545,35.91,MN,,Normal,Y,Y,0,0,0.006283,metadata_logistic_regression
3.38,0.282,14.152,35.91,M,,Normal,N,Y,0,0,0.003546,metadata_logistic_regression
27.07,2.256,40.823,35.91,M,Thin,Thin,N,N,1,1,0.998477,metadata_logistic_regression
34.25,2.854,41.504,35.91,F,,Heavy,Y,N,1,1,0.997831,metadata_logistic_regression
16.85,1.404,43.817,35.91,MN,,Heavy,Y,N,1,1,0.997339,metadata_logistic_regression
24.28,2.023,37.421,35.91,FS,,Heavy,N,N,1,1,0.996851,metadata_logistic_regression
33.22,2.768,29.03,35.91,FS,,Heavy,N,N,1,1,0.996217,metadata_logistic_regression
30.82,2.568,37.648,35.91,M,Thin,Thin,Y,N,1,1,0.998421,metadata_logistic_regression
19.02,1.585,24.539,35.91,MN,,Thin,N,N,1,1,0.992035,metadata_logistic_regression
28.99,2.416,11.521,12.569,MN,Normal,Normal,N,N,0,0,0.000477,metadata_logistic_regression
13.76,1.147,34.7,35.91,MN,,Heavy,N,N,1,1,0.996556,metadata_logistic_regression
18.77,1.564,22.68,35.91,MN,,Heavy,N,N,1,1,0.995453,metadata_logistic_regression
11.82,0.985,40.823,35.91,FS,,Heavy,N,N,1,1,0.997025,metadata_logistic_regression
33.06,2.755,26.036,35.91,M,,Normal,N,N,0,0,0.008488,metadata_logistic_regression
34.82,2.902,37.784,35.91,MN,,Normal,Y,N,0,0,0.009726,metadata_logistic_regression
24.01,2.001,9.662,12.569,FS,Normal,Normal,Y,Y,0,0,0.000275,metadata_logistic_regression
24.05,2.004,12.111,12.569,MN,Normal,Normal,N,N,0,0,0.000479,metadata_logistic_regression
35.59,2.966,48.217,35.91,FS,,Heavy,N,N,1,1,0.997624,metadata_logistic_regression
29.57,2.464,31.479,35.91,MN,,Heavy,N,N,1,1,0.996395,metadata_logistic_regression
0.92,0.077,2.631,35.91,F,,Normal,Y,N,0,0,0.004915,metadata_logistic_regression
7.27,0.606,10.16,12.569,FS,,Normal,N,N,0,0,0.000444,metadata_logistic_regression
5.26,0.438,18.96,35.91,MN,,Normal,N,N,0,0,0.005663,metadata_logistic_regression
35.42,2.952,34.019,35.91,FS,Heavy,Heavy,N,N,1,1,0.998189,metadata_logistic_regression
15.37,1.281,47.899,35.91,FS,,Heavy,N,N,1,1,0.997507,metadata_logistic_regression
27.49,2.291,45.269,35.91,M,,Heavy,Y,N,1,1,0.997901,metadata_logistic_regression
26.69,2.224,9.979,12.569,FS,Normal,Normal,Y,Y,0,0,0.000279,metadata_logistic_regression
24.65,2.054,39.463,35.91,M,Thin,Thin,Y,N,1,1,0.99847,metadata_logistic_regression
4.1,0.342,14.424,35.91,FS,,Normal,N,Y,0,0,0.002992,metadata_logistic_regression
21.05,1.754,42.638,35.91,MN,,Heavy,Y,N,1,1,0.997285,metadata_logistic_regression
1.87,0.156,2.676,35.91,FS,,Normal,N,N,0,0,0.003822,metadata_logistic_regression
31.51,2.626,35.471,35.91,M,Thin,Thin,Y,Y,1,1,0.997173,metadata_logistic_regression
24.02,2.002,11.34,12.569,F,Normal,Normal,N,N,0,0,0.000589,metadata_logistic_regression
24.02,2.002,9.072,12.569,FS,Normal,Normal,N,N,0,0,0.000447,metadata_logistic_regression
12.68,1.057,42.638,35.91,M,,Normal,N,N,0,0,0.012105,metadata_logistic_regression
32.2,2.683,27.805,35.91,MN,,Heavy,Y,N,1,1,0.996211,metadata_logistic_regression
24.02,2.002,13.608,12.569,MN,Normal,Normal,Y,Y,0,0,0.000301,metadata_logistic_regression
31.44,2.62,42.229,35.91,MN,,Heavy,N,N,1,1,0.997225,metadata_logistic_regression
34.86,2.905,47.627,35.91,MN,,Heavy,Y,Y,1,1,0.996015,metadata_logistic_regression
31.78,2.648,36.832,35.91,F,,Heavy,Y,N,1,1,0.997562,metadata_logistic_regression
24.02,2.002,10.932,12.569,FS,Normal,Normal,Y,N,0,0,0.000483,metadata_logistic_regression
4.79,0.399,16.828,35.91,FS,,Normal,N,Y,0,0,0.003174,metadata_logistic_regression
10.04,0.837,13.971,12.569,M,,Normal,Y,N,0,0,0.000604,metadata_logistic_regression
24.31,2.026,9.707,12.569,MN,Normal,Normal,Y,Y,0,0,0.000275,metadata_logistic_regression
21.28,1.773,35.562,35.91,MN,,Normal,N,N,0,0,0.008691,metadata_logistic_regression
20.92,1.743,37.512,35.91,FS,,Heavy,N,N,1,1,0.996837,metadata_logistic_regression
35.46,2.955,11.158,12.569,F,Normal,Normal,N,N,0,0,0.0006,metadata_logistic_regression
4.09,0.341,13.154,35.91,MN,,Normal,Y,Y,0,0,0.00299,metadata_logistic_regression
2.21,0.184,5.216,35.91,F,,Normal,Y,N,0,0,0.005242,metadata_logistic_regression
26.78,2.232,30.028,35.91,FS,,Normal,N,N,0,0,0.007725,metadata_logistic_regression
31.4,2.617,10.886,12.569,F,Normal,Normal,N,Y,0,0,0.000347,metadata_logistic_regression
2.58,0.215,3.402,35.91,FS,,Thin,Y,N,1,1,0.986872,metadata_logistic_regression
33.89,2.824,37.875,35.91,FS,,Normal,N,N,0,0,0.009446,metadata_logistic_regression
5.82,0.485,21.41,35.91,M,,Normal,N,N,0,0,0.007201,metadata_logistic_regression
3.44,0.287,14.923,35.91,M,,Thin,Y,N,1,1,0.99165,metadata_logistic_regression
35.21,2.934,11.068,12.569,F,Normal,Normal,N,N,0,0,0.000599,metadata_logistic_regression
17.96,1.497,40.959,35.91,FS,,Heavy,N,N,1,1,0.997071,metadata_logistic_regression
9.5,0.792,30.119,35.91,F,,Normal,N,N,0,0,0.009328,metadata_logistic_regression
18.04,1.503,31.615,35.91,M,,Heavy,N,N,1,1,0.996933,metadata_logistic_regression
24.02,2.002,28.576,35.91,M,Thin,Thin,Y,N,1,1,0.99801,metadata_logistic_regression
33.1,2.758,30.754,35.91,FS,Normal,Normal,Y,Y,0,0,0.004845,metadata_logistic_regression
24.01,2.001,23.043,35.91,F,Thin,Thin,N,N,1,1,0.997752,metadata_logistic_regression
15.66,1.305,60.781,35.91,MN,,Normal,Y,Y,0,0,0.009557,metadata_logistic_regression
26.22,2.185,9.798,12.569,FS,Normal,Normal,Y,Y,0,0,0.000277,metadata_logistic_regression
26.81,2.234,41.05,35.91,MN,,Heavy,Y,N,1,1,0.997212,metadata_logistic_regression
27.05,2.254,13.154,12.569,MN,Normal,Normal,Y,Y,0,0,0.0003,metadata_logistic_regression
8.2,0.683,27.079,35.91,MN,,Normal,N,N,0,0,0.006916,metadata_logistic_regression
12.08,1.007,37.195,35.91,F,,Normal,Y,Y,0,0,0.006763,metadata_logistic_regression
12.04,1.003,25.809,35.91,MN,,Normal,N,N,0,0,0.006761,metadata_logistic_regression
33.95,2.829,14.606,12.569,MN,Normal,Normal,Y,N,0,0,0.000536,metadata_logistic_regression
17.4,1.45,26.943,35.91,FS,,Thin,Y,N,1,1,0.992722,metadata_logistic_regression
28.43,2.369,12.746,12.569,MN,Normal,Normal,N,N,0,0,0.000491,metadata_logistic_regression
31.85,2.654,52.209,35.91,F,,Heavy,N,N,1,1,0.998258,metadata_logistic_regression
12.28,1.023,25.855,35.91,FS,,Heavy,N,N,1,1,0.995745,metadata_logistic_regression
27.08,2.257,46.72,35.91,FS,Heavy,Heavy,N,N,1,1,0.998643,metadata_logistic_regression
24.64,2.053,11.884,12.569,F,Normal,Normal,Y,N,0,0,0.000618,metadata_logistic_regression
12.98,1.082,32.659,35.91,FS,,Heavy,N,N,1,1,0.99639,metadata_logistic_regression
35.35,2.946,34.019,35.91,FS,Heavy,Heavy,N,N,1,1,0.998188,metadata_logistic_regression
10.04,0.837,14.515,35.91,F,,Thin,N,N,1,1,0.991768,metadata_logistic_regression
2.94,0.245,6.26,35.91,M,,Normal,Y,N,0,0,0.005151,metadata_logistic_regression
25.27,2.106,43.5,35.91,M,,Normal,Y,N,0,0,0.013086,metadata_logistic_regression
32.33,2.694,42.638,35.91,MN,,Heavy,Y,N,1,1,0.997346,metadata_logistic_regression
24.2,2.017,23.043,35.91,F,Thin,Thin,Y,N,1,1,0.997826,metadata_logistic_regression
24.02,2.002,41.096,35.91,M,Thin,Thin,N,N,1,1,0.998477,metadata_logistic_regression
22.8,1.9,38.964,35.91,FS,,Heavy,Y,N,1,1,0.997055,metadata_logistic_regression
24.31,2.026,45.45,35.91,MN,,Heavy,N,N,1,1,0.997394,metadata_logistic_regression
27.6,2.3,28.259,35.91,FS,,Heavy,N,N,1,1,0.996104,metadata_logistic_regression
30.19,2.516,34.156,35.91,MN,,Normal,Y,N,0,0,0.008839,metadata_logistic_regression
18.04,1.503,22.317,35.91,F,,Thin,Y,N,1,1,0.993492,metadata_logistic_regression
27.35,2.279,36.469,35.91,MN,,Normal,Y,N,0,0,0.009288,metadata_logistic_regression
31.15,2.596,10.433,12.569,FS,Normal,Normal,N,N,0,0,0.000468,metadata_logistic_regression
15.05,1.254,24.948,35.91,F,,Thin,Y,N,1,1,0.993853,metadata_logistic_regression
24.35,2.029,31.525,35.91,FS,,Heavy,Y,N,1,1,0.996491,metadata_logistic_regression
31.81,2.651,12.066,12.569,M,Normal,Normal,Y,N,0,0,0.000602,metadata_logistic_regression
29.22,2.435,30.844,35.91,M,Thin,Thin,Y,N,1,1,0.998135,metadata_logistic_regression
25.16,2.097,14.243,12.569,MN,Normal,Normal,N,N,0,0,0.000505,metadata_logistic_regression
28.33,2.361,34.927,35.91,M,Thin,Thin,N,N,1,1,0.998249,metadata_logistic_regression
27.11,2.259,39.236,35.91,M,Thin,Thin,N,N,1,1,0.998417,metadata_logistic_regression
24.01,2.001,13.381,12.569,M,Normal,Normal,Y,N,0,0,0.000612,metadata_logistic_regression
14.11,1.176,37.512,35.91,FS,,Heavy,Y,N,1,1,0.996898,metadata_logistic_regression
33.18,2.765,46.04,35.91,MN,,Heavy,Y,N,1,1,0.997558,metadata_logistic_regression
24.02,2.002,10.433,12.569,MN,Normal,Normal,Y,N,0,0,0.000476,metadata_logistic_regression
27.2,2.267,31.026,35.91,M,Thin,Thin,Y,Y,1,1,0.996828,metadata_logistic_regression
31.25,2.604,11.381,12.569,FS,Normal,Normal,N,N,0,0,0.000479,metadata_logistic_regression
21.1,1.758,43.273,35.91,M,,Heavy,N,N,1,1,0.997695,metadata_logistic_regression
6.04,0.503,20.23,35.91,F,,Thin,Y,N,1,1,0.992995,metadata_logistic_regression
31.78,2.648,9.072,12.569,FS,Normal,Normal,Y,N,0,0,0.000469,metadata_logistic_regression
3.24,0.27,10.251,35.91,MN,,Thin,Y,N,1,1,0.988822,metadata_logistic_regression
27.7,2.308,11.839,12.569,M,Normal,Normal,N,N,0,0,0.000575,metadata_logistic_regression
6.72,0.56,22.952,35.91,MN,,Thin,Y,Y,1,1,0.986107,metadata_logistic_regression
9.76,0.813,50.802,35.91,MN,,Heavy,Y,N,1,1,0.997717,metadata_logistic_regression
3.37,0.281,13.063,35.91,FS,,Normal,N,Y,0,0,0.002892,metadata_logistic_regression
2.92,0.243,5.942,35.91,M,,Thin,N,N,1,1,0.989301,metadata_logistic_regression
35.2,2.933,23.95,35.91,F,Thin,Thin,N,N,1,1,0.997849,metadata_logistic_regression
24.35,2.029,11.249,12.569,FS,Normal,Normal,N,N,0,0,0.000471,metadata_logistic_regression
7.13,0.594,35.29,35.91,M,,Heavy,Y,N,1,1,0.997223,metadata_logistic_regression
27.08,2.257,39.19,35.91,M,Thin,Thin,Y,N,1,1,0.998467,metadata_logistic_regression
9.72,0.81,23.269,35.91,F,,Heavy,N,N,1,1,0.996355,metadata_logistic_regression
32.4,2.7,34.473,35.91,F,,Heavy,Y,N,1,1,0.997423,metadata_logistic_regression
33.53,2.794,10.569,12.569,F,Normal,Normal,N,Y,0,0,0.000346,metadata_logistic_regression
27.58,2.298,47.174,35.91,MN,,Heavy,Y,N,1,1,0.997597,metadata_logistic_regression
20.93,1.744,52.617,35.91,MN,,Heavy,Y,N,1,1,0.997863,metadata_logistic_regression
26.9,2.242,44.497,35.91,FS,,Heavy,Y,N,1,1,0.997442,metadata_logistic_regression
33.02,2.752,35.153,35.91,FS,,Heavy,N,N,1,1,0.996732,metadata_logistic_regression
24.74,2.062,9.707,12.569,FS,Normal,Normal,Y,N,0,0,0.00047,metadata_logistic_regression
31.36,2.613,10.433,12.569,MN,Normal,Normal,N,N,0,0,0.000467,metadata_logistic_regression
24.97,2.081,11.975,12.569,MN,Normal,Normal,N,N,0,0,0.000478,metadata_logistic_regression
2.66,0.222,12.61,35.91,M,,Normal,Y,Y,0,0,0.003527,metadata_logistic_regression
30.53,2.544,42.91,35.91,FS,,Heavy,Y,N,1,1,0.997362,metadata_logistic_regression
29.87,2.489,20.049,35.91,FS,Thin,Thin,Y,N,1,1,0.997116,metadata_logistic_regression
20.57,1.714,58.332,35.91,MN,,Heavy,N,N,1,1,0.998073,metadata_logistic_regression
7.27,0.606,29.484,35.91,M,,Normal,N,Y,0,0,0.005159,metadata_logistic_regression
33.38,2.782,33.793,35.91,M,Thin,Thin,Y,N,1,1,0.998277,metadata_logistic_regression
16.39,1.366,38.691,35.91,FS,,Normal,Y,Y,0,0,0.005667,metadata_logistic_regression
22.32,1.86,26.943,35.91,FS,,Normal,N,N,0,0,0.007113,metadata_logistic_regression
35.88,2.99,27.941,35.91,F,Thin,Thin,Y,N,1,1,0.998112,metadata_logistic_regression
35.75,2.979,10.886,12.569,FS,Normal,Normal,Y,N,0,0,0.000494,metadata_logistic_regression
2.52,0.21,7.62,35.91,M,,Normal,Y,N,0,0,0.005317,metadata_logistic_regression
20.66,1.722,26.989,35.91,MN,,Thin,Y,N,1,1,0.992753,metadata_logistic_regression
5.58,0.465,20.502,35.91,MN,,Normal,Y,N,0,0,0.006076,metadata_logistic_regression
14.69,1.224,27.76,35.91,F,,Thin,N,N,1,1,0.994056,metadata_logistic_regression
27.11,2.259,14.016,12.569,MN,Normal,Normal,N,Y,0,0,0.000296,metadata_logistic_regression
30.04,2.503,25.968,35.91,F,Thin,Thin,Y,N,1,1,0.997997,metadata_logistic_regression
22.44,1.87,43.091,35.91,FS,,Heavy,Y,N,1,1,0.997331,metadata_logistic_regression
30.98,2.582,13.336,12.569,MN,Normal,Normal,Y,N,0,0,0.000517,metadata_logistic_regression
25.46,2.122,38.102,35.91,M,Thin,Thin,Y,N,1,1,0.998421,metadata_logistic_regression
31.61,2.634,31.298,35.91,FS,Normal,Normal,Y,N,0,0,0.008307,metadata_logistic_regression
32.3,2.692,30.663,35.91,FS,Normal,Normal,Y,N,0,0,0.008194,metadata_logistic_regression
17.5,1.458,31.933,35.91,MN,,Normal,Y,N,0,0,0.008175,metadata_logistic_regression
22.61,1.884,18.189,12.569,M,,Normal,Y,N,0,0,0.000685,metadata_logistic_regression
18.41,1.534,32.16,35.91,MN,,Normal,Y,N,0,0,0.008234,metadata_logistic_regression
1.96,0.163,5.897,35.91,MN,,Normal,Y,Y,0,0,0.002501,metadata_logistic_regression
20.14,1.678,43.454,35.91,F,,Heavy,Y,Y,1,1,0.996379,metadata_logistic_regression
5.12,0.427,23.587,35.91,MN,,Normal,Y,N,0,0,0.006535,metadata_logistic_regression
21.84,1.82,26.762,35.91,FS,,Normal,Y,N,0,0,0.007312,metadata_logistic_regression
30.04,2.503,25.764,35.91,M,Thin,Thin,Y,Y,1,1,0.996422,metadata_logistic_regression
24.12,2.01,11.975,12.569,MN,Normal,Normal,N,N,0,0,0.000478,metadata_logistic_regression
9.7,0.808,28.304,35.91,F,,Normal,N,Y,0,0,0.005266,metadata_logistic_regression
28.13,2.344,10.024,12.569,FS,Normal,Normal,N,N,0,0,0.000461,metadata_logistic_regression
28.19,2.349,41.731,35.91,MN,,Heavy,Y,N,1,1,0.997265,metadata_logistic_regression
11.56,0.963,30.391,35.91,FS,,Normal,N,N,0,0,0.00756,metadata_logistic_regression
34.97,2.914,8.618,12.569,FS,Normal,Normal,Y,N,0,0,0.000467,metadata_logistic_regression
10.8,0.9,33.022,35.91,MN,,Normal,N,N,0,0,0.008012,metadata_logistic_regression
2.39,0.199,7.983,35.91,MN,,Normal,Y,N,0,0,0.004475,metadata_logistic_regression
25.54,2.128,32.568,35.91,FS,,Normal,N,N,0,0,0.008187,metadata_logistic_regression
24.02,2.002,11.204,12.569,MN,Normal,Normal,Y,N,0,0,0.000484,metadata_logistic_regression
2.76,0.23,7.666,35.91,FS,,Normal,N,N,0,0,0.004314,metadata_logistic_regression
32.02,2.668,33.112,35.91,F,,Normal,Y,N,0,0,0.010823,metadata_logistic_regression
31.58,2.632,10.614,12.569,F,Normal,Normal,N,N,0,0,0.000588,metadata_logistic_regression
31.21,2.601,23.405,35.91,FS,,Heavy,Y,N,1,1,0.995795,metadata_logistic_regression
27.0,2.25,38.329,35.91,M,Thin,Thin,Y,Y,1,1,0.997337,metadata_logistic_regression
16.97,1.414,39.281,35.91,FS,,Normal,Y,N,0,0,0.009761,metadata_logistic_regression
19.57,1.631,9.934,12.569,F,,Normal,N,Y,0,0,0.000332,metadata_logistic_regression
3.28,0.273,17.01,35.91,FS,,Heavy,Y,Y,1,1,0.991208,metadata_logistic_regression
32.86,2.738,48.671,35.91,M,,Heavy,N,N,1,1,0.998022,metadata_logistic_regression
32.83,2.736,36.287,35.91,MN,,Heavy,N,N,1,1,0.996808,metadata_logistic_regression
30.37,2.531,46.448,35.91,MN,,Heavy,N,N,1,1,0.997486,metadata_logistic_regression
30.72,2.56,36.287,35.91,FS,Normal,Normal,Y,N,0,0,0.00934,metadata_logistic_regression
34.18,2.848,11.34,12.569,F,Normal,Normal,N,N,0,0,0.000601,metadata_logistic_regression
32.28,2.69,36.287,35.91,M,Thin,Thin,Y,Y,1,1,0.997232,metadata_logistic_regression
2.98,0.248,3.266,35.91,M,,Normal,Y,N,0,0,0.004795,metadata_logistic_regression
26.32,2.193,10.07,12.569,F,Normal,Normal,Y,N,0,0,0.000594,metadata_logistic_regression
32.0,2.667,31.752,35.91,FS,,Heavy,N,N,1,1,0.996448,metadata_logistic_regression
13.1,1.092,11.022,12.569,MN,,Normal,N,N,0,0,0.000457,metadata_logistic_regression
23.84,1.987,39.372,35.91,FS,,Heavy,Y,N,1,1,0.99709,metadata_logistic_regression
32.42,2.702,39.916,35.91,M,,Heavy,Y,N,1,1,0.997637,metadata_logistic_regression
6.19,0.516,25.31,35.91,F,,Heavy,Y,N,1,1,0.996618,metadata_logistic_regression
25.75,2.146,42.774,35.91,M,Thin,Thin,N,N,1,1,0.998542,metadata_logistic_regression
26.33,2.194,43.273,35.91,M,Thin,Thin,N,Y,1,1,0.997552,metadata_logistic_regression
14.78,1.232,13.245,12.569,FS,,Normal,N,N,0,0,0.000485,metadata_logistic_regression
26.42,2.202,24.721,35.91,F,Thin,Thin,Y,N,1,1,0.997921,metadata_logistic_regression
27.04,2.253,10.342,12.569,FS,Normal,Normal,Y,Y,0,0,0.000281,metadata_logistic_regression
12.64,1.053,23.36,35.91,FS,,Thin,N,N,1,1,0.99173,metadata_logistic_regression
35.65,2.971,40.324,35.91,FS,,Heavy,Y,N,1,1,0.997222,metadata_logistic_regression
5.74,0.478,27.533,35.91,FS,,Thin,N,N,1,1,0.992411,metadata_logistic_regression
24.88,2.073,10.342,12.569,FS,Normal,Normal,N,N,0,0,0.000461,metadata_logistic_regression
4.32,0.36,21.727,35.91,M,,Normal,Y,N,0,0,0.007476,metadata_logistic_regression
28.75,2.396,9.525,12.569,MN,Normal,Normal,Y,N,0,0,0.00047,metadata_logistic_regression
32.7,2.725,33.747,35.91,FS,,Normal,Y,Y,0,0,0.0052,metadata_logistic_regression
27.26,2.272,47.446,35.91,MN,,Normal,Y,N,0,0,0.012058,metadata_logistic_regression
25.27,2.106,25.764,35.91,M,Thin,Thin,N,N,1,1,0.997805,metadata_logistic_regression
14.64,1.22,58.876,35.91,MN,,Heavy,Y,N,1,1,0.998138,metadata_logistic_regression
18.26,1.522,20.003,35.91,FS,,Thin,N,N,1,1,0.99114,metadata_logistic_regression
10.9,0.908,31.071,35.91,F,,Heavy,Y,N,1,1,0.997081,metadata_logistic_regression
16.33,1.361,34.019,35.91,F,,Normal,N,N,0,0,0.010376,metadata_logistic_regression
24.02,2.002,12.701,12.569,M,Normal,Normal,N,Y,0,0,0.000342,metadata_logistic_regression
35.92,2.993,11.158,12.569,M,Normal,Normal,Y,N,0,0,0.000594,metadata_logistic_regression
24.05,2.004,9.979,12.569,F,Normal,Normal,N,N,0,0,0.00057,metadata_logistic_regression
24.02,2.002,9.843,12.569,MN,Normal,Normal,N,N,0,0,0.000454,metadata_logistic_regression
30.04,2.503,25.401,35.91,MN,Thin,Thin,N,N,1,1,0.997371,metadata_logistic_regression
28.06,2.338,48.081,35.91,MN,,Heavy,Y,N,1,1,0.997651,metadata_logistic_regression
4.74,0.395,16.556,35.91,MN,,Normal,N,N,0,0,0.005341,metadata_logistic_regression
23.98,1.998,35.38,35.91,MN,,Normal,N,N,0,0,0.0087,metadata_logistic_regression
33.84,2.82,41.141,35.91,FS,,Heavy,Y,N,1,1,0.997266,metadata_logistic_regression
18.59,1.549,41.776,35.91,M,,Heavy,N,N,1,1,0.997599,metadata_logistic_regression
27.31,2.276,12.61,12.569,MN,Normal,Normal,Y,Y,0,0,0.000296,metadata_logistic_regression
4.6,0.383,7.439,12.569,M,,Normal,N,N,0,0,0.000494,metadata_logistic_regression
30.11,2.509,30.572,35.91,MN,,Normal,Y,Y,0,0,0.004779,metadata_logistic_regression
26.22,2.185,50.802,35.91,M,Thin,Thin,N,N,1,1,0.998799,metadata_logistic_regression
7.87,0.656,28.486,35.91,M,,Thin,Y,N,1,1,0.994013,metadata_logistic_regression
31.55,2.629,42.456,35.91,M,Thin,Thin,Y,N,1,1,0.998595,metadata_logistic_regression
4.15,0.346,12.701,35.91,FS,,Thin,N,N,1,1,0.989159,metadata_logistic_regression
3.05,0.254,5.443,35.91,F,,Thin,Y,N,1,1,0.989973,metadata_logistic_regression
25.84,2.153,32.659,35.91,M,Thin,Thin,Y,N,1,1,0.998202,metadata_logistic_regression
13.0,1.083,24.675,35.91,FS,,Normal,Y,N,0,0,0.006835,metadata_logistic_regression
2.62,0.218,10.433,35.91,M,,Normal,Y,N,0,0,0.005688,metadata_logistic_regression
27.83,2.319,41.277,35.91,MN,,Heavy,Y,N,1,1,0.997233,metadata_logistic_regression
7.02,0.585,13.2,12.569,MN,,Normal,N,N,0,0,0.000475,metadata_logistic_regression
25.46,2.122,11.975,12.569,M,Normal,Normal,N,N,0,0,0.000574,metadata_logistic_regression
30.56,2.547,36.968,35.91,FS,,Heavy,N,N,1,1,0.996856,metadata_logistic_regression
10.8,0.9,38.283,35.91,MN,,Normal,N,N,0,0,0.009083,metadata_logistic_regression
15.26,1.272,32.613,35.91,FS,,Thin,Y,Y,1,1,0.989176,metadata_logistic_regression
11.65,0.971,38.374,35.91,FS,,Heavy,N,N,1,1,0.996844,metadata_logistic_regression
31.58,2.632,11.884,12.569,F,Normal,Normal,Y,Y,0,0,0.000368,metadata_logistic_regression
15.19,1.266,33.248,35.91,MN,,Normal,N,N,0,0,0.008126,metadata_logistic_regression
4.03,0.336,10.115,35.91,M,,Thin,Y,N,1,1,0.990646,metadata_logistic_regression
14.7,1.225,40.37,35.91,MN,,Normal,N,N,0,0,0.00962,metadata_logistic_regression
23.45,1.954,37.195,35.91,MN,,Normal,N,N,0,0,0.009075,metadata_logistic_regression
34.34,2.862,11.022,12.569,FS,Normal,Normal,Y,N,0,0,0.000494,metadata_logistic_regression
11.82,0.985,40.188,35.91,FS,,Heavy,N,N,1,1,0.996979,metadata_logistic_regression
26.39,2.199,11.884,12.569,MN,Normal,Normal,N,N,0,0,0.000479,metadata_logistic_regression
24.48,2.04,37.013,35.91,F,,Heavy,Y,N,1,1,0.997537,metadata_logistic_regression
3.24,0.27,7.893,35.91,M,,Normal,Y,N,0,0,0.005359,metadata_logistic_regression
21.91,1.826,51.211,35.91,FS,,Normal,Y,Y,0,0,0.007727,metadata_logistic_regression
24.02,2.002,12.156,12.569,MN,Normal,Normal,N,Y,0,0,0.000282,metadata_logistic_regression
23.11,1.926,18.507,35.91,F,,Normal,N,N,0,0,0.007265,metadata_logistic_regression
18.36,1.53,30.98,35.91,FS,,Heavy,Y,N,1,1,0.996402,metadata_logistic_regression
2.71,0.226,8.391,35.91,FS,,Normal,Y,N,0,0,0.004537,metadata_logistic_regression
16.06,1.338,31.752,35.91,F,,Heavy,Y,Y,1,1,0.995169,metadata_logistic_regression
2.03,0.169,8.709,35.91,M,,Normal,N,Y,0,0,0.003104,metadata_logistic_regression
24.22,2.018,14.696,12.569,M,Normal,Normal,Y,N,0,0,0.000632,metadata_logistic_regression
24.02,2.002,19.504,35.91,M,Thin,Thin,Y,N,1,1,0.997526,metadata_logistic_regression
27.11,2.259,36.424,35.91,FS,,Heavy,Y,N,1,1,0.996897,metadata_logistic_regression
21.38,1.782,40.914,35.91,F,,Heavy,N,N,1,1,0.997667,metadata_logistic_regression
19.87,1.656,43.636,35.91,MN,,Thin,Y,N,1,1,0.995125,metadata_logistic_regression
21.64,1.803,34.019,35.91,M,,Normal,Y,N,0,0,0.010371,metadata_logistic_regression
35.44,2.953,43.636,35.91,MN,,Normal,Y,N,0,0,0.011194,metadata_logistic_regression
35.26,2.938,59.012,35.91,FS,,Heavy,N,Y,1,1,0.996878,metadata_logistic_regression
17.2,1.433,32.069,35.91,MN,,Normal,Y,N,0,0,0.008196,metadata_logistic_regression
27.94,2.328,37.195,35.91,M,Thin,Thin,Y,Y,1,1,0.997269,metadata_logistic_regression
25.0,2.083,11.249,12.569,FS,Normal,Normal,Y,N,0,0,0.000488,metadata_logistic_regression
4.45,0.371,15.785,35.91,FS,,Thin,Y,Y,1,1,0.983516,metadata_logistic_regression
3.54,0.295,5.67,35.91,M,,Thin,N,N,1,1,0.989245,metadata_logistic_regression
35.76,2.98,29.846,35.91,MN,,Heavy,Y,N,1,1,0.996417,metadata_logistic_regression
20.56,1.713,32.114,35.91,FS,,Heavy,Y,N,1,1,0.996514,metadata_logistic_regression
4.73,0.394,14.424,35.91,F,,Normal,N,N,0,0,0.006354,metadata_logistic_regression
24.01,2.001,10.251,12.569,F,Normal,Normal,N,N,0,0,0.000574,metadata_logistic_regression
31.31,2.609,9.888,12.569,FS,Normal,Normal,N,N,0,0,0.000462,metadata_logistic_regression
24.02,2.002,38.964,35.91,MN,,Heavy,N,N,1,1,0.996954,metadata_logistic_regression
30.02,2.502,23.133,35.91,M,Thin,Thin,N,N,1,1,0.997684,metadata_logistic_regression
6.77,0.564,32.659,35.91,FS,,Normal,N,N,0,0,0.007905,metadata_logistic_regression
23.46,1.955,41.277,35.91,FS,,Heavy,N,N,1,1,0.997124,metadata_logistic_regression
24.02,2.002,11.567,12.569,FS,Normal,Normal,Y,N,0,0,0.00049,metadata_logistic_regression
27.6,2.3,10.705,12.569,F,Normal,Normal,N,Y,0,0,0.000343,metadata_logistic_regression
34.55,2.879,45.042,35.91,FS,,Normal,N,Y,0,0,0.006617,metadata_logistic_regression
31.45,2.621,37.83,35.91,FS,,Heavy,Y,N,1,1,0.997026,metadata_logistic_regression
25.08,2.09,10.796,12.569,MN,Normal,Normal,Y,N,0,0,0.000481,metadata_logistic_regression
15.6,1.3,31.071,35.91,F,,Thin,Y,N,1,1,0.994696,metadata_logistic_regression
6.71,0.559,17.872,35.91,FS,,Normal,Y,Y,0,0,0.003376,metadata_logistic_regression
31.38,2.615,29.121,35.91,FS,,Heavy,N,N,1,1,0.996212,metadata_logistic_regression
28.85,2.404,41.912,35.91,MN,,Heavy,Y,N,1,1,0.99728,metadata_logistic_regression
31.61,2.634,47.627,35.91,MN,,Heavy,N,N,1,1,0.997563,metadata_logistic_regression
24.02,2.002,10.569,12.569,F,Normal,Normal,Y,Y,0,0,0.000351,metadata_logistic_regression
23.56,1.963,39.281,35.91,FS,,Heavy,Y,N,1,1,0.997082,metadata_logistic_regression
4.48,0.373,24.857,35.91,MN,,Normal,Y,N,0,0,0.006728,metadata_logistic_regression
22.42,1.868,34.654,35.91,FS,,Heavy,Y,Y,1,1,0.994446,metadata_logistic_regression
28.58,2.382,17.781,35.91,FS,Thin,Thin,Y,Y,1,1,0.994811,metadata_logistic_regression
25.86,2.155,10.886,12.569,MN,Normal,Normal,N,N,0,0,0.000467,metadata_logistic_regression
34.14,2.845,36.605,35.91,MN,,Normal,Y,N,0,0,0.009444,metadata_logistic_regression
27.6,2.3,13.063,12.569,M,Normal,Normal,N,N,0,0,0.000592,metadata_logistic_regression
7.3,0.608,36.378,35.91,F,,Normal,Y,Y,0,0,0.00657,metadata_logistic_regression
24.54,2.045,38.555,35.91,MN,,Heavy,N,Y,1,1,0.994777,metadata_logistic_regression
33.25,2.771,33.022,35.91,FS,,Heavy,N,N,1,1,0.996563,metadata_logistic_regression
24.44,2.037,10.523,12.569,FS,Normal,Normal,N,N,0,0,0.000463,metadata_logistic_regression
22.86,1.905,48.081,35.91,FS,,Heavy,N,N,1,1,0.997555,metadata_logistic_regression
33.72,2.81,28.168,35.91,FS,,Normal,N,N,0,0,0.007492,metadata_logistic_regression
4.98,0.415,11.34,35.91,FS,,Normal,Y,Y,0,0,0.002877,metadata_logistic_regression
34.48,2.873,12.338,12.569,MN,Normal,Normal,N,N,0,0,0.000492,metadata_logistic_regression
30.6,2.55,36.968,35.91,FS,,Heavy,N,N,1,1,0.996856,metadata_logistic_regression
12.48,1.04,37.013,35.91,F,,Heavy,N,N,1,1,0.997392,metadata_logistic_regression
30.04,2.503,14.606,12.569,MN,Normal,Normal,Y,Y,0,0,0.000312,metadata_logistic_regression
26.71,2.226,10.705,12.569,FS,,Normal,Y,N,0,0,0.000483,metadata_logistic_regression
31.74,2.645,13.109,12.569,MN,Normal,Normal,Y,N,0,0,0.000515,metadata_logistic_regression
18.04,1.503,35.834,35.91,MN,,Heavy,Y,N,1,1,0.996785,metadata_logistic_regression
11.93,0.994,19.867,35.91,FS,,Thin,N,N,1,1,0.990999,metadata_logistic_regression
24.6,2.05,38.374,35.91,FS,,Heavy,N,N,1,1,0.996924,metadata_logistic_regression
8.47,0.706,28.123,35.91,FS,,Heavy,N,N,1,1,0.995939,metadata_logistic_regression
3.13,0.261,5.897,35.91,F,,Thin,Y,N,1,1,0.990082,metadata_logistic_regression
31.78,2.648,11.249,12.569,MN,Normal,Normal,Y,N,0,0,0.000493,metadata_logistic_regression
20.93,1.744,28.712,35.91,F,,Normal,Y,N,0,0,0.009535,metadata_logistic_regression
26.93,2.244,39.372,35.91,M,,Normal,Y,Y,0,0,0.007022,metadata_logistic_regression
28.6,2.383,42.456,35.91,MN,,Normal,N,N,0,0,0.010392,metadata_logistic_regression
22.84,1.903,48.988,35.91,MN,,Heavy,N,N,1,1,0.997599,metadata_logistic_regression
30.04,2.503,38.102,35.91,FS,,Heavy,N,N,1,1,0.996937,metadata_logistic_regression
24.94,2.078,32.16,35.91,M,Thin,Thin,Y,Y,1,1,0.9969,metadata_logistic_regression
29.71,2.476,10.614,12.569,MN,Normal,Normal,Y,N,0,0,0.000483,metadata_logistic_regression
15.96,1.33,39.689,35.91,F,,Heavy,Y,N,1,1,0.99765,metadata_logistic_regression
6.41,0.534,30.028,35.91,M,,Normal,N,N,0,0,0.008855,metadata_logistic_regression
32.27,2.689,12.02,12.569,F,Normal,Normal,Y,N,0,0,0.000629,metadata_logistic_regression
24.02,2.002,12.837,12.569,MN,Normal,Normal,N,N,0,0,0.000487,metadata_logistic_regression
27.92,2.327,13.426,12.569,MN,Normal,Normal,Y,N,0,0,0.000515,metadata_logistic_regression
24.01,2.001,23.632,35.91,F,,Heavy,N,N,1,1,0.996487,metadata_logistic_regression
23.2,1.933,42.955,35.91,FS,,Heavy,Y,N,1,1,0.997326,metadata_logistic_regression
12.3,1.025,32.114,35.91,MN,,Normal,Y,Y,0,0,0.004787,metadata_logistic_regression
25.1,2.092,9.299,12.569,F,Normal,Normal,Y,Y,0,0,0.000341,metadata_logistic_regression
7.36,0.613,24.857,35.91,M,,Normal,Y,N,0,0,0.008104,metadata_logistic_regression
24.61,2.051,40.551,35.91,M,Thin,Thin,N,N,1,1,0.998459,metadata_logistic_regression
30.7,2.558,11.068,12.569,MN,Normal,Normal,Y,Y,0,0,0.000287,metadata_logistic_regression
24.35,2.029,37.195,35.91,M,Thin,Thin,Y,Y,1,1,0.997249,metadata_logistic_regression
31.98,2.665,25.991,35.91,F,Thin,Thin,N,N,1,1,0.997939,metadata_logistic_regression
18.89,1.574,37.648,35.91,MN,,Normal,Y,N,0,0,0.009394,metadata_logistic_regression
2.48,0.207,6.214,35.91,MN,,Thin,Y,Y,1,1,0.97919,metadata_logistic_regression
21.4,1.783,35.471,35.91,FS,,Heavy,N,N,1,1,0.996681,metadata_logistic_regression
22.33,1.861,51.256,35.91,MN,,Heavy,Y,N,1,1,0.997798,metadata_logistic_regression
30.04,2.503,38.555,35.91,MN,,Heavy,Y,N,1,1,0.997059,metadata_logistic_regression
31.61,2.634,39.599,35.91,FS,,Heavy,Y,Y,1,1,0.995155,metadata_logistic_regression
25.69,2.141,29.665,35.91,FS,,Heavy,Y,N,1,1,0.996341,metadata_logistic_regression
24.74,2.062,44.543,35.91,MN,Heavy,Heavy,Y,N,1,1,0.998605,metadata_logistic_regression
24.01,2.001,25.447,35.91,F,Thin,Thin,N,N,1,1,0.997878,metadata_logistic_regression
26.33,2.194,45.132,35.91,MN,Heavy,Heavy,N,N,1,1,0.998583,metadata_logistic_regression
1.67,0.139,2.948,35.91,F,,Thin,Y,Y,1,1,0.981961,metadata_logistic_regression
8.27,0.689,26.218,35.91,M,,Normal,N,N,0,0,0.008116,metadata_logistic_regression
13.86,1.155,21.546,35.91,FS,,Thin,Y,N,1,1,0.991663,metadata_logistic_regression
31.93,2.661,48.081,35.91,MN,,Heavy,Y,N,1,1,0.997669,metadata_logistic_regression
30.13,2.511,40.687,35.91,MN,,Heavy,Y,N,1,1,0.997206,metadata_logistic_regression
8.32,0.693,21.614,35.91,MN,,Normal,Y,Y,0,0,0.003693,metadata_logistic_regression
29.28,2.44,49.895,35.91,MN,,Heavy,N,N,1,1,0.997681,metadata_logistic_regression
26.62,2.218,8.528,12.569,FS,Normal,Normal,Y,Y,0,0,0.000269,metadata_logistic_regression
32.05,2.671,10.977,12.569,FS,Normal,Normal,N,N,0,0,0.000475,metadata_logistic_regression
27.4,2.283,35.199,35.91,FS,,Heavy,Y,N,1,1,0.996806,metadata_logistic_regression
30.79,2.566,11.431,12.569,FS,Normal,Normal,N,N,0,0,0.000479,metadata_logistic_regression
29.81,2.484,30.89,35.91,M,,Heavy,Y,N,1,1,0.99705,metadata_logistic_regression
31.74,2.645,26.581,35.91,M,Thin,Thin,Y,Y,1,1,0.996503,metadata_logistic_regression
24.01,2.001,11.884,12.569,M,Normal,Normal,Y,Y,0,0,0.000347,metadata_logistic_regression
31.94,2.662,36.287,35.91,M,Thin,Thin,Y,N,1,1,0.998372,metadata_logistic_regression
35.82,2.985,33.43,35.91,FS,,Normal,N,N,0,0,0.008529,metadata_logistic_regression
10.36,0.863,43.091,35.91,MN,,Normal,N,N,0,0,0.010176,metadata_logistic_regression
27.56,2.297,9.979,12.569,FS,Normal,Normal,Y,Y,0,0,0.000279,metadata_logistic_regression
27.14,2.262,25.855,35.91,F,,Thin,N,N,1,1,0.993931,metadata_logistic_regression
21.11,1.759,37.195,35.91,FS,,Normal,Y,N,0,0,0.009364,metadata_logistic_regression
25.56,2.13,41.504,35.91,MN,,Heavy,Y,N,1,1,0.997235,metadata_logistic_regression
31.27,2.606,26.308,35.91,FS,,Heavy,Y,N,1,1,0.996078,metadata_logistic_regression
32.27,2.689,37.966,35.91,M,Thin,Thin,Y,N,1,1,0.998438,metadata_logistic_regression
25.99,2.166,46.675,35.91,M,,Heavy,Y,N,1,1,0.997965,metadata_logistic_regression
6.72,0.56,8.8,12.569,FS,,Normal,N,Y,0,0,0.000252,metadata_logistic_regression
35.33,2.944,13.381,12.569,M,Normal,Normal,Y,N,0,0,0.000626,metadata_logistic_regression
12.46,1.038,29.484,35.91,M,,Normal,Y,Y,0,0,0.005387,metadata_logistic_regression
17.38,1.448,32.387,35.91,MN,,Normal,N,N,0,0,0.007995,metadata_logistic_regression
24.02,2.002,14.878,12.569,MN,Normal,Normal,N,N,0,0,0.000512,metadata_logistic_regression
33.1,2.758,42.865,35.91,MN,Heavy,Heavy,Y,N,1,1,0.998572,metadata_logistic_regression
27.5,2.292,51.437,35.91,MN,,Heavy,N,N,1,1,0.997757,metadata_logistic_regression
30.79,2.566,39.463,35.91,M,Thin,Thin,N,N,1,1,0.998438,metadata_logistic_regression
19.61,1.634,27.851,35.91,F,,Thin,Y,Y,1,1,0.990357,metadata_logistic_regression
23.48,1.957,39.463,35.91,FS,,Heavy,Y,N,1,1,0.997094,metadata_logistic_regression
33.55,2.796,12.565,12.569,FS,Normal,Normal,Y,Y,0,0,0.000301,metadata_logistic_regression
11.63,0.969,49.442,35.91,MN,,Heavy,N,N,1,1,0.997572,metadata_logistic_regression
17.47,1.456,44.86,35.91,MN,,Heavy,N,N,1,1,0.997321,metadata_logistic_regression
31.01,2.584,25.129,35.91,M,,Normal,Y,N,0,0,0.008548,metadata_logistic_regression
35.33,2.944,12.247,12.569,FS,Normal,Normal,N,N,0,0,0.000493,metadata_logistic_regression
17.48,1.457,41.504,35.91,FS,,Heavy,Y,N,1,1,0.9972,metadata_logistic_regression
34.61,2.884,11.34,12.569,MN,Normal,Normal,Y,N,0,0,0.000496,metadata_logistic_regression
29.64,2.47,14.288,12.569,M,Normal,Normal,N,N,0,0,0.000612,metadata_logistic_regression
28.45,2.371,10.433,12.569,F,Normal,Normal,Y,N,0,0,0.000601,metadata_logistic_regression
4.39,0.366,13.835,35.91,FS,,Thin,N,N,1,1,0.989452,metadata_logistic_regression
25.0,2.083,36.741,35.91,M,Thin,Thin,Y,N,1,1,0.998368,metadata_logistic_regression
31.64,2.637,12.701,12.569,MN,Normal,Normal,Y,Y,0,0,0.000299,metadata_logistic_regression
21.36,1.78,33.566,35.91,FS,,Normal,Y,Y,0,0,0.005063,metadata_logistic_regression
19.51,1.626,47.627,35.91,MN,,Heavy,N,N,1,1,0.997503,metadata_logistic_regression
32.24,2.687,12.156,12.569,MN,Normal,Normal,Y,N,0,0,0.000504,metadata_logistic_regression
32.0,2.667,43.636,35.91,FS,,Heavy,Y,N,1,1,0.997415,metadata_logistic_regression
24.37,2.031,10.115,12.569,MN,Normal,Normal,N,N,0,0,0.000457,metadata_logistic_regression
4.6,0.383,9.253,35.91,F,,Normal,Y,N,0,0,0.005801,metadata_logistic_regression
31.91,2.659,26.036,35.91,M,Thin,Thin,Y,Y,1,1,0.996459,metadata_logistic_regression
31.67,2.639,9.707,12.569,FS,Normal,Normal,Y,N,0,0,0.000476,metadata_logistic_regression
30.04,2.503,11.34,12.569,F,Normal,Normal,Y,Y,0,0,0.000362,metadata_logistic_regression
31.13,2.594,38.283,35.91,FS,,Heavy,N,N,1,1,0.996957,metadata_logistic_regression
18.85,1.571,11.431,12.569,F,,Normal,Y,Y,0,0,0.000355,metadata_logistic_regression
25.01,2.084,33.112,35.91,FS,Normal,Normal,Y,N,0,0,0.008562,metadata_logistic_regression
11.03,0.919,26.308,35.91,F,,Heavy,Y,N,1,1,0.996729,metadata_logistic_regression
26.22,2.185,42.456,35.91,M,Thin,Thin,N,Y,1,1,0.997503,metadata_logistic_regression
28.5,2.375,11.249,12.569,F,Normal,Normal,N,N,0,0,0.000593,metadata_logistic_regression
34.73,2.894,32.749,35.91,MN,,Normal,Y,N,0,0,0.008625,metadata_logistic_regression
12.18,1.015,30.3,35.91,F,,Heavy,N,N,1,1,0.996935,metadata_logistic_regression
3.13,0.261,17.463,35.91,F,,Normal,Y,Y,0,0,0.004144,metadata_logistic_regression
8.52,0.71,29.756,35.91,FS,,Heavy,N,N,1,1,0.996095,metadata_logistic_regression
6.14,0.512,26.807,35.91,MN,,Thin,N,Y,1,1,0.986886,metadata_logistic_regression
17.28,1.44,24.04,35.91,FS,,Normal,N,N,0,0,0.00657,metadata_logistic_regression
9.68,0.807,45.178,35.91,M,,Normal,Y,Y,0,0,0.007795,metadata_logistic_regression
27.17,2.264,41.731,35.91,MN,,Heavy,Y,N,1,1,0.997259,metadata_logistic_regression
33.78,2.815,10.433,12.569,FS,Normal,Normal,N,N,0,0,0.000471,metadata_logistic_regression
21.77,1.814,36.378,35.91,MN,,Normal,N,N,0,0,0.00887,metadata_logistic_regression
27.04,2.253,44.634,35.91,MN,,Normal,Y,N,0,0,0.011274,metadata_logistic_regression
25.38,2.115,41.504,35.91,FS,,Normal,N,N,0,0,0.010127,metadata_logistic_regression
31.51,2.626,38.374,35.91,M,Thin,Thin,Y,Y,1,1,0.997364,metadata_logistic_regression
22.55,1.879,52.072,35.91,MN,,Heavy,N,N,1,1,0.997769,metadata_logistic_regression
35.59,2.966,11.476,12.569,MN,Normal,Normal,Y,N,0,0,0.000499,metadata_logistic_regression
27.89,2.324,41.912,35.91,MN,Heavy,Heavy,Y,Y,1,1,0.997487,metadata_logistic_regression
26.1,2.175,31.389,35.91,MN,,Normal,N,N,0,0,0.007943,metadata_logistic_regression
28.75,2.396,49.442,35.91,FS,,Heavy,N,N,1,1,0.997661,metadata_logistic_regression
28.22,2.352,13.381,12.569,MN,Normal,Normal,Y,N,0,0,0.000515,metadata_logistic_regression
13.6,1.133,36.106,35.91,FS,,Normal,N,N,0,0,0.0087,metadata_logistic_regression
6.86,0.572,31.389,35.91,M,,Normal,N,N,0,0,0.009155,metadata_logistic_regression
25.67,2.139,38.147,35.91,M,Thin,Thin,N,N,1,1,0.998371,metadata_logistic_regression
29.22,2.435,32.659,35.91,FS,Normal,Normal,Y,N,0,0,0.008541,metadata_logistic_regression
4.74,0.395,20.412,35.91,M,,Normal,Y,Y,0,0,0.004269,metadata_logistic_regression
16.14,1.345,27.896,35.91,FS,,Normal,N,Y,0,0,0.004232,metadata_logistic_regression
28.79,2.399,11.612,12.569,FS,Normal,Normal,N,N,0,0,0.000479,metadata_logistic_regression
29.9,2.492,38.419,35.91,M,Thin,Thin,N,N,1,1,0.998395,metadata_logistic_regression
30.78,2.565,38.102,35.91,FS,,Heavy,Y,N,1,1,0.997041,metadata_logistic_regression
25.43,2.119,23.587,35.91,M,Thin,Thin,Y,N,1,1,0.997763,metadata_logistic_regression
31.69,2.641,31.842,35.91,FS,Normal,Normal,N,N,0,0,0.008145,metadata_logistic_regression
27.64,2.303,38.283,35.91,MN,,Heavy,N,Y,1,1,0.994775,metadata_logistic_regression
17.11,1.426,38.691,35.91,FS,,Heavy,N,N,1,1,0.996902,metadata_logistic_regression
31.4,2.617,32.024,35.91,FS,,Heavy,N,N,1,1,0.996467,metadata_logistic_regression
35.94,2.995,41.549,35.91,FS,Heavy,Heavy,Y,N,1,1,0.998539,metadata_logistic_regression
29.02,2.418,36.741,35.91,FS,,Heavy,Y,N,1,1,0.996932,metadata_logistic_regression
33.38,2.782,56.654,35.91,MN,,Heavy,Y,N,1,1,0.998108,metadata_logistic_regression
10.16,0.847,32.568,35.91,FS,,Normal,N,N,0,0,0.007941,metadata_logistic_regression
30.46,2.538,10.705,12.569,F,Normal,Normal,Y,N,0,0,0.000608,metadata_logistic_regression
24.8,2.067,11.703,12.569,FS,Normal,Normal,Y,N,0,0,0.000493,metadata_logistic_regression
29.48,2.457,44.634,35.91,MN,,Heavy,N,N,1,1,0.99737,metadata_logistic_regression
12.79,1.066,38.374,35.91,F,,Normal,N,N,0,0,0.011428,metadata_logistic_regression
18.53,1.544,25.991,35.91,FS,,Normal,N,N,0,0,0.006901,metadata_logistic_regression
26.81,2.234,35.834,35.91,FS,Heavy,Heavy,Y,N,1,1,0.998293,metadata_logistic_regression
29.5,2.458,33.929,35.91,F,,Normal,N,Y,0,0,0.006266,metadata_logistic_regression
35.48,2.957,44.543,35.91,MN,Heavy,Heavy,N,N,1,1,0.998589,metadata_logistic_regression
28.88,2.407,11.929,12.569,M,Normal,Normal,Y,Y,0,0,0.000351,metadata_logistic_regression
26.58,2.215,11.793,12.569,M,Normal,Normal,Y,N,0,0,0.000592,metadata_logistic_regression
6.6,0.55,19.187,35.91,F,,Thin,N,N,1,1,0.992586,metadata_logistic_regression
25.56,2.13,10.433,12.569,FS,Normal,Normal,Y,Y,0,0,0.000281,metadata_logistic_regression
10.85,0.904,34.201,35.91,FS,,Normal,N,N,0,0,0.008268,metadata_logistic_regression
29.45,2.454,39.825,35.91,M,,Heavy,N,N,1,1,0.997537,metadata_logistic_regression
35.48,2.957,11.884,12.569,MN,Normal,Normal,Y,N,0,0,0.000504,metadata_logistic_regression
0.94,0.078,2.767,35.91,F,,Normal,Y,N,0,0,0.004931,metadata_logistic_regression
5.86,0.488,16.284,35.91,FS,,Normal,N,Y,0,0,0.003139,metadata_logistic_regression
26.82,2.235,9.752,12.569,F,Normal,Normal,Y,N,0,0,0.00059,metadata_logistic_regression
12.37,1.031,22.226,35.91,F,,Normal,N,N,0,0,0.007772,metadata_logistic_regression
31.38,2.615,34.065,35.91,M,Thin,Thin,Y,N,1,1,0.998281,metadata_logistic_regression
33.55,2.796,39.463,35.91,MN,,Normal,Y,N,0,0,0.010098,metadata_logistic_regression
24.02,2.002,13.608,12.569,MN,Normal,Normal,Y,N,0,0,0.000513,metadata_logistic_regression
33.42,2.785,11.249,12.569,F,Normal,Normal,N,N,0,0,0.000599,metadata_logistic_regression
31.91,2.659,32.387,35.91,F,Thin,Thin,Y,N,1,1,0.998289,metadata_logistic_regression
11.27,0.939,18.507,35.91,MN,,Thin,N,N,1,1,0.99066,metadata_logistic_regression
6.72,0.56,28.849,35.91,FS,,Normal,N,N,0,0,0.007217,metadata_logistic_regression
6.31,0.526,16.874,35.91,F,,Normal,Y,N,0,0,0.006984,metadata_logistic_regression
28.22,2.352,61.87,35.91,MN,,Heavy,Y,N,1,1,0.998313,metadata_logistic_regression
24.72,2.06,36.832,35.91,M,Thin,Thin,N,N,1,1,0.998315,metadata_logistic_regression
24.22,2.018,12.882,12.569,MN,Normal,Normal,Y,Y,0,0,0.000296,metadata_logistic_regression
24.91,2.076,35.471,35.91,FS,,Heavy,N,N,1,1,0.996704,metadata_logistic_regression
34.7,2.892,43.091,35.91,FS,,Heavy,Y,N,1,1,0.997395,metadata_logistic_regression
6.7,0.558,22.952,35.91,MN,,Normal,N,Y,0,0,0.003678,metadata_logistic_regression
22.44,1.87,32.523,35.91,FS,,Heavy,Y,N,1,1,0.996561,metadata_logistic_regression
12.24,1.02,23.315,35.91,FS,,Heavy,Y,N,1,1,0.995624,metadata_logistic_regression
24.02,2.002,9.389,12.569,FS,Normal,Normal,Y,N,0,0,0.000465,metadata_logistic_regression
14.88,1.24,53.343,35.91,MN,,Heavy,N,N,1,1,0.997803,metadata_logistic_regression
35.75,2.979,50.485,35.91,MN,,Normal,N,N,0,0,0.012756,metadata_logistic_regression
31.68,2.64,9.525,12.569,FS,Normal,Normal,Y,N,0,0,0.000474,metadata_logistic_regression
4.09,0.341,9.072,35.91,M,,Normal,Y,N,0,0,0.005522,metadata_logistic_regression
10.76,0.897,27.17,35.91,F,,Normal,Y,N,0,0,0.009008,metadata_logistic_regression
3.48,0.29,13.517,35.91,F,,Normal,Y,N,0,0,0.006409,metadata_logistic_regression
27.64,2.303,24.04,35.91,F,,Thin,N,N,1,1,0.993668,metadata_logistic_regression
31.32,2.61,13.608,12.569,MN,Normal,Normal,Y,N,0,0,0.000521,metadata_logistic_regression
33.58,2.798,40.642,35.91,M,Thin,Thin,Y,N,1,1,0.998539,metadata_logistic_regression
24.01,2.001,11.34,12.569,MN,Normal,Normal,Y,N,0,0,0.000486,metadata_logistic_regression
26.02,2.168,50.077,35.91,FS,,Heavy,N,N,1,1,0.997684,metadata_logistic_regression
30.02,2.502,13.154,12.569,MN,Normal,Normal,N,Y,0,0,0.000292,metadata_logistic_regression
33.59,2.799,8.21,12.569,FS,Normal,Normal,N,N,0,0,0.000446,metadata_logistic_regression
33.65,2.804,10.659,12.569,FS,Normal,Normal,Y,Y,0,0,0.000287,metadata_logistic_regression
26.51,2.209,10.75,12.569,F,Normal,Normal,N,Y,0,0,0.000343,metadata_logistic_regression
34.18,2.848,47.31,35.91,MN,Heavy,Heavy,Y,N,1,1,0.998719,metadata_logistic_regression
23.52,1.96,23.179,35.91,FS,,Thin,Y,N,1,1,0.992134,metadata_logistic_regression
4.6,0.383,21.047,35.91,F,,Heavy,Y,N,1,1,0.996242,metadata_logistic_regression
25.43,2.119,9.979,12.569,F,Normal,Normal,Y,N,0,0,0.000591,metadata_logistic_regression
26.87,2.239,40.143,35.91,FS,,Heavy,N,N,1,1,0.997065,metadata_logistic_regression
12.05,1.004,36.015,35.91,F,,Heavy,Y,N,1,1,0.997414,metadata_logistic_regression
31.46,2.622,34.156,35.91,M,,Normal,Y,Y,0,0,0.006256,metadata_logistic_regression
32.82,2.735,12.791,12.569,M,Normal,Normal,Y,N,0,0,0.000614,metadata_logistic_regression
34.07,2.839,45.994,35.91,FS,,Heavy,Y,N,1,1,0.997567,metadata_logistic_regression
3.72,0.31,2.495,35.91,M,,Thin,N,N,1,1,0.988406,metadata_logistic_regression
25.54,2.128,45.904,35.91,MN,Heavy,Heavy,N,N,1,1,0.998607,metadata_logistic_regression
4.66,0.388,18.96,35.91,MN,,Normal,N,N,0,0,0.005656,metadata_logistic_regression
6.4,0.533,29.756,35.91,FS,,Thin,N,N,1,1,0.992813,metadata_logistic_regression
35.45,2.954,30.98,35.91,MN,,Thin,N,N,1,1,0.993389,metadata_logistic_regression
35.62,2.968,40.415,35.91,FS,,Heavy,Y,N,1,1,0.997228,metadata_logistic_regression
13.86,1.155,29.665,35.91,MN,,Heavy,N,N,1,1,0.996115,metadata_logistic_regression
15.88,1.323,16.42,35.91,FS,,Normal,Y,N,0,0,0.005643,metadata_logistic_regression
28.62,2.385,29.03,35.91,M,Thin,Thin,N,N,1,1,0.997984,metadata_logistic_regression
15.83,1.319,32.659,35.91,F,,Heavy,Y,N,1,1,0.997218,metadata_logistic_regression
26.26,2.188,9.752,12.569,F,Normal,Normal,N,N,0,0,0.00057,metadata_logistic_regression
28.45,2.371,8.845,12.569,FS,Normal,Normal,Y,N,0,0,0.000463,metadata_logistic_regression
30.04,2.503,30.935,35.91,FS,Normal,Normal,Y,N,0,0,0.00821,metadata_logistic_regression
30.13,2.511,40.597,35.91,FS,,Heavy,N,N,1,1,0.997116,metadata_logistic_regression
32.42,2.702,50.938,35.91,FS,,Heavy,N,N,1,1,0.99776,metadata_logistic_regression
3.11,0.259,10.433,35.91,FS,,Normal,N,N,0,0,0.004613,metadata_logistic_regression
32.4,2.7,12.882,12.569,MN,Normal,Normal,Y,Y,0,0,0.000301,metadata_logistic_regression
12.48,1.04,36.741,35.91,MN,,Normal,N,N,0,0,0.008784,metadata_logistic_regression
24.12,2.01,11.521,12.569,FS,Normal,Normal,Y,N,0,0,0.00049,metadata_logistic_regression
35.99,2.999,35.38,35.91,FS,,Heavy,Y,N,1,1,0.996874,metadata_logistic_regression
29.62,2.468,11.839,12.569,MN,Normal,Normal,N,N,0,0,0.000481,metadata_logistic_regression
31.84,2.653,40.37,35.91,MN,,Normal,N,N,0,0,0.009952,metadata_logistic_regression
26.32,2.193,32.432,35.91,FS,,Heavy,N,N,1,1,0.996465,metadata_logistic_regression
17.51,1.459,44.225,35.91,FS,,Heavy,Y,N,1,1,0.997377,metadata_logistic_regression
11.59,0.966,20.14,35.91,FS,,Normal,N,N,0,0,0.005918,metadata_logistic_regression
3.14,0.262,9.117,35.91,M,,Normal,N,Y,0,0,0.003141,metadata_logistic_regression
17.68,1.473,27.034,35.91,F,,Normal,Y,N,0,0,0.009102,metadata_logistic_regression
24.02,2.002,30.119,35.91,F,,Thin,Y,N,1,1,0.994664,metadata_logistic_regression
32.33,2.694,46.357,35.91,MN,,Heavy,Y,N,1,1,0.997572,metadata_logistic_regression
13.62,1.135,34.019,35.91,F,,Heavy,Y,N,1,1,0.997295,metadata_logistic_regression
1.79,0.149,4.627,35.91,M,,Normal,Y,N,0,0,0.004942,metadata_logistic_regression
16.1,1.342,43.091,35.91,MN,,Normal,Y,N,0,0,0.010635,metadata_logistic_regression
28.3,2.358,12.066,12.569,F,Normal,Normal,Y,Y,0,0,0.000367,metadata_logistic_regression
30.55,2.546,37.966,35.91,FS,,Heavy,Y,N,1,1,0.99703,metadata_logistic_regression
35.39,2.949,37.648,35.91,FS,,Heavy,Y,N,1,1,0.997036,metadata_logistic_regression
26.54,2.212,38.918,35.91,MN,,Heavy,N,N,1,1,0.996966,metadata_logistic_regression
32.34,2.695,47.219,35.91,MN,,Heavy,N,Y,1,1,0.995821,metadata_logistic_regression
11.51,0.959,46.176,35.91,MN,,Normal,N,N,0,0,0.010976,metadata_logistic_regression
17.98,1.498,42.91,35.91,FS,,Normal,Y,N,0,0,0.010663,metadata_logistic_regression
24.71,2.059,22.498,35.91,F,Thin,Thin,N,N,1,1,0.997726,metadata_logistic_regression
24.01,2.001,13.018,12.569,M,Normal,Normal,N,N,0,0,0.000587,metadata_logistic_regression
4.92,0.41,21.047,35.91,F,,Normal,Y,Y,0,0,0.004531,metadata_logistic_regression
18.1,1.508,30.481,35.91,F,,Heavy,Y,Y,1,1,0.99504,metadata_logistic_regression
27.48,2.29,39.145,35.91,FS,,Normal,N,N,0,0,0.009614,metadata_logistic_regression
24.95,2.079,45.813,35.91,F,,Heavy,Y,Y,1,1,0.996611,metadata_logistic_regression
24.02,2.002,37.331,35.91,M,,Heavy,N,N,1,1,0.997357,metadata_logistic_regression
32.86,2.738,9.798,12.569,F,Normal,Normal,N,N,0,0,0.000578,metadata_logistic_regression
11.65,0.971,35.562,35.91,MN,,Heavy,N,N,1,1,0.996613,metadata_logistic_regression
33.68,2.807,24.04,35.91,MN,Thin,Thin,Y,Y,1,1,0.995564,metadata_logistic_regression
35.86,2.988,10.07,12.569,FS,Normal,Normal,Y,Y,0,0,0.000284,metadata_logistic_regression
24.91,2.076,13.88,12.569,MN,Normal,Normal,N,N,0,0,0.000501,metadata_logistic_regression
24.01,2.001,40.959,35.91,MN,,Heavy,Y,N,1,1,0.99719,metadata_logistic_regression
4.0,0.333,12.156,35.91,F,,Normal,N,N,0,0,0.006009,metadata_logistic_regression
17.04,1.42,30.844,35.91,FS,,Heavy,Y,N,1,1,0.996381,metadata_logistic_regression
27.47,2.289,11.521,12.569,MN,Normal,Normal,N,N,0,0,0.000476,metadata_logistic_regression
33.48,2.79,38.193,35.91,FS,,Heavy,Y,N,1,1,0.997063,metadata_logistic_regression
2.22,0.185,2.631,35.91,M,,Normal,N,N,0,0,0.004563,metadata_logistic_regression
31.87,2.656,37.376,35.91,FS,Normal,Normal,N,N,0,0,0.009298,metadata_logistic_regression
32.28,2.69,26.444,35.91,F,Thin,Thin,Y,Y,1,1,0.996647,metadata_logistic_regression
14.56,1.213,29.484,35.91,MN,,Normal,Y,N,0,0,0.007666,metadata_logistic_regression
25.75,2.146,49.396,35.91,MN,,Heavy,Y,N,1,1,0.997713,metadata_logistic_regression
35.4,2.95,51.256,35.91,MN,,Normal,N,N,0,0,0.012983,metadata_logistic_regression
33.68,2.807,30.663,35.91,MN,,Heavy,Y,N,1,1,0.996472,metadata_logistic_regression
25.86,2.155,12.973,12.569,MN,Normal,Normal,N,N,0,0,0.000491,metadata_logistic_regression
27.05,2.254,35.743,35.91,FS,Normal,Normal,Y,Y,0,0,0.005394,metadata_logistic_regression
14.26,1.188,45.359,35.91,M,,Normal,N,N,0,0,0.012953,metadata_logistic_regression
17.57,1.464,50.802,35.91,MN,,Heavy,N,N,1,1,0.997677,metadata_logistic_regression
26.32,2.193,45.813,35.91,M,Thin,Thin,Y,N,1,1,0.998691,metadata_logistic_regression
33.59,2.799,46.266,35.91,FS,,Heavy,Y,N,1,1,0.997581,metadata_logistic_regression
31.87,2.656,9.163,12.569,FS,Normal,Normal,Y,Y,0,0,0.000276,metadata_logistic_regression
35.98,2.998,40.551,35.91,M,Thin,Thin,Y,N,1,1,0.998543,metadata_logistic_regression
11.77,0.981,41.821,35.91,M,,Normal,N,N,0,0,0.01185,metadata_logistic_regression
26.29,2.191,11.44,12.569,FS,Normal,Normal,N,N,0,0,0.000475,metadata_logistic_regression
28.62,2.385,27.851,35.91,MN,,Normal,N,N,0,0,0.007336,metadata_logistic_regression
24.02,2.002,10.796,12.569,FS,Normal,Normal,Y,N,0,0,0.000481,metadata_logistic_regression
25.22,2.102,40.007,35.91,FS,,Heavy,N,N,1,1,0.997046,metadata_logistic_regression
30.04,2.503,11.34,12.569,FS,Normal,Normal,N,Y,0,0,0.00028,metadata_logistic_regression
3.28,0.273,7.167,35.91,F,,Normal,Y,N,0,0,0.005504,metadata_logistic_regression
24.02,2.002,25.31,35.91,F,,Thin,N,N,1,1,0.993813,metadata_logistic_regression
20.54,1.712,27.76,35.91,FS,,Normal,Y,N,0,0,0.007469,metadata_logistic_regression
25.3,2.108,12.655,12.569,M,Normal,Normal,Y,Y,0,0,0.000354,metadata_logistic_regression
33.48,2.79,62.596,35.91,M,Thin,Thin,Y,N,1,1,0.999138,metadata_logistic_regression
24.65,2.054,11.975,12.569,M,Normal,Normal,Y,N,0,0,0.000593,metadata_logistic_regression
12.12,1.01,24.177,35.91,MN,,Normal,N,N,0,0,0.006503,metadata_logistic_regression
15.24,1.27,37.603,35.91,MN,,Heavy,Y,N,1,1,0.996901,metadata_logistic_regression
31.73,2.644,38.828,35.91,F,,Normal,Y,N,0,0,0.012391,metadata_logistic_regression
2.32,0.193,4.218,35.91,MN,,Thin,Y,N,1,1,0.987075,metadata_logistic_regression
8.96,0.747,22.226,35.91,M,,Normal,Y,Y,0,0,0.004497,metadata_logistic_regression
24.54,2.045,44.452,35.91,MN,Heavy,Heavy,N,N,1,1,0.998554,metadata_logistic_regression
33.95,2.829,13.336,12.569,MN,Normal,Normal,Y,N,0,0,0.00052,metadata_logistic_regression
24.02,2.002,23.632,35.91,MN,Thin,Thin,Y,N,1,1,0.997314,metadata_logistic_regression
27.64,2.303,46.765,35.91,M,,Heavy,N,N,1,1,0.997908,metadata_logistic_regression
25.93,2.161,46.312,35.91,MN,,Heavy,N,N,1,1,0.997456,metadata_logistic_regression
24.64,2.053,39.054,35.91,MN,,Heavy,Y,N,1,1,0.997063,metadata_logistic_regression
31.12,2.593,9.752,12.569,FS,Normal,Normal,Y,Y,0,0,0.00028,metadata_logistic_regression
12.01,1.001,37.059,35.91,M,,Normal,Y,N,0,0,0.010939,metadata_logistic_regression
14.48,1.207,24.313,35.91,F,,Heavy,Y,N,1,1,0.996592,metadata_logistic_regression
21.55,1.796,37.875,35.91,MN,,Heavy,N,N,1,1,0.996858,metadata_logistic_regression
26.98,2.248,35.743,35.91,FS,,Heavy,N,N,1,1,0.996739,metadata_logistic_regression
27.5,2.292,12.428,12.569,M,Normal,Normal,N,N,0,0,0.000583,metadata_logistic_regression
26.53,2.211,36.197,35.91,MN,,Normal,N,N,0,0,0.008916,metadata_logistic_regression
26.58,2.215,10.433,12.569,F,Normal,Normal,Y,N,0,0,0.000599,metadata_logistic_regression
27.79,2.316,47.854,35.91,M,,Heavy,N,N,1,1,0.997962,metadata_logistic_regression
27.5,2.292,10.569,12.569,MN,Normal,Normal,N,N,0,0,0.000465,metadata_logistic_regression
4.62,0.385,14.424,35.91,F,,Thin,Y,N,1,1,0.991931,metadata_logistic_regression
26.09,2.174,13.835,12.569,MN,Normal,Normal,N,Y,0,0,0.000294,metadata_logistic_regression
32.03,2.669,40.823,35.91,MN,,Heavy,Y,N,1,1,0.997226,metadata_logistic_regression
28.09,2.341,9.163,12.569,FS,Normal,Normal,Y,N,0,0,0.000467,metadata_logistic_regression
22.82,1.902,54.477,35.91,MN,,Heavy,Y,N,1,1,0.997964,metadata_logistic_regression
18.07,1.506,29.484,35.91,FS,,Normal,Y,N,0,0,0.007745,metadata_logistic_regression
27.79,2.316,48.081,35.91,MN,,Heavy,N,N,1,1,0.997571,metadata_logistic_regression
3.35,0.279,14.696,35.91,M,,Normal,Y,Y,0,0,0.003713,metadata_logistic_regression
28.81,2.401,14.515,12.569,MN,Normal,Normal,Y,N,0,0,0.00053,metadata_logistic_regression
19.62,1.635,22.68,35.91,M,,Thin,N,N,1,1,0.993056,metadata_logistic_regression
28.49,2.374,10.796,12.569,FS,Normal,Normal,Y,N,0,0,0.000486,metadata_logistic_regression
16.15,1.346,23.814,35.91,M,,Thin,Y,N,1,1,0.993415,metadata_logistic_regression
3.85,0.321,15.286,35.91,MN,,Normal,Y,Y,0,0,0.003145,metadata_logistic_regression
25.4,2.117,12.565,12.569,MN,Normal,Normal,N,N,0,0,0.000486,metadata_logistic_regression
30.29,2.524,39.281,35.91,M,Thin,Thin,Y,N,1,1,0.99848,metadata_logistic_regression
32.72,2.727,35.743,35.91,MN,,Heavy,Y,N,1,1,0.996871,metadata_logistic_regression
5.26,0.438,25.673,35.91,M,,Normal,N,N,0,0,0.007963,metadata_logistic_regression
17.7,1.475,32.432,35.91,MN,,Heavy,N,N,1,1,0.996392,metadata_logistic_regression
31.86,2.655,43.999,35.91,MN,,Normal,Y,N,0,0,0.011211,metadata_logistic_regression
23.82,1.985,33.566,35.91,FS,,Heavy,Y,Y,1,1,0.994316,metadata_logistic_regression
21.38,1.782,39.327,35.91,FS,,Heavy,N,N,1,1,0.996974,metadata_logistic_regression
4.73,0.394,6.895,12.569,M,,Normal,N,N,0,0,0.000488,metadata_logistic_regression
10.09,0.841,26.308,35.91,M,,Normal,Y,N,0,0,0.008435,metadata_logistic_regression
32.33,2.694,49.714,35.91,MN,Heavy,Heavy,Y,N,1,1,0.998787,metadata_logistic_regression
25.03,2.086,12.746,12.569,MN,Normal,Normal,Y,N,0,0,0.000504,metadata_logistic_regression
2.56,0.213,5.216,35.91,MN,,Thin,Y,N,1,1,0.987384,metadata_logistic_regression
24.02,2.002,13.608,12.569,F,Normal,Normal,Y,N,0,0,0.000643,metadata_logistic_regression
30.85,2.571,45.949,35.91,MN,,Normal,N,N,0,0,0.011343,metadata_logistic_regression
29.02,2.418,36.197,35.91,M,Thin,Thin,Y,N,1,1,0.998359,metadata_logistic_regression
24.01,2.001,11.34,12.569,MN,Normal,Normal,Y,Y,0,0,0.000285,metadata_logistic_regression
34.21,2.851,31.525,35.91,MN,,Heavy,Y,N,1,1,0.996548,metadata_logistic_regression
28.43,2.369,39.009,35.91,MN,,Heavy,N,N,1,1,0.996984,metadata_logistic_regression
32.5,2.708,10.659,12.569,FS,Normal,Normal,N,N,0,0,0.000472,metadata_logistic_regression
28.62,2.385,47.083,35.91,MN,Heavy,Heavy,Y,N,1,1,0.998698,metadata_logistic_regression
14.81,1.234,35.743,35.91,F,,Heavy,N,N,1,1,0.997324,metadata_logistic_regression
35.52,2.96,13.472,12.569,M,Normal,Normal,Y,N,0,0,0.000628,metadata_logistic_regression
22.51,1.876,33.566,35.91,FS,,Heavy,Y,N,1,1,0.996646,metadata_logistic_regression
29.96,2.497,37.648,35.91,M,,Normal,N,N,0,0,0.011124,metadata_logistic_regression
20.83,1.736,34.745,35.91,M,,Thin,N,N,1,1,0.994808,metadata_logistic_regression
32.28,2.69,34.473,35.91,FS,,Normal,N,N,0,0,0.008683,metadata_logistic_regression
22.31,1.859,29.393,35.91,M,,Thin,N,N,1,1,0.994117,metadata_logistic_regression
3.24,0.27,8.89,35.91,MN,,Normal,Y,N,0,0,0.004581,metadata_logistic_regression
3.41,0.284,7.847,35.91,MN,,Thin,Y,N,1,1,0.988168,metadata_logistic_regression
28.72,2.393,37.149,35.91,MN,,Normal,Y,N,0,0,0.009465,metadata_logistic_regression
9.32,0.777,31.298,35.91,F,,Heavy,Y,Y,1,1,0.99505,metadata_logistic_regression
28.16,2.347,9.979,12.569,FS,Normal,Normal,Y,N,0,0,0.000476,metadata_logistic_regression
1.36,0.113,1.814,35.91,FS,,Thin,Y,N,1,1,0.986335,metadata_logistic_regression
32.33,2.694,49.442,35.91,FS,,Heavy,Y,N,1,1,0.997753,metadata_logistic_regression
24.22,2.018,32.568,35.91,M,Thin,Thin,N,N,1,1,0.998132,metadata_logistic_regression
9.85,0.821,19.686,35.91,M,,Normal,Y,Y,0,0,0.004239,metadata_logistic_regression
31.51,2.626,36.968,35.91,MN,,Normal,Y,N,0,0,0.009477,metadata_logistic_regression
31.55,2.629,12.746,12.569,MN,Normal,Normal,Y,Y,0,0,0.0003,metadata_logistic_regression
15.3,1.275,38.555,35.91,FS,,Normal,Y,N,0,0,0.009562,metadata_logistic_regression
4.42,0.368,9.525,12.569,FS,,Normal,Y,Y,0,0,0.000264,metadata_logistic_regression
5.22,0.435,14.515,35.91,MN,,Normal,Y,N,0,0,0.005262,metadata_logistic_regression
12.28,1.023,12.111,12.569,M,,Normal,N,N,0,0,0.000561,metadata_logistic_regression
34.74,2.895,48.081,35.91,MN,,Heavy,N,N,1,1,0.997604,metadata_logistic_regression
35.92,2.993,23.768,35.91,M,Thin,Thin,Y,Y,1,1,0.996291,metadata_logistic_regression
27.24,2.27,39.644,35.91,F,,Heavy,Y,N,1,1,0.9977,metadata_logistic_regression
28.88,2.407,38.918,35.91,MN,,Heavy,N,N,1,1,0.99698,metadata_logistic_regression
33.52,2.793,27.669,35.91,MN,,Normal,Y,N,0,0,0.007622,metadata_logistic_regression
26.24,2.187,12.701,12.569,MN,Normal,Normal,N,N,0,0,0.000488,metadata_logistic_regression
24.02,2.002,13.789,12.569,M,Normal,Normal,N,N,0,0,0.000598,metadata_logistic_regression
14.96,1.247,41.776,35.91,FS,,Heavy,N,N,1,1,0.99711,metadata_logistic_regression
32.63,2.719,28.622,35.91,M,Thin,Thin,N,Y,1,1,0.996565,metadata_logistic_regression
3.67,0.306,9.616,35.91,FS,,Normal,N,N,0,0,0.004529,metadata_logistic_regression
11.71,0.976,39.327,35.91,M,,Heavy,Y,Y,1,1,0.995753,metadata_logistic_regression
32.23,2.686,38.102,35.91,M,,Normal,Y,N,0,0,0.011671,metadata_logistic_regression
24.91,2.076,30.164,35.91,FS,,Heavy,Y,Y,1,1,0.993847,metadata_logistic_regression
10.31,0.859,32.931,35.91,FS,,Normal,Y,Y,0,0,0.004878,metadata_logistic_regression
17.38,1.448,25.356,35.91,FS,,Normal,Y,Y,0,0,0.004126,metadata_logistic_regression
26.08,2.173,24.04,35.91,F,,Normal,N,N,0,0,0.008339,metadata_logistic_regression
27.07,2.256,33.294,35.91,FS,Normal,Normal,Y,N,0,0,0.008634,metadata_logistic_regression
33.82,2.818,42.819,35.91,M,,Heavy,N,N,1,1,0.997728,metadata_logistic_regression
24.02,2.002,48.625,35.91,M,Thin,Thin,N,N,1,1,0.998729,metadata_logistic_regression
29.05,2.421,9.752,12.569,MN,Normal,Normal,Y,N,0,0,0.000473,metadata_logistic_regression
19.64,1.637,45.359,35.91,M,,Heavy,N,N,1,1,0.997801,metadata_logistic_regression
28.92,2.41,42.048,35.91,FS,,Heavy,N,N,1,1,0.997208,metadata_logistic_regression
34.61,2.884,11.793,12.569,MN,Normal,Normal,N,Y,0,0,0.000285,metadata_logistic_regression
24.11,2.009,28.667,35.91,MN,,Thin,Y,N,1,1,0.993086,metadata_logistic_regression
19.78,1.648,23.36,35.91,FS,,Thin,Y,N,1,1,0.99211,metadata_logistic_regression
35.42,2.952,31.116,35.91,FS,Normal,Normal,Y,N,0,0,0.008334,metadata_logistic_regression
25.75,2.146,33.566,35.91,M,,Normal,N,N,0,0,0.01001,metadata_logistic_regression
24.02,2.002,10.614,12.569,F,Normal,Normal,Y,N,0,0,0.000599,metadata_logistic_regression
27.3,2.275,14.334,12.569,MN,Normal,Normal,N,N,0,0,0.000509,metadata_logistic_regression
10.46,0.872,44.452,35.91,MN,,Heavy,Y,N,1,1,0.997345,metadata_logistic_regression
24.02,2.002,13.018,12.569,M,Normal,Normal,Y,N,0,0,0.000607,metadata_logistic_regression
31.13,2.594,27.896,35.91,M,,Normal,Y,N,0,0,0.009133,metadata_logistic_regression
30.4,2.533,65.317,35.91,MN,,Heavy,N,N,1,1,0.998402,metadata_logistic_regression
25.43,2.119,49.442,35.91,MN,,Heavy,N,N,1,1,0.997637,metadata_logistic_regression
13.69,1.141,45.631,35.91,MN,,Heavy,Y,N,1,1,0.997436,metadata_logistic_regression
24.67,2.056,39.417,35.91,M,Thin,Thin,Y,N,1,1,0.998468,metadata_logistic_regression
23.92,1.993,31.797,35.91,FS,,Heavy,N,N,1,1,0.996394,metadata_logistic_regression
24.77,2.064,40.869,35.91,M,Thin,Thin,Y,N,1,1,0.998521,metadata_logistic_regression
3.05,0.254,5.897,35.91,F,,Thin,N,N,1,1,0.989751,metadata_logistic_regression
24.02,2.002,14.901,12.569,MN,Normal,Normal,Y,N,0,0,0.000529,metadata_logistic_regression
24.01,2.001,28.123,35.91,FS,,Thin,N,N,1,1,0.992783,metadata_logistic_regression
29.38,2.448,9.979,12.569,FS,Normal,Normal,Y,N,0,0,0.000477,metadata_logistic_regression
31.12,2.593,38.102,35.91,FS,,Heavy,Y,N,1,1,0.997043,metadata_logistic_regression
34.82,2.902,11.34,12.569,FS,Normal,Normal,N,N,0,0,0.000482,metadata_logistic_regression
30.85,2.571,24.131,35.91,F,Thin,Thin,Y,N,1,1,0.99791,metadata_logistic_regression
5.9,0.492,24.358,35.91,MN,,Heavy,N,N,1,1,0.995518,metadata_logistic_regression
34.79,2.899,39.916,35.91,FS,,Heavy,N,N,1,1,0.997095,metadata_logistic_regression
28.7,2.392,39.372,35.91,M,,Normal,N,N,0,0,0.01156,metadata_logistic_regression
24.88,2.073,45.087,35.91,MN,,Heavy,Y,N,1,1,0.99746,metadata_logistic_regression
16.82,1.402,36.106,35.91,FS,,Normal,Y,Y,0,0,0.005331,metadata_logistic_regression
29.9,2.492,19.504,35.91,F,Thin,Thin,Y,N,1,1,0.99766,metadata_logistic_regression
31.02,2.585,38.828,35.91,FS,Normal,Normal,Y,Y,0,0,0.005853,metadata_logistic_regression
15.29,1.274,26.49,35.91,M,,Normal,Y,N,0,0,0.00856,metadata_logistic_regression
17.66,1.472,47.038,35.91,M,,Normal,N,N,0,0,0.01357,metadata_logistic_regression
27.43,2.286,12.02,12.569,M,Normal,Normal,Y,N,0,0,0.000597,metadata_logistic_regression
26.87,2.239,39.236,35.91,M,Thin,Thin,N,N,1,1,0.998417,metadata_logistic_regression
10.86,0.905,33.838,35.91,FS,,Normal,Y,Y,0,0,0.00499,metadata_logistic_regression
16.26,1.355,40.415,35.91,F,,Heavy,N,N,1,1,0.997615,metadata_logistic_regression
30.49,2.541,37.376,35.91,FS,Heavy,Heavy,Y,N,1,1,0.998367,metadata_logistic_regression
24.94,2.078,37.013,35.91,MN,,Heavy,N,N,1,1,0.996814,metadata_logistic_regression
28.76,2.397,9.752,12.569,F,Normal,Normal,Y,N,0,0,0.000592,metadata_logistic_regression
27.23,2.269,8.437,12.569,F,Normal,Normal,Y,N,0,0,0.000572,metadata_logistic_regression
5.17,0.431,18.824,35.91,FS,,Normal,N,N,0,0,0.005662,metadata_logistic_regression
15.73,1.311,50.303,35.91,MN,,Heavy,Y,N,1,1,0.997717,metadata_logistic_regression
15.01,1.251,50.303,35.91,MN,,Heavy,Y,N,1,1,0.997714,metadata_logistic_regression
6.59,0.549,21.319,35.91,MN,,Thin,N,N,1,1,0.991184,metadata_logistic_regression
29.5,2.458,42.728,35.91,MN,,Normal,N,N,0,0,0.010478,metadata_logistic_regression
33.48,2.79,11.703,12.569,FS,Normal,Normal,Y,N,0,0,0.000501,metadata_logistic_regression
32.24,2.687,13.653,12.569,MN,Normal,Normal,N,N,0,0,0.000505,metadata_logistic_regression
3.24,0.27,10.886,35.91,M,,Normal,Y,N,0,0,0.005757,metadata_logistic_regression
14.7,1.225,23.95,35.91,F,,Normal,N,N,0,0,0.008136,metadata_logistic_regression
35.56,2.963,32.114,35.91,FS,,Heavy,Y,N,1,1,0.996617,metadata_logistic_regression
9.05,0.754,29.937,35.91,MN,,Heavy,Y,N,1,1,0.99623,metadata_logistic_regression
17.04,1.42,53.524,35.91,MN,,Heavy,Y,N,1,1,0.997893,metadata_logistic_regression
25.0,2.083,42.003,35.91,M,,Normal,N,N,0,0,0.012217,metadata_logistic_regression
4.04,0.337,21.137,35.91,M,,Normal,N,N,0,0,0.007129,metadata_logistic_regression
34.48,2.873,36.287,35.91,FS,,Heavy,N,N,1,1,0.996829,metadata_logistic_regression
20.14,1.678,29.62,35.91,FS,,Heavy,N,N,1,1,0.996172,metadata_logistic_regression
22.79,1.899,33.566,35.91,F,,Normal,Y,N,0,0,0.010742,metadata_logistic_regression
2.4,0.2,2.722,12.569,M,,Normal,Y,N,0,0,0.000454,metadata_logistic_regression
24.01,2.001,14.515,12.569,MN,Normal,Normal,Y,N,0,0,0.000525,metadata_logistic_regression
7.66,0.638,42.003,35.91,M,,Normal,Y,Y,0,0,0.007197,metadata_logistic_regression
24.24,2.02,11.793,12.569,M,Normal,Normal,Y,N,0,0,0.000589,metadata_logistic_regression
24.08,2.007,16.284,35.91,MN,,Thin,N,N,1,1,0.990399,metadata_logistic_regression
3.29,0.274,6.94,35.91,MN,,Normal,Y,N,0,0,0.004372,metadata_logistic_regression
27.01,2.251,39.236,35.91,M,Thin,Thin,N,N,1,1,0.998417,metadata_logistic_regression
11.72,0.977,41.277,35.91,FS,,Heavy,Y,N,1,1,0.997152,metadata_logistic_regression
27.62,2.302,42.184,35.91,MN,,Heavy,N,N,1,1,0.9972,metadata_logistic_regression
4.44,0.37,17.237,35.91,MN,,Normal,N,N,0,0,0.005426,metadata_logistic_regression
28.66,2.388,9.707,12.569,F,Normal,Normal,Y,Y,0,0,0.000347,metadata_logistic_regression
3.6,0.3,19.958,35.91,MN,,Heavy,Y,Y,1,1,0.991783,metadata_logistic_regression
27.9,2.325,8.8,12.569,FS,,Normal,N,N,0,0,0.000447,metadata_logistic_regression
9.79,0.816,34.836,35.91,F,,Normal,N,N,0,0,0.010444,metadata_logistic_regression
2.22,0.185,3.901,12.569,F,,Normal,Y,N,0,0,0.000488,metadata_logistic_regression
5.1,0.425,22.453,35.91,MN,,Normal,N,N,0,0,0.006154,metadata_logistic_regression
23.48,1.957,36.741,35.91,FS,,Heavy,N,N,1,1,0.996794,metadata_logistic_regression
25.73,2.144,53.479,35.91,FS,Heavy,Heavy,Y,Y,1,1,0.998095,metadata_logistic_regression
32.21,2.684,43.545,35.91,FS,,Heavy,N,N,1,1,0.997324,metadata_logistic_regression
6.32,0.527,14.424,35.91,MN,,Normal,N,N,0,0,0.005091,metadata_logistic_regression
29.38,2.448,30.436,35.91,F,Thin,Thin,Y,Y,1,1,0.996935,metadata_logistic_regression
29.77,2.481,39.735,35.91,M,Thin,Thin,N,N,1,1,0.998445,metadata_logistic_regression
18.46,1.538,5.811,35.91,MN,,Heavy,N,N,1,1,0.993188,metadata_logistic_regression
2.62,0.218,7.031,35.91,FS,,Thin,Y,N,1,1,0.987957,metadata_logistic_regression
10.19,0.849,30.073,35.91,MN,,Normal,N,N,0,0,0.007458,metadata_logistic_regression
30.47,2.539,36.287,35.91,FS,Normal,Normal,Y,N,0,0,0.009335,metadata_logistic_regression
9.1,0.758,30.844,35.91,MN,,Normal,Y,Y,0,0,0.004614,metadata_logistic_regression
9.91,0.826,37.875,35.91,MN,,Heavy,Y,N,1,1,0.996888,metadata_logistic_regression
4.21,0.351,14.787,35.91,MN,,Normal,Y,N,0,0,0.005286,metadata_logistic_regression
24.24,2.02,46.266,35.91,F,,Heavy,Y,N,1,1,0.998026,metadata_logistic_regression
35.82,2.985,32.205,35.91,FS,,Normal,N,Y,0,0,0.00488,metadata_logistic_regression
33.55,2.796,9.435,12.569,FS,Normal,Normal,Y,N,0,0,0.000475,metadata_logistic_regression
31.91,2.659,25.129,35.91,FS,,Normal,N,N,0,0,0.006942,metadata_logistic_regression
33.95,2.829,54.431,35.91,MN,,Heavy,N,N,1,1,0.997939,metadata_logistic_regression
9.17,0.764,31.026,35.91,F,,Normal,Y,N,0,0,0.009843,metadata_logistic_regression
22.96,1.913,33.566,35.91,FS,,Heavy,Y,N,1,1,0.996649,metadata_logistic_regression
29.44,2.453,44.452,35.91,MN,,Heavy,Y,N,1,1,0.997444,metadata_logistic_regression
33.29,2.774,11.884,12.569,F,Normal,Normal,N,N,0,0,0.000608,metadata_logistic_regression
25.86,2.155,14.061,12.569,MN,Normal,Normal,Y,N,0,0,0.000521,metadata_logistic_regression
28.0,2.333,9.299,12.569,FS,Normal,Normal,Y,Y,0,0,0.000275,metadata_logistic_regression
24.06,2.005,12.701,12.569,M,Normal,Normal,Y,N,0,0,0.000602,metadata_logistic_regression
33.58,2.798,34.972,35.91,F,,Heavy,N,N,1,1,0.997374,metadata_logistic_regression
14.26,1.188,43.046,35.91,M,,Thin,Y,N,1,1,0.995828,metadata_logistic_regression
24.9,2.075,50.258,35.91,MN,Heavy,Heavy,Y,N,1,1,0.998784,metadata_logistic_regression
24.01,2.001,12.338,12.569,F,Normal,Normal,Y,N,0,0,0.000624,metadata_logistic_regression
4.36,0.363,19.822,35.91,MN,,Heavy,Y,N,1,1,0.995151,metadata_logistic_regression
33.52,2.793,37.966,35.91,FS,Normal,Normal,Y,Y,0,0,0.005762,metadata_logistic_regression
4.91,0.409,20.638,35.91,MN,,Normal,Y,Y,0,0,0.003583,metadata_logistic_regression
14.11,1.176,31.842,35.91,F,,Normal,Y,Y,0,0,0.005975,metadata_logistic_regression
27.23,2.269,47.446,35.91,MN,Heavy,Heavy,Y,N,1,1,0.998705,metadata_logistic_regression
31.19,2.599,52.163,35.91,F,,Heavy,Y,N,1,1,0.99831,metadata_logistic_regression
19.98,1.665,23.995,35.91,MN,,Thin,N,N,1,1,0.991946,metadata_logistic_regression
24.02,2.002,10.523,12.569,F,Normal,Normal,Y,N,0,0,0.000597,metadata_logistic_regression
30.89,2.574,28.213,35.91,F,,Thin,N,N,1,1,0.994306,metadata_logistic_regression
31.74,2.645,12.066,12.569,F,Normal,Normal,N,N,0,0,0.000609,metadata_logistic_regression
32.52,2.71,37.83,35.91,MN,,Normal,Y,N,0,0,0.009693,metadata_logistic_regression
34.9,2.908,30.754,35.91,M,Thin,Thin,Y,N,1,1,0.998152,metadata_logistic_regression
25.2,2.1,46.72,35.91,FS,Heavy,Heavy,Y,N,1,1,0.998682,metadata_logistic_regression
27.01,2.251,39.962,35.91,MN,,Heavy,Y,N,1,1,0.997139,metadata_logistic_regression
4.04,0.337,15.059,35.91,F,,Normal,Y,Y,0,0,0.003919,metadata_logistic_regression
2.98,0.248,5.262,12.569,MN,,Normal,Y,N,0,0,0.000403,metadata_logistic_regression
18.06,1.505,32.749,35.91,M,,Heavy,Y,N,1,1,0.997112,metadata_logistic_regression
25.52,2.127,45.586,35.91,MN,,Heavy,Y,N,1,1,0.997493,metadata_logistic_regression
30.59,2.549,12.292,12.569,MN,Normal,Normal,Y,N,0,0,0.000504,metadata_logistic_regression
7.21,0.601,38.782,35.91,MN,,Heavy,N,N,1,1,0.996836,metadata_logistic_regression
2.69,0.224,6.26,35.91,F,,Normal,Y,Y,0,0,0.003165,metadata_logistic_regression
34.7,2.892,39.689,35.91,FS,,Heavy,Y,N,1,1,0.997174,metadata_logistic_regression
25.88,2.157,33.521,35.91,MN,,Heavy,Y,N,1,1,0.996654,metadata_logistic_regression
30.23,2.519,39.916,35.91,MN,,Heavy,N,N,1,1,0.997059,metadata_logistic_regression
19.7,1.642,23.496,35.91,MN,,Thin,N,N,1,1,0.991845,metadata_logistic_regression
3.62,0.302,8.618,35.91,F,,Normal,N,N,0,0,0.005518,metadata_logistic_regression
32.04,2.67,12.066,12.569,M,Normal,Normal,Y,N,0,0,0.000603,metadata_logistic_regression
20.23,1.686,9.435,12.569,MN,,Normal,N,N,0,0,0.000446,metadata_logistic_regression
13.08,1.09,26.943,35.91,F,,Normal,Y,Y,0,0,0.005303,metadata_logistic_regression
24.9,2.075,47.627,35.91,MN,,Normal,Y,Y,0,0,0.007112,metadata_logistic_regression
1.6,0.133,4.763,35.91,FS,,Heavy,Y,N,1,1,0.993034,metadata_logistic_regression
24.02,2.002,32.205,35.91,M,Thin,Thin,Y,Y,1,1,0.996897,metadata_logistic_regression
12.02,1.002,26.036,35.91,FS,,Heavy,Y,N,1,1,0.995898,metadata_logistic_regression
19.91,1.659,37.013,35.91,MN,,Heavy,Y,N,1,1,0.996886,metadata_logistic_regression
28.52,2.377,11.748,12.569,FS,Normal,Normal,Y,N,0,0,0.000497,metadata_logistic_regression
25.9,2.158,38.964,35.91,MN,,Heavy,Y,N,1,1,0.997064,metadata_logistic_regression
34.1,2.842,10.16,12.569,FS,Normal,Normal,Y,N,0,0,0.000484,metadata_logistic_regression
1.56,0.13,1.678,35.91,F,,Thin,Y,N,1,1,0.989001,metadata_logistic_regression
27.96,2.33,10.886,12.569,F,Normal,Normal,N,N,0,0,0.000588,metadata_logistic_regression
3.35,0.279,14.515,35.91,F,,Normal,Y,N,0,0,0.006562,metadata_logistic_regression
22.31,1.859,29.121,35.91,FS,,Heavy,N,N,1,1,0.996143,metadata_logistic_regression
30.04,2.503,12.701,12.569,MN,Normal,Normal,Y,Y,0,0,0.000298,metadata_logistic_regression
25.26,2.105,18.439,35.91,F,Thin,Thin,Y,Y,1,1,0.99588,metadata_logistic_regression
27.22,2.268,42.456,35.91,M,,Heavy,N,N,1,1,0.997678,metadata_logistic_regression
4.85,0.404,12.61,35.91,M,,Normal,Y,Y,0,0,0.003542,metadata_logistic_regression
30.04,2.503,10.433,12.569,FS,Normal,Normal,N,N,0,0,0.000467,metadata_logistic_regression
33.38,2.782,9.888,12.569,FS,Normal,Normal,Y,N,0,0,0.00048,metadata_logistic_regression
17.66,1.472,45.722,35.91,MN,,Heavy,Y,N,1,1,0.997462,metadata_logistic_regression
16.75,1.396,36.469,35.91,FS,,Heavy,N,N,1,1,0.99673,metadata_logistic_regression
9.24,0.77,15.83,35.91,FS,,Normal,N,N,0,0,0.005314,metadata_logistic_regression
13.07,1.089,34.156,35.91,FS,,Heavy,N,Y,1,1,0.994083,metadata_logistic_regression
29.77,2.481,36.741,35.91,FS,,Heavy,Y,Y,1,1,0.994793,metadata_logistic_regression
28.49,2.374,37.376,35.91,FS,Normal,Normal,N,N,0,0,0.009236,metadata_logistic_regression
6.62,0.552,28.712,35.91,MN,,Normal,N,N,0,0,0.007169,metadata_logistic_regression
31.91,2.659,37.285,35.91,MN,,Heavy,N,N,1,1,0.996878,metadata_logistic_regression
29.18,2.432,33.203,35.91,M,Thin,Thin,Y,N,1,1,0.998238,metadata_logistic_regression
29.51,2.459,37.553,35.91,M,Thin,Thin,Y,N,1,1,0.998413,metadata_logistic_regression
24.71,2.059,37.875,35.91,FS,,Heavy,N,N,1,1,0.996888,metadata_logistic_regression
7.91,0.659,31.207,35.91,FS,,Normal,Y,Y,0,0,0.004658,metadata_logistic_regression
16.12,1.343,32.659,35.91,MN,,Heavy,Y,N,1,1,0.996517,metadata_logistic_regression
32.82,2.735,46.221,35.91,FS,,Heavy,N,N,1,1,0.997493,metadata_logistic_regression
24.18,2.015,23.496,35.91,F,,Heavy,N,Y,1,1,0.994014,metadata_logistic_regression
5.82,0.485,19.595,35.91,FS,,Normal,N,Y,0,0,0.003398,metadata_logistic_regression
28.2,2.35,39.009,35.91,FS,,Normal,N,N,0,0,0.009596,metadata_logistic_regression
22.97,1.914,31.842,35.91,FS,,Heavy,Y,N,1,1,0.996508,metadata_logistic_regression
27.11,2.259,42.728,35.91,MN,Heavy,Heavy,N,N,1,1,0.998501,metadata_logistic_regression
24.02,2.002,13.472,12.569,M,Normal,Normal,Y,N,0,0,0.000614,metadata_logistic_regression
24.41,2.034,10.705,12.569,MN,Normal,Normal,Y,N,0,0,0.000479,metadata_logistic_regression
24.02,2.002,26.717,35.91,M,Thin,Thin,N,N,1,1,0.997849,metadata_logistic_regression
33.85,2.821,11.612,12.569,FS,Normal,Normal,N,N,0,0,0.000484,metadata_logistic_regression
24.02,2.002,12.973,12.569,MN,Normal,Normal,N,N,0,0,0.000489,metadata_logistic_regression
29.74,2.478,37.421,35.91,FS,Heavy,Heavy,Y,N,1,1,0.998367,metadata_logistic_regression
26.32,2.193,13.789,35.91,FS,Thin,Thin,Y,N,1,1,0.996626,metadata_logistic_regression
3.53,0.294,8.981,35.91,MN,,Thin,N,Y,1,1,0.979902,metadata_logistic_regression
32.21,2.684,31.479,35.91,FS,Normal,Normal,N,N,0,0,0.008083,metadata_logistic_regression
18.19,1.516,40.098,35.91,MN,,Heavy,Y,N,1,1,0.997098,metadata_logistic_regression
30.04,2.503,10.705,12.569,FS,Normal,Normal,Y,Y,0,0,0.000285,metadata_logistic_regression
1.6,0.133,1.86,35.91,F,,Thin,Y,N,1,1,0.989049,metadata_logistic_regression
25.07,2.089,41.322,35.91,M,Thin,Thin,Y,Y,1,1,0.997512,metadata_logistic_regression
15.58,1.298,36.696,35.91,MN,,Thin,N,N,1,1,0.994001,metadata_logistic_regression
28.07,2.339,10.796,12.569,FS,Normal,Normal,Y,N,0,0,0.000485,metadata_logistic_regression
17.24,1.437,47.264,35.91,MN,,Heavy,Y,Y,1,1,0.995837,metadata_logistic_regression
29.47,2.456,34.11,35.91,FS,,Normal,Y,N,0,0,0.008846,metadata_logistic_regression
19.61,1.634,58.513,35.91,MN,,Heavy,Y,Y,1,1,0.996836,metadata_logistic_regression
35.1,2.925,55.792,35.91,MN,,Heavy,N,N,1,1,0.99801,metadata_logistic_regression
20.95,1.746,42.139,35.91,FS,,Heavy,N,N,1,1,0.997169,metadata_logistic_regression
34.64,2.887,38.828,35.91,FS,,Heavy,N,N,1,1,0.997018,metadata_logistic_regression
31.64,2.637,32.205,35.91,FS,Normal,Normal,N,N,0,0,0.008215,metadata_logistic_regression
28.43,2.369,25.855,35.91,MN,Thin,Thin,Y,N,1,1,0.997476,metadata_logistic_regression
32.2,2.683,32.568,35.91,FS,,Heavy,Y,N,1,1,0.996631,metadata_logistic_regression
29.15,2.429,48.988,35.91,MN,,Heavy,Y,N,1,1,0.997706,metadata_logistic_regression
30.95,2.579,11.929,12.569,MN,Normal,Normal,Y,N,0,0,0.0005,metadata_logistic_regression
29.89,2.491,11.703,12.569,FS,Normal,Normal,Y,N,0,0,0.000498,metadata_logistic_regression
31.75,2.646,12.837,12.569,M,Normal,Normal,Y,Y,0,0,0.00036,metadata_logistic_regression
30.04,2.503,9.299,12.569,FS,Normal,Normal,N,N,0,0,0.000455,metadata_logistic_regression
11.66,0.972,40.188,35.91,MN,,Thin,N,N,1,1,0.994439,metadata_logistic_regression
34.27,2.856,57.606,35.91,MN,,Heavy,Y,N,1,1,0.998154,metadata_logistic_regression
28.16,2.347,43.091,35.91,FS,,Heavy,N,N,1,1,0.997273,metadata_logistic_regression
28.36,2.363,14.606,12.569,MN,Normal,Normal,Y,N,0,0,0.00053,metadata_logistic_regression
32.68,2.723,12.428,12.569,M,Normal,Normal,N,N,0,0,0.000589,metadata_logistic_regression
24.71,2.059,38.828,35.91,MN,,Thin,Y,N,1,1,0.994583,metadata_logistic_regression
27.73,2.311,33.067,35.91,FS,,Heavy,Y,N,1,1,0.996641,metadata_logistic_regression
30.26,2.522,10.705,12.569,FS,Normal,Normal,Y,N,0,0,0.000486,metadata_logistic_regression
29.04,2.42,11.113,12.569,MN,Normal,Normal,Y,N,0,0,0.000488,metadata_logistic_regression
34.84,2.903,13.29,12.569,M,Normal,Normal,N,N,0,0,0.000604,metadata_logistic_regression
22.93,1.911,41.594,35.91,MN,,Heavy,Y,N,1,1,0.997227,metadata_logistic_regression
15.86,1.322,39.689,35.91,FS,,Heavy,Y,N,1,1,0.997066,metadata_logistic_regression
14.77,1.231,42.184,35.91,MN,,Heavy,Y,N,1,1,0.997221,metadata_logistic_regression
3.17,0.264,6.169,35.91,MN,,Thin,N,N,1,1,0.987272,metadata_logistic_regression
3.34,0.278,10.523,35.91,M,,Normal,Y,Y,0,0,0.003359,metadata_logistic_regression
20.81,1.734,38.102,35.91,M,,Normal,N,N,0,0,0.011043,metadata_logistic_regression
15.78,1.315,35.834,35.91,M,,Normal,Y,Y,0,0,0.006312,metadata_logistic_regression
31.09,2.591,43.545,35.91,MN,Heavy,Heavy,N,N,1,1,0.998542,metadata_logistic_regression
27.6,2.3,8.074,12.569,FS,Normal,Normal,N,N,0,0,0.000439,metadata_logistic_regression
18.56,1.547,52.98,35.91,MN,,Heavy,Y,N,1,1,0.997871,metadata_logistic_regression
30.2,2.517,11.294,12.569,F,Normal,Normal,Y,N,0,0,0.000616,metadata_logistic_regression
12.02,1.002,30.436,35.91,M,,Thin,Y,Y,1,1,0.990385,metadata_logistic_regression
25.2,2.1,11.521,12.569,M,Normal,Normal,N,N,0,0,0.000568,metadata_logistic_regression
25.54,2.128,25.174,35.91,F,Thin,Thin,Y,N,1,1,0.99794,metadata_logistic_regression
4.39,0.366,19.006,35.91,F,,Normal,Y,Y,0,0,0.004311,metadata_logistic_regression
8.5,0.708,29.484,35.91,FS,,Heavy,N,N,1,1,0.99607,metadata_logistic_regression
35.76,2.98,11.294,12.569,MN,Normal,Normal,N,N,0,0,0.000481,metadata_logistic_regression
35.95,2.996,31.389,35.91,F,Thin,Thin,Y,N,1,1,0.998262,metadata_logistic_regression
34.25,2.854,39.009,35.91,MN,,Heavy,Y,N,1,1,0.997115,metadata_logistic_regression
26.12,2.177,49.578,35.91,M,Thin,Thin,Y,N,1,1,0.998803,metadata_logistic_regression
4.74,0.395,19.232,35.91,MN,,Normal,N,N,0,0,0.005694,metadata_logistic_regression
35.98,2.998,38.555,35.91,FS,,Heavy,Y,N,1,1,0.997103,metadata_logistic_regression
35.39,2.949,13.517,12.569,MN,Normal,Normal,Y,N,0,0,0.000524,metadata_logistic_regression
17.75,1.479,43.999,35.91,F,,Heavy,Y,N,1,1,0.997889,metadata_logistic_regression
33.47,2.789,25.129,35.91,MN,,Normal,Y,N,0,0,0.007173,metadata_logistic_regression
21.68,1.807,9.934,12.569,FS,,Normal,N,N,0,0,0.000454,metadata_logistic_regression
27.86,2.322,10.433,12.569,FS,Normal,Normal,Y,N,0,0,0.000481,metadata_logistic_regression
4.76,0.397,16.329,35.91,F,,Normal,Y,N,0,0,0.006872,metadata_logistic_regression
25.3,2.108,10.342,12.569,MN,Normal,Normal,Y,N,0,0,0.000476,metadata_logistic_regression
32.66,2.722,47.174,35.91,M,Thin,Thin,Y,Y,1,1,0.99787,metadata_logistic_regression
2.65,0.221,5.897,35.91,M,,Thin,N,N,1,1,0.989284,metadata_logistic_regression
27.48,2.29,11.249,12.569,F,Normal,Normal,Y,Y,0,0,0.000359,metadata_logistic_regression
33.49,2.791,11.34,12.569,FS,Normal,Normal,Y,Y,0,0,0.000292,metadata_logistic_regression
33.16,2.763,10.705,12.569,FS,Normal,Normal,N,N,0,0,0.000473,metadata_logistic_regression
26.45,2.204,41.277,35.91,FS,,Heavy,N,N,1,1,0.997142,metadata_logistic_regression
29.52,2.46,54.613,35.91,MN,,Heavy,Y,N,1,1,0.997997,metadata_logistic_regression
25.56,2.13,34.292,35.91,FS,Normal,Normal,Y,N,0,0,0.008816,metadata_logistic_regression
24.02,2.002,46.72,35.91,MN,,Heavy,Y,Y,1,1,0.995839,metadata_logistic_regression
7.52,0.627,23.587,35.91,M,,Normal,N,N,0,0,0.007611,metadata_logistic_regression
35.3,2.942,28.259,35.91,FS,,Normal,Y,N,0,0,0.007783,metadata_logistic_regression
33.58,2.798,13.381,12.569,MN,Normal,Normal,N,Y,0,0,0.000296,metadata_logistic_regression
27.2,2.267,37.648,35.91,M,Thin,Thin,Y,N,1,1,0.99841,metadata_logistic_regression
6.04,0.503,33.112,35.91,M,,Normal,N,N,0,0,0.009524,metadata_logistic_regression
25.87,2.156,13.608,12.569,MN,Normal,Normal,N,Y,0,0,0.000293,metadata_logistic_regression
22.46,1.872,50.349,35.91,MN,,Normal,Y,N,0,0,0.012798,metadata_logistic_regression
24.58,2.048,44.996,35.91,M,,Heavy,N,N,1,1,0.997804,metadata_logistic_regression
22.72,1.893,20.729,35.91,FS,,Normal,Y,N,0,0,0.006341,metadata_logistic_regression
12.02,1.002,29.846,35.91,M,,Thin,Y,N,1,1,0.994252,metadata_logistic_regression
32.95,2.746,55.157,35.91,MN,,Normal,N,N,0,0,0.014174,metadata_logistic_regression
34.18,2.848,8.89,12.569,FS,Normal,Normal,N,N,0,0,0.000454,metadata_logistic_regression
33.65,2.804,51.936,35.91,MN,,Heavy,N,Y,1,1,0.996277,metadata_logistic_regression
33.4,2.783,38.555,35.91,FS,,Heavy,Y,N,1,1,0.997088,metadata_logistic_regression
32.6,2.717,9.163,12.569,FS,Normal,Normal,N,N,0,0,0.000455,metadata_logistic_regression
3.3,0.275,7.62,35.91,MN,,Thin,Y,N,1,1,0.988101,metadata_logistic_regression
30.96,2.58,36.968,35.91,FS,,Heavy,N,N,1,1,0.996859,metadata_logistic_regression
20.86,1.738,42.638,35.91,FS,,Heavy,Y,N,1,1,0.997293,metadata_logistic_regression
30.72,2.56,39.009,35.91,FS,,Heavy,N,N,1,1,0.997007,metadata_logistic_regression
33.55,2.796,12.02,12.569,M,Normal,Normal,N,N,0,0,0.000584,metadata_logistic_regression
30.76,2.563,12.927,12.569,M,Normal,Normal,N,N,0,0,0.000594,metadata_logistic_regression
29.93,2.494,11.294,12.569,FS,Normal,Normal,N,N,0,0,0.000477,metadata_logistic_regression
30.47,2.539,28.849,35.91,M,Thin,Thin,Y,N,1,1,0.998048,metadata_logistic_regression
14.47,1.206,35.652,35.91,FS,,Heavy,Y,N,1,1,0.996758,metadata_logistic_regression
31.72,2.643,41.731,35.91,MN,,Heavy,Y,N,1,1,0.997284,metadata_logistic_regression
2.51,0.209,4.99,35.91,FS,,Thin,Y,N,1,1,0.987356,metadata_logistic_regression
27.2,2.267,12.247,12.569,MN,Normal,Normal,N,N,0,0,0.000484,metadata_logistic_regression
4.73,0.394,18.643,35.91,MN,,Normal,N,N,0,0,0.005614,metadata_logistic_regression
19.44,1.62,10.523,12.569,MN,,Normal,N,N,0,0,0.000457,metadata_logistic_regression
5.74,0.478,18.144,35.91,M,,Thin,Y,Y,1,1,0.986959,metadata_logistic_regression
31.09,2.591,9.934,12.569,FS,Normal,Normal,Y,N,0,0,0.000478,metadata_logistic_regression
24.02,2.002,38.555,35.91,M,,Thin,Y,N,1,1,0.995443,metadata_logistic_regression
2.32,0.193,6.804,35.91,M,,Normal,Y,Y,0,0,0.003066,metadata_logistic_regression
8.3,0.692,29.484,35.91,M,,Thin,N,N,1,1,0.993964,metadata_logistic_regression
7.32,0.61,16.964,35.91,F,,Normal,N,N,0,0,0.006786,metadata_logistic_regression
32.44,2.703,10.07,12.569,FS,Normal,Normal,Y,Y,0,0,0.000282,metadata_logistic_regression
5.21,0.434,16.647,35.91,M,,Normal,N,N,0,0,0.006419,metadata_logistic_regression
35.52,2.96,9.389,12.569,F,Normal,Normal,Y,Y,0,0,0.000349,metadata_logistic_regression
20.14,1.678,22.135,35.91,F,,Normal,N,N,0,0,0.007875,metadata_logistic_regression
24.01,2.001,15.876,12.569,M,Normal,Normal,Y,N,0,0,0.00065,metadata_logistic_regression
26.48,2.207,14.878,12.569,MN,Normal,Normal,Y,N,0,0,0.000532,metadata_logistic_regression
35.82,2.985,47.264,35.91,MN,,Heavy,Y,N,1,1,0.997641,metadata_logistic_regression
25.66,2.138,41.731,35.91,MN,Heavy,Heavy,Y,N,1,1,0.99851,metadata_logistic_regression
15.97,1.331,50.349,35.91,MN,,Normal,N,N,0,0,0.012229,metadata_logistic_regression
21.22,1.768,34.473,35.91,FS,,Heavy,N,N,1,1,0.9966,metadata_logistic_regression
30.29,2.524,40.46,35.91,F,,Normal,Y,Y,0,0,0.007581,metadata_logistic_regression
3.18,0.265,11.793,35.91,M,,Thin,N,N,1,1,0.990698,metadata_logistic_regression
1.7,0.142,3.901,35.91,M,,Normal,Y,Y,0,0,0.002857,metadata_logistic_regression
35.5,2.958,49.895,35.91,M,Thin,Thin,Y,Y,1,1,0.998016,metadata_logistic_regression
33.36,2.78,9.888,12.569,FS,Normal,Normal,Y,Y,0,0,0.000282,metadata_logistic_regression
25.14,2.095,50.802,35.91,F,,Heavy,Y,N,1,1,0.998233,metadata_logistic_regression
3.65,0.304,19.414,35.91,FS,,Normal,Y,Y,0,0,0.003482,metadata_logistic_regression
27.83,2.319,32.795,35.91,FS,Normal,Normal,Y,N,0,0,0.008545,metadata_logistic_regression
4.03,0.336,20.548,35.91,M,,Thin,Y,Y,1,1,0.987641,metadata_logistic_regression
21.76,1.813,39.463,35.91,FS,,Heavy,N,N,1,1,0.996986,metadata_logistic_regression
20.56,1.713,48.308,35.91,MN,,Heavy,N,N,1,1,0.997549,metadata_logistic_regression
34.9,2.908,48.943,35.91,MN,,Heavy,N,N,1,1,0.997654,metadata_logistic_regression
29.84,2.487,52.163,35.91,F,,Heavy,Y,Y,1,1,0.997118,metadata_logistic_regression
29.11,2.426,39.735,35.91,FS,,Heavy,N,N,1,1,0.99705,metadata_logistic_regression
28.2,2.35,13.789,12.569,MN,Normal,Normal,N,Y,0,0,0.000295,metadata_logistic_regression
26.64,2.22,10.115,12.569,FS,Normal,Normal,Y,N,0,0,0.000476,metadata_logistic_regression
26.18,2.182,49.895,35.91,MN,Heavy,Heavy,Y,N,1,1,0.998777,metadata_logistic_regression
24.02,2.002,24.358,35.91,F,,Heavy,Y,N,1,1,0.99666,metadata_logistic_regression
5.64,0.47,27.624,35.91,M,,Normal,Y,Y,0,0,0.005083,metadata_logistic_regression
3.88,0.323,10.07,35.91,M,,Normal,Y,Y,0,0,0.003327,metadata_logistic_regression
33.25,2.771,31.752,35.91,F,Thin,Thin,Y,N,1,1,0.998268,metadata_logistic_regression
35.46,2.955,10.07,12.569,FS,Normal,Normal,Y,Y,0,0,0.000284,metadata_logistic_regression
25.93,2.161,13.245,12.569,M,Normal,Normal,Y,N,0,0,0.000613,metadata_logistic_regression
26.38,2.198,14.424,12.569,M,Normal,Normal,N,N,0,0,0.00061,metadata_logistic_regression
24.54,2.045,33.112,35.91,FS,Normal,Normal,Y,N,0,0,0.008554,metadata_logistic_regression
35.06,2.922,41.232,35.91,MN,Heavy,Heavy,Y,N,1,1,0.99852,metadata_logistic_regression
12.02,1.002,38.555,35.91,F,,Normal,Y,Y,0,0,0.006986,metadata_logistic_regression
5.1,0.425,27.488,35.91,M,,Normal,Y,Y,0,0,0.005061,metadata_logistic_regression
29.74,2.478,11.431,12.569,MN,Normal,Normal,Y,N,0,0,0.000493,metadata_logistic_regression
27.3,2.275,24.721,35.91,MN,,Normal,Y,N,0,0,0.007017,metadata_logistic_regression
26.06,2.172,38.918,35.91,MN,,Heavy,N,N,1,1,0.996963,metadata_logistic_regression
4.09,0.341,13.29,35.91,FS,,Normal,Y,Y,0,0,0.003009,metadata_logistic_regression
24.72,2.06,19.641,35.91,F,,Normal,Y,N,0,0,0.007738,metadata_logistic_regression
5.27,0.439,18.053,35.91,FS,,Normal,N,Y,0,0,0.003272,metadata_logistic_regression
18.0,1.5,42.229,35.91,MN,,Heavy,Y,N,1,1,0.997242,metadata_logistic_regression
31.02,2.585,31.207,35.91,MN,,Normal,N,N,0,0,0.007986,metadata_logistic_regression
25.99,2.166,13.699,12.569,MN,Normal,Normal,Y,Y,0,0,0.000303,metadata_logistic_regression
3.26,0.272,7.756,35.91,M,,Normal,Y,Y,0,0,0.003143,metadata_logistic_regression
27.7,2.308,40.37,35.91,MN,,Heavy,Y,N,1,1,0.997171,metadata_logistic_regression
26.52,2.21,18.643,35.91,FS,Thin,Thin,Y,N,1,1,0.996997,metadata_logistic_regression
17.08,1.423,34.836,35.91,FS,,Heavy,Y,N,1,1,0.996712,metadata_logistic_regression
21.54,1.795,38.555,35.91,FS,,Heavy,Y,Y,1,1,0.994932,metadata_logistic_regression
24.41,2.034,33.339,35.91,F,,Heavy,N,N,1,1,0.997219,metadata_logistic_regression
33.52,2.793,41.186,35.91,M,Thin,Thin,Y,Y,1,1,0.997545,metadata_logistic_regression
17.96,1.497,47.99,35.91,MN,,Heavy,N,N,1,1,0.997517,metadata_logistic_regression
35.56,2.963,12.927,12.569,M,Normal,Normal,Y,Y,0,0,0.000364,metadata_logistic_regression
12.02,1.002,23.95,35.91,M,,Thin,Y,N,1,1,0.993382,metadata_logistic_regression
31.8,2.65,45.813,35.91,MN,,Heavy,Y,N,1,1,0.997538,metadata_logistic_regression
7.66,0.638,32.341,35.91,MN,,Normal,N,N,0,0,0.007834,metadata_logistic_regression
30.02,2.502,9.888,12.569,MN,Normal,Normal,Y,N,0,0,0.000475,metadata_logistic_regression
17.53,1.461,39.1,35.91,M,,Normal,Y,N,0,0,0.011609,metadata_logistic_regression
8.98,0.748,37.648,35.91,FS,,Normal,Y,Y,0,0,0.005446,metadata_logistic_regression
23.42,1.952,37.966,35.91,MN,,Heavy,N,N,1,1,0.996876,metadata_logistic_regression
25.04,2.087,21.772,35.91,F,,Thin,Y,N,1,1,0.993498,metadata_logistic_regression
29.64,2.47,38.555,35.91,M,Thin,Thin,Y,N,1,1,0.998452,metadata_logistic_regression
27.92,2.327,13.789,12.569,M,Normal,Normal,Y,Y,0,0,0.000366,metadata_logistic_regression
24.02,2.002,12.247,12.569,MN,Normal,Normal,N,N,0,0,0.000481,metadata_logistic_regression
35.72,2.977,13.971,12.569,M,Normal,Normal,Y,N,0,0,0.000636,metadata_logistic_regression
25.3,2.108,40.914,35.91,FS,,Heavy,Y,N,1,1,0.997204,metadata_logistic_regression
34.28,2.857,29.302,35.91,FS,,Normal,N,N,0,0,0.007706,metadata_logistic_regression
30.04,2.503,13.608,12.569,MN,Normal,Normal,N,N,0,0,0.000503,metadata_logistic_regression
10.55,0.879,31.116,35.91,FS,,Normal,N,N,0,0,0.007677,metadata_logistic_regression
6.34,0.528,20.412,35.91,M,,Thin,N,N,1,1,0.992474,metadata_logistic_regression
5.23,0.436,14.606,35.91,FS,,Normal,N,N,0,0,0.005119,metadata_logistic_regression
15.79,1.316,31.298,35.91,F,,Thin,Y,N,1,1,0.994726,metadata_logistic_regression
24.02,2.002,39.236,35.91,M,Thin,Thin,Y,N,1,1,0.998459,metadata_logistic_regression
24.08,2.007,32.931,35.91,FS,Normal,Normal,N,N,0,0,0.008235,metadata_logistic_regression
30.53,2.544,14.334,12.569,M,Normal,Normal,Y,N,0,0,0.000635,metadata_logistic_regression
26.76,2.23,28.486,35.91,MN,,Normal,N,Y,0,0,0.00437,metadata_logistic_regression
28.26,2.355,14.152,12.569,MN,,Normal,N,N,0,0,0.000507,metadata_logistic_regression
29.46,2.455,27.17,35.91,FS,,Normal,Y,N,0,0,0.007496,metadata_logistic_regression
4.2,0.35,21.772,35.91,FS,,Normal,N,Y,0,0,0.003569,metadata_logistic_regression
23.82,1.985,31.343,35.91,FS,,Normal,Y,N,0,0,0.008189,metadata_logistic_regression
4.13,0.344,12.156,35.91,MN,,Normal,N,N,0,0,0.004801,metadata_logistic_regression
32.0,2.667,29.937,35.91,FS,Normal,Normal,N,Y,0,0,0.004587,metadata_logistic_regression
25.54,2.128,10.614,12.569,F,Normal,Normal,N,N,0,0,0.000581,metadata_logistic_regression
19.74,1.645,34.518,35.91,FS,,Heavy,N,N,1,1,0.996593,metadata_logistic_regression
30.82,2.568,32.114,35.91,FS,Normal,Normal,N,N,0,0,0.008184,metadata_logistic_regression
32.95,2.746,47.174,35.91,FS,,Heavy,Y,N,1,1,0.99763,metadata_logistic_regression
4.02,0.335,12.701,35.91,F,,Thin,N,N,1,1,0.991301,metadata_logistic_regression
3.64,0.303,10.523,35.91,MN,,Thin,Y,Y,1,1,0.981243,metadata_logistic_regression
3.67,0.306,15.649,35.91,MN,,Heavy,Y,Y,1,1,0.990895,metadata_logistic_regression
28.99,2.416,50.576,35.91,FS,,Heavy,N,Y,1,1,0.996131,metadata_logistic_regression
32.86,2.738,61.462,35.91,MN,,Heavy,Y,N,1,1,0.998312,metadata_logistic_regression
26.39,2.199,55.883,35.91,M,,Heavy,Y,N,1,1,0.99837,metadata_logistic_regression
34.67,2.889,32.659,35.91,MN,,Heavy,N,N,1,1,0.996531,metadata_logistic_regression
35.23,2.936,45.359,35.91,FS,,Heavy,Y,N,1,1,0.997536,metadata_logistic_regression
16.46,1.372,40.823,35.91,FS,,Heavy,Y,N,1,1,0.997148,metadata_logistic_regression
4.54,0.378,17.781,35.91,M,,Normal,N,Y,0,0,0.003877,metadata_logistic_regression
16.36,1.363,34.156,35.91,MN,,Normal,Y,N,0,0,0.0086,metadata_logistic_regression
27.34,2.278,12.882,12.569,MN,Normal,Normal,Y,N,0,0,0.000508,metadata_logistic_regression
28.22,2.352,11.975,12.569,M,Normal,Normal,N,N,0,0,0.000577,metadata_logistic_regression
14.53,1.211,37.013,35.91,M,,Normal,N,N,0,0,0.010628,metadata_logistic_regression
5.86,0.488,16.783,35.91,FS,,Normal,N,Y,0,0,0.003177,metadata_logistic_regression
27.41,2.284,13.88,12.569,MN,Normal,Normal,N,N,0,0,0.000503,metadata_logistic_regression
24.49,2.041,27.669,35.91,MN,,Normal,N,N,0,0,0.007245,metadata_logistic_regression
24.02,2.002,12.202,12.569,M,Normal,Normal,N,N,0,0,0.000576,metadata_logistic_regression
15.54,1.295,20.049,35.91,FS,,Thin,N,N,1,1,0.991102,metadata_logistic_regression
25.6,2.133,11.612,12.569,F,Normal,Normal,N,N,0,0,0.000595,metadata_logistic_regression
29.6,2.467,34.654,35.91,M,,Thin,Y,N,1,1,0.995053,metadata_logistic_regression
25.26,2.105,34.836,35.91,M,Thin,Thin,Y,Y,1,1,0.997094,metadata_logistic_regression
30.62,2.552,36.741,35.91,FS,,Heavy,Y,N,1,1,0.996942,metadata_logistic_regression
24.35,2.029,11.34,12.569,F,Normal,Normal,N,N,0,0,0.00059,metadata_logistic_regression
11.58,0.965,26.807,35.91,FS,,Heavy,N,N,1,1,0.995835,metadata_logistic_regression
13.66,1.138,46.72,35.91,MN,,Heavy,N,N,1,1,0.997418,metadata_logistic_regression
30.79,2.566,9.979,12.569,FS,Normal,Normal,Y,Y,0,0,0.000281,metadata_logistic_regression
11.82,0.985,46.357,35.91,M,,Normal,N,N,0,0,0.0132,metadata_logistic_regression
23.66,1.972,30.028,35.91,FS,,Normal,Y,N,0,0,0.007933,metadata_logistic_regression
25.37,2.114,41.277,35.91,MN,,Normal,N,N,0,0,0.01004,metadata_logistic_regression
28.09,2.341,15.876,12.569,MN,,Normal,N,N,0,0,0.000529,metadata_logistic_regression
32.92,2.743,26.399,35.91,M,,Normal,N,N,0,0,0.008559,metadata_logistic_regression
15.73,1.311,21.591,35.91,MN,,Thin,N,Y,1,1,0.985436,metadata_logistic_regression
26.62,2.218,14.061,12.569,MN,Normal,Normal,N,N,0,0,0.000505,metadata_logistic_regression
30.04,2.503,12.247,12.569,FS,Normal,Normal,N,N,0,0,0.000488,metadata_logistic_regression
26.72,2.227,46.629,35.91,M,,Heavy,Y,N,1,1,0.997965,metadata_logistic_regression
27.47,2.289,35.97,35.91,FS,Heavy,Heavy,Y,N,1,1,0.998301,metadata_logistic_regression
1.99,0.166,7.756,35.91,M,,Normal,Y,N,0,0,0.005329,metadata_logistic_regression
21.31,1.776,49.442,35.91,FS,,Heavy,Y,N,1,1,0.997703,metadata_logistic_regression
34.5,2.875,37.648,35.91,FS,Normal,Normal,Y,N,0,0,0.00972,metadata_logistic_regression
29.89,2.491,40.415,35.91,FS,,Heavy,N,N,1,1,0.997102,metadata_logistic_regression
20.7,1.725,34.201,35.91,FS,,Heavy,N,N,1,1,0.996574,metadata_logistic_regression
30.66,2.555,48.444,35.91,FS,,Heavy,Y,N,1,1,0.997691,metadata_logistic_regression
20.36,1.697,36.469,35.91,FS,,Heavy,Y,N,1,1,0.996858,metadata_logistic_regression
12.24,1.02,26.581,35.91,M,,Thin,N,N,1,1,0.99358,metadata_logistic_regression
2.58,0.215,15.105,35.91,MN,,Heavy,Y,Y,1,1,0.990757,metadata_logistic_regression
28.16,2.347,11.703,12.569,FS,Normal,Normal,N,Y,0,0,0.000282,metadata_logistic_regression
18.65,1.554,37.421,35.91,MN,,Normal,N,N,0,0,0.009037,metadata_logistic_regression
31.61,2.634,36.832,35.91,F,,Heavy,N,N,1,1,0.997479,metadata_logistic_regression
2.77,0.231,8.573,35.91,F,,Normal,Y,N,0,0,0.005687,metadata_logistic_regression
27.4,2.283,43.59,35.91,MN,,Heavy,Y,N,1,1,0.99738,metadata_logistic_regression
16.82,1.402,45.45,35.91,FS,,Heavy,Y,N,1,1,0.997449,metadata_logistic_regression
24.55,2.046,8.845,12.569,FS,Normal,Normal,N,N,0,0,0.000445,metadata_logistic_regression
24.02,2.002,31.888,35.91,M,,Thin,Y,Y,1,1,0.99093,metadata_logistic_regression
31.72,2.643,52.299,35.91,FS,,Heavy,Y,N,1,1,0.997899,metadata_logistic_regression
14.64,1.22,29.484,35.91,FS,,Normal,N,N,0,0,0.007444,metadata_logistic_regression
28.26,2.355,31.298,35.91,F,,Heavy,Y,N,1,1,0.997196,metadata_logistic_regression
16.96,1.413,32.114,35.91,FS,,Normal,N,N,0,0,0.007962,metadata_logistic_regression
21.26,1.772,40.869,35.91,MN,,Heavy,N,N,1,1,0.997074,metadata_logistic_regression
3.96,0.33,14.606,35.91,FS,,Normal,Y,Y,0,0,0.003105,metadata_logistic_regression
33.65,2.804,39.145,35.91,M,Thin,Thin,Y,Y,1,1,0.997423,metadata_logistic_regression
32.99,2.749,35.108,35.91,MN,,Heavy,Y,N,1,1,0.996824,metadata_logistic_regression
27.01,2.251,44.906,35.91,F,,Heavy,N,N,1,1,0.997904,metadata_logistic_regression
20.63,1.719,27.669,35.91,MN,,Heavy,Y,N,1,1,0.99611,metadata_logistic_regression
30.95,2.579,10.614,12.569,MN,Normal,Normal,Y,N,0,0,0.000484,metadata_logistic_regression
18.36,1.53,41.731,35.91,F,,Heavy,Y,N,1,1,0.997773,metadata_logistic_regression
3.05,0.254,8.89,35.91,F,,Thin,N,N,1,1,0.990456,metadata_logistic_regression
26.05,2.171,13.381,12.569,MN,Normal,Normal,Y,N,0,0,0.000513,metadata_logistic_regression
31.08,2.59,15.014,12.569,M,Normal,Normal,Y,N,0,0,0.000646,metadata_logistic_regression
3.53,0.294,12.247,35.91,MN,,Normal,Y,Y,0,0,0.002922,metadata_logistic_regression
15.84,1.32,44.452,35.91,FS,,Heavy,Y,N,1,1,0.997382,metadata_logistic_regression
5.83,0.486,28.395,35.91,MN,,Heavy,N,N,1,1,0.995931,metadata_logistic_regression
34.25,2.854,11.158,12.569,FS,Normal,Normal,N,N,0,0,0.000479,metadata_logistic_regression
3.85,0.321,21.047,35.91,MN,,Normal,Y,Y,0,0,0.003611,metadata_logistic_regression
26.84,2.237,51.71,35.91,M,Thin,Thin,Y,Y,1,1,0.998068,metadata_logistic_regression
32.2,2.683,32.568,35.91,FS,,Heavy,Y,N,1,1,0.996631,metadata_logistic_regression
25.96,2.163,38.918,35.91,FS,,Heavy,N,N,1,1,0.996972,metadata_logistic_regression
31.06,2.588,13.608,12.569,MN,Normal,Normal,Y,N,0,0,0.000521,metadata_logistic_regression
24.01,2.001,12.927,12.569,M,Normal,Normal,N,N,0,0,0.000586,metadata_logistic_regression
30.04,2.503,33.112,35.91,FS,Normal,Normal,Y,Y,0,0,0.005095,metadata_logistic_regression
24.02,2.002,33.294,35.91,FS,Normal,Normal,Y,Y,0,0,0.005056,metadata_logistic_regression
25.54,2.128,11.612,12.569,MN,Normal,Normal,Y,N,0,0,0.000491,metadata_logistic_regression
30.77,2.564,50.349,35.91,MN,Heavy,Heavy,Y,N,1,1,0.998801,metadata_logistic_regression
9.68,0.807,14.787,12.569,MN,,Normal,N,N,0,0,0.000496,metadata_logistic_regression
24.02,2.002,13.608,12.569,MN,Normal,Normal,Y,N,0,0,0.000513,metadata_logistic_regression
31.28,2.607,13.608,12.569,M,Normal,Normal,N,N,0,0,0.000604,metadata_logistic_regression
24.01,2.001,9.525,12.569,FS,Normal,Normal,Y,Y,0,0,0.000274,metadata_logistic_regression
2.39,0.199,8.255,35.91,M,,Normal,N,N,0,0,0.005222,metadata_logistic_regression
28.19,2.349,35.834,35.91,M,Thin,Thin,Y,N,1,1,0.998342,metadata_logistic_regression
33.49,2.791,11.793,12.569,F,Normal,Normal,N,N,0,0,0.000607,metadata_logistic_regression
4.45,0.371,24.449,35.91,MN,,Heavy,N,N,1,1,0.995515,metadata_logistic_regression
28.92,2.41,12.247,12.569,MN,Normal,Normal,N,N,0,0,0.000485,metadata_logistic_regression
19.43,1.619,43.545,35.91,MN,,Heavy,N,N,1,1,0.997246,metadata_logistic_regression
24.67,2.056,10.886,12.569,FS,Normal,Normal,Y,Y,0,0,0.000284,metadata_logistic_regression
28.64,2.387,36.333,35.91,FS,,Normal,Y,N,0,0,0.009312,metadata_logistic_regression
18.34,1.528,43.182,35.91,F,,Heavy,Y,N,1,1,0.99785,metadata_logistic_regression
30.64,2.553,40.279,35.91,MN,,Normal,Y,N,0,0,0.010237,metadata_logistic_regression
30.36,2.53,12.247,12.569,FS,Normal,Normal,Y,N,0,0,0.000505,metadata_logistic_regression
24.02,2.002,15.286,12.569,M,Normal,Normal,Y,N,0,0,0.000641,metadata_logistic_regression
34.48,2.873,49.895,35.91,MN,,Heavy,N,N,1,1,0.997705,metadata_logistic_regression
19.8,1.65,36.287,35.91,FS,,Heavy,Y,N,1,1,0.996841,metadata_logistic_regression
3.07,0.256,8.845,35.91,F,,Normal,Y,Y,0,0,0.00337,metadata_logistic_regression
26.28,2.19,39.463,35.91,M,,Normal,Y,N,0,0,0.011913,metadata_logistic_regression
34.97,2.914,36.378,35.91,FS,,Heavy,Y,N,1,1,0.996942,metadata_logistic_regression
23.26,1.938,48.58,35.91,MN,,Heavy,Y,N,1,1,0.997656,metadata_logistic_regression
8.7,0.725,33.475,35.91,F,,Normal,N,N,0,0,0.010089,metadata_logistic_regression
32.3,2.692,11.204,12.569,MN,Normal,Normal,N,N,0,0,0.000477,metadata_logistic_regression
3.28,0.273,12.882,35.91,M,,Thin,Y,N,1,1,0.99123,metadata_logistic_regression
24.2,2.017,11.521,12.569,M,Normal,Normal,Y,N,0,0,0.000586,metadata_logistic_regression
28.09,2.341,35.925,35.91,FS,Normal,Normal,N,N,0,0,0.008915,metadata_logistic_regression
23.56,1.963,17.237,35.91,F,,Thin,Y,N,1,1,0.992733,metadata_logistic_regression
34.37,2.864,51.936,35.91,MN,,Heavy,N,N,1,1,0.997814,metadata_logistic_regression
24.48,2.04,32.387,35.91,M,Thin,Thin,Y,N,1,1,0.998186,metadata_logistic_regression
27.5,2.292,21.455,35.91,F,Thin,Thin,N,N,1,1,0.997681,metadata_logistic_regression
27.05,2.254,52.118,35.91,MN,Heavy,Heavy,N,N,1,1,0.998804,metadata_logistic_regression
9.78,0.815,8.981,12.569,FS,,Normal,Y,Y,0,0,0.000263,metadata_logistic_regression
32.4,2.7,13.971,12.569,M,Normal,Normal,Y,N,0,0,0.001061,metadata_random_forest
32.93,2.744,39.236,35.91,MN,,Heavy,N,N,1,1,0.99425,metadata_random_forest
24.37,2.031,38.283,35.91,M,Thin,Thin,Y,Y,1,1,0.998051,metadata_random_forest
30.23,2.519,12.066,12.569,F,,Normal,Y,Y,0,0,0.00052,metadata_random_forest
25.18,2.098,37.013,35.91,MN,,Normal,N,N,0,0,0.029032,metadata_random_forest
25.03,2.086,32.659,35.91,FS,Normal,Normal,Y,N,0,0,0.033052,metadata_random_forest
18.92,1.577,26.671,35.91,MN,,Thin,N,N,1,1,0.971275,metadata_random_forest
31.28,2.607,28.939,35.91,FS,Normal,Normal,N,N,0,0,0.034059,metadata_random_forest
18.95,1.579,30.844,35.91,F,,Heavy,Y,N,1,1,0.989742,metadata_random_forest
26.62,2.218,51.211,35.91,M,Thin,Thin,Y,N,1,1,0.996482,metadata_random_forest
24.02,2.002,10.206,12.569,MN,Normal,Normal,Y,N,0,0,0.000434,metadata_random_forest
15.4,1.283,32.659,35.91,MN,,Heavy,Y,N,1,1,0.983697,metadata_random_forest
24.88,2.073,11.022,12.569,FS,Normal,Normal,Y,N,0,0,0.000171,metadata_random_forest
24.01,2.001,21.319,35.91,M,Thin,Thin,Y,N,1,1,1.0,metadata_random_forest
27.9,2.325,54.431,35.91,MN,,Heavy,Y,Y,1,1,0.992979,metadata_random_forest
28.24,2.353,36.287,35.91,MN,,Normal,Y,N,0,0,0.028026,metadata_random_forest
4.01,0.334,20.729,35.91,MN,,Normal,Y,Y,0,0,0.007751,metadata_random_forest
30.23,2.519,25.31,35.91,MN,,Normal,Y,N,0,0,0.047146,metadata_random_forest
4.62,0.385,14.787,35.91,FS,,Thin,Y,N,1,1,0.930843,metadata_random_forest
25.69,2.141,59.965,35.91,MN,,Heavy,N,N,1,1,0.997918,metadata_random_forest
31.8,2.65,43.409,35.91,MN,,Heavy,N,N,1,1,0.996901,metadata_random_forest
32.56,2.713,33.793,35.91,FS,Normal,Normal,N,N,0,0,0.032034,metadata_random_forest
29.54,2.462,10.659,12.569,FS,Normal,Normal,Y,Y,0,0,0.000448,metadata_random_forest
2.92,0.243,9.662,35.91,MN,,Normal,Y,Y,0,0,0.021495,metadata_random_forest
25.86,2.155,25.401,35.91,FS,,Heavy,N,N,1,1,0.977165,metadata_random_forest
19.55,1.629,46.266,35.91,FS,,Heavy,Y,N,1,1,0.995882,metadata_random_forest
27.66,2.305,26.762,35.91,MN,,Thin,N,N,1,1,0.958647,metadata_random_forest
25.46,2.122,13.744,12.569,MN,Normal,Normal,Y,Y,0,0,0.00052,metadata_random_forest
25.82,2.152,50.848,35.91,M,Thin,Thin,N,N,1,1,0.995696,metadata_random_forest
31.85,2.654,47.083,35.91,M,Thin,Thin,Y,N,1,1,0.996482,metadata_random_forest
15.4,1.283,45.949,35.91,MN,,Heavy,N,N,1,1,0.997303,metadata_random_forest
31.8,2.65,51.256,35.91,MN,,Heavy,N,N,1,1,0.996901,metadata_random_forest
24.01,2.001,12.066,12.569,F,Normal,Normal,N,N,0,0,0.001508,metadata_random_forest
15.26,1.272,39.054,35.91,FS,,Heavy,N,N,1,1,0.992458,metadata_random_forest
9.68,0.807,38.011,35.91,M,,Normal,Y,N,0,0,0.043968,metadata_random_forest
30.02,2.502,54.567,35.91,MN,,Heavy,Y,N,1,1,0.997918,metadata_random_forest
11.04,0.92,27.76,35.91,F,,Normal,N,N,0,0,0.047135,metadata_random_forest
33.65,2.804,10.342,12.569,MN,Normal,Normal,Y,N,0,0,0.000594,metadata_random_forest
3.29,0.274,5.352,35.91,M,,Normal,N,N,0,0,0.059125,metadata_random_forest
29.68,2.473,34.609,35.91,FS,,Heavy,Y,N,1,1,0.98848,metadata_random_forest
27.04,2.253,39.689,35.91,M,Thin,Thin,Y,N,1,1,0.995245,metadata_random_forest
16.73,1.394,27.669,35.91,FS,,Heavy,Y,N,1,1,0.976896,metadata_random_forest
30.02,2.502,32.205,35.91,MN,,Heavy,N,Y,1,1,0.981011,metadata_random_forest
34.67,2.889,30.527,35.91,FS,,Heavy,N,N,1,1,0.981822,metadata_random_forest
3.4,0.283,11.158,35.91,F,,Normal,Y,Y,0,0,0.018585,metadata_random_forest
26.28,2.19,44.679,35.91,MN,,Heavy,Y,N,1,1,0.996901,metadata_random_forest
28.81,2.401,58.06,35.91,MN,,Heavy,Y,N,1,1,0.997918,metadata_random_forest
24.8,2.067,12.519,12.569,MN,Normal,Normal,Y,N,0,0,0.000171,metadata_random_forest
17.39,1.449,29.665,35.91,MN,,Normal,Y,Y,0,0,0.01447,metadata_random_forest
28.49,2.374,34.019,35.91,M,Thin,Thin,N,N,1,1,0.997194,metadata_random_forest
29.47,2.456,35.879,35.91,FS,,Heavy,Y,N,1,1,0.98848,metadata_random_forest
24.02,2.002,9.662,12.569,MN,Normal,Normal,Y,N,0,0,0.000434,metadata_random_forest
24.02,2.002,11.884,12.569,MN,Normal,Normal,Y,N,0,0,0.000434,metadata_random_forest
2.03,0.169,3.266,12.569,FS,,Normal,Y,Y,0,0,0.008566,metadata_random_forest
31.4,2.617,23.768,35.91,FS,,Heavy,N,N,1,1,0.977165,metadata_random_forest
19.94,1.662,42.411,35.91,M,,Heavy,Y,N,1,1,0.993965,metadata_random_forest
13.39,1.116,8.165,12.569,MN,,Normal,N,N,0,0,0.008708,metadata_random_forest
4.33,0.361,13.88,35.91,FS,,Thin,N,N,1,1,0.933991,metadata_random_forest
28.09,2.341,9.888,12.569,MN,Normal,Normal,Y,N,0,0,0.000171,metadata_random_forest
34.36,2.863,28.395,35.91,MN,,Normal,Y,N,0,0,0.0445,metadata_random_forest
4.19,0.349,19.278,35.91,M,,Thin,Y,Y,1,1,0.904066,metadata_random_forest
16.2,1.35,35.29,35.91,FS,,Heavy,N,N,1,1,0.991265,metadata_random_forest
24.01,2.001,36.197,35.91,F,,Heavy,Y,N,1,1,0.99493,metadata_random_forest
32.65,2.721,41.277,35.91,FS,,Heavy,Y,N,1,1,0.995009,metadata_random_forest
33.74,2.812,14.832,12.569,MN,Normal,Normal,Y,N,0,0,0.000594,metadata_random_forest
20.21,1.684,48.534,35.91,MN,,Heavy,N,N,1,1,0.997303,metadata_random_forest
2.74,0.228,7.031,35.91,F,,Normal,Y,Y,0,0,0.018399,metadata_random_forest
29.6,2.467,36.877,35.91,M,Thin,Thin,N,N,1,1,0.997194,metadata_random_forest
24.12,2.01,37.467,35.91,M,Thin,Thin,Y,N,1,1,0.995245,metadata_random_forest
24.8,2.067,11.431,12.569,MN,Normal,Normal,Y,N,0,0,0.000171,metadata_random_forest
28.72,2.393,28.123,35.91,FS,,Normal,Y,N,0,0,0.041265,metadata_random_forest
6.6,0.55,13.245,35.91,FS,,Normal,Y,Y,0,0,0.007938,metadata_random_forest
31.58,2.632,31.389,35.91,FS,,Normal,N,N,0,0,0.030383,metadata_random_forest
26.39,2.199,11.884,12.569,M,Normal,Normal,N,Y,0,0,0.000692,metadata_random_forest
2.69,0.224,2.631,35.91,M,,Thin,Y,N,1,1,0.959235,metadata_random_forest
25.86,2.155,43.363,35.91,MN,,Heavy,N,N,1,1,0.996901,metadata_random_forest
24.55,2.046,46.629,35.91,M,,Normal,Y,N,0,0,0.053001,metadata_random_forest
30.76,2.563,41.776,35.91,M,,Heavy,Y,Y,1,1,0.986721,metadata_random_forest
29.15,2.429,14.288,12.569,M,Normal,Normal,Y,N,0,0,0.000639,metadata_random_forest
3.12,0.26,8.618,35.91,M,,Normal,Y,N,0,0,0.033887,metadata_random_forest
29.71,2.476,11.34,12.569,F,Normal,Normal,N,N,0,0,0.00022,metadata_random_forest
26.02,2.168,43.545,35.91,M,Thin,Thin,Y,N,1,1,0.996482,metadata_random_forest
30.85,2.571,37.92,35.91,M,Thin,Thin,Y,N,1,1,0.995245,metadata_random_forest
18.79,1.566,37.421,35.91,MN,,Normal,N,N,0,0,0.02963,metadata_random_forest
35.16,2.93,10.523,12.569,FS,Normal,Normal,N,N,0,0,0.000642,metadata_random_forest
24.72,2.06,33.294,35.91,M,,Normal,Y,N,0,0,0.037021,metadata_random_forest
11.6,0.967,43.545,35.91,MN,,Normal,Y,Y,0,0,0.039829,metadata_random_forest
3.38,0.282,14.152,35.91,M,,Normal,N,Y,0,0,0.018403,metadata_random_forest
27.07,2.256,40.823,35.91,M,Thin,Thin,N,N,1,1,0.995696,metadata_random_forest
34.25,2.854,41.504,35.91,F,,Heavy,Y,N,1,1,0.998219,metadata_random_forest
16.85,1.404,43.817,35.91,MN,,Heavy,Y,N,1,1,0.997303,metadata_random_forest
24.28,2.023,37.421,35.91,FS,,Heavy,N,N,1,1,0.989119,metadata_random_forest
33.22,2.768,29.03,35.91,FS,,Heavy,N,N,1,1,0.977165,metadata_random_forest
30.82,2.568,37.648,35.91,M,Thin,Thin,Y,N,1,1,0.995245,metadata_random_forest
19.02,1.585,24.539,35.91,MN,,Thin,N,N,1,1,0.971275,metadata_random_forest
28.99,2.416,11.521,12.569,MN,Normal,Normal,N,N,0,0,0.00022,metadata_random_forest
13.76,1.147,34.7,35.91,MN,,Heavy,N,N,1,1,0.997489,metadata_random_forest
18.77,1.564,22.68,35.91,MN,,Heavy,N,N,1,1,0.971019,metadata_random_forest
11.82,0.985,40.823,35.91,FS,,Heavy,N,N,1,1,0.990574,metadata_random_forest
33.06,2.755,26.036,35.91,M,,Normal,N,N,0,0,0.041823,metadata_random_forest
34.82,2.902,37.784,35.91,MN,,Normal,Y,N,0,0,0.040802,metadata_random_forest
24.01,2.001,9.662,12.569,FS,Normal,Normal,Y,Y,0,0,0.000277,metadata_random_forest
24.05,2.004,12.111,12.569,MN,Normal,Normal,N,N,0,0,0.001508,metadata_random_forest
35.59,2.966,48.217,35.91,FS,,Heavy,N,N,1,1,0.995009,metadata_random_forest
29.57,2.464,31.479,35.91,MN,,Heavy,N,N,1,1,0.980908,metadata_random_forest
0.92,0.077,2.631,35.91,F,,Normal,Y,N,0,0,0.06866,metadata_random_forest
7.27,0.606,10.16,12.569,FS,,Normal,N,N,0,0,0.006718,metadata_random_forest
5.26,0.438,18.96,35.91,MN,,Normal,N,N,0,0,0.034011,metadata_random_forest
35.42,2.952,34.019,35.91,FS,Heavy,Heavy,N,N,1,1,0.993304,metadata_random_forest
15.37,1.281,47.899,35.91,FS,,Heavy,N,N,1,1,0.995108,metadata_random_forest
27.49,2.291,45.269,35.91,M,,Heavy,Y,N,1,1,0.992215,metadata_random_forest
26.69,2.224,9.979,12.569,FS,Normal,Normal,Y,Y,0,0,0.000448,metadata_random_forest
24.65,2.054,39.463,35.91,M,Thin,Thin,Y,N,1,1,0.995245,metadata_random_forest
4.1,0.342,14.424,35.91,FS,,Normal,N,Y,0,0,0.010919,metadata_random_forest
21.05,1.754,42.638,35.91,MN,,Heavy,Y,N,1,1,0.998219,metadata_random_forest
1.87,0.156,2.676,35.91,FS,,Normal,N,N,0,0,0.055335,metadata_random_forest
31.51,2.626,35.471,35.91,M,Thin,Thin,Y,Y,1,1,1.0,metadata_random_forest
24.02,2.002,11.34,12.569,F,Normal,Normal,N,N,0,0,0.001508,metadata_random_forest
24.02,2.002,9.072,12.569,FS,Normal,Normal,N,N,0,0,0.001508,metadata_random_forest
12.68,1.057,42.638,35.91,M,,Normal,N,N,0,0,0.040347,metadata_random_forest
32.2,2.683,27.805,35.91,MN,,Heavy,Y,N,1,1,0.977721,metadata_random_forest
24.02,2.002,13.608,12.569,MN,Normal,Normal,Y,Y,0,0,0.000783,metadata_random_forest
31.44,2.62,42.229,35.91,MN,,Heavy,N,N,1,1,0.996901,metadata_random_forest
34.86,2.905,47.627,35.91,MN,,Heavy,Y,Y,1,1,0.986721,metadata_random_forest
31.78,2.648,36.832,35.91,F,,Heavy,Y,N,1,1,0.99493,metadata_random_forest
24.02,2.002,10.932,12.569,FS,Normal,Normal,Y,N,0,0,0.000434,metadata_random_forest
4.79,0.399,16.828,35.91,FS,,Normal,N,Y,0,0,0.006443,metadata_random_forest
10.04,0.837,13.971,12.569,M,,Normal,Y,N,0,0,0.005319,metadata_random_forest
24.31,2.026,9.707,12.569,MN,Normal,Normal,Y,Y,0,0,0.000783,metadata_random_forest
21.28,1.773,35.562,35.91,MN,,Normal,N,N,0,0,0.018871,metadata_random_forest
20.92,1.743,37.512,35.91,FS,,Heavy,N,N,1,1,0.993374,metadata_random_forest
35.46,2.955,11.158,12.569,F,Normal,Normal,N,N,0,0,0.000642,metadata_random_forest
4.09,0.341,13.154,35.91,MN,,Normal,Y,Y,0,0,0.013726,metadata_random_forest
2.21,0.184,5.216,35.91,F,,Normal,Y,N,0,0,0.061281,metadata_random_forest
26.78,2.232,30.028,35.91,FS,,Normal,N,N,0,0,0.03163,metadata_random_forest
31.4,2.617,10.886,12.569,F,Normal,Normal,N,Y,0,0,0.000568,metadata_random_forest
2.58,0.215,3.402,35.91,FS,,Thin,Y,N,1,1,0.952208,metadata_random_forest
33.89,2.824,37.875,35.91,FS,,Normal,N,N,0,0,0.041484,metadata_random_forest
5.82,0.485,21.41,35.91,M,,Normal,N,N,0,0,0.035301,metadata_random_forest
3.44,0.287,14.923,35.91,M,,Thin,Y,N,1,1,0.928372,metadata_random_forest
35.21,2.934,11.068,12.569,F,Normal,Normal,N,N,0,0,0.000642,metadata_random_forest
17.96,1.497,40.959,35.91,FS,,Heavy,N,N,1,1,0.995108,metadata_random_forest
9.5,0.792,30.119,35.91,F,,Normal,N,N,0,0,0.03554,metadata_random_forest
18.04,1.503,31.615,35.91,M,,Heavy,N,N,1,1,0.988893,metadata_random_forest
24.02,2.002,28.576,35.91,M,Thin,Thin,Y,N,1,1,1.0,metadata_random_forest
33.1,2.758,30.754,35.91,FS,Normal,Normal,Y,Y,0,0,0.018767,metadata_random_forest
24.01,2.001,23.043,35.91,F,Thin,Thin,N,N,1,1,0.993392,metadata_random_forest
15.66,1.305,60.781,35.91,MN,,Normal,Y,Y,0,0,0.035883,metadata_random_forest
26.22,2.185,9.798,12.569,FS,Normal,Normal,Y,Y,0,0,0.000448,metadata_random_forest
26.81,2.234,41.05,35.91,MN,,Heavy,Y,N,1,1,0.996901,metadata_random_forest
27.05,2.254,13.154,12.569,MN,Normal,Normal,Y,Y,0,0,0.00052,metadata_random_forest
8.2,0.683,27.079,35.91,MN,,Normal,N,N,0,0,0.033576,metadata_random_forest
12.08,1.007,37.195,35.91,F,,Normal,Y,Y,0,0,0.02211,metadata_random_forest
12.04,1.003,25.809,35.91,MN,,Normal,N,N,0,0,0.03612,metadata_random_forest
33.95,2.829,14.606,12.569,MN,Normal,Normal,Y,N,0,0,0.000594,metadata_random_forest
17.4,1.45,26.943,35.91,FS,,Thin,Y,N,1,1,0.945033,metadata_random_forest
28.43,2.369,12.746,12.569,MN,Normal,Normal,N,N,0,0,0.00022,metadata_random_forest
31.85,2.654,52.209,35.91,F,,Heavy,N,N,1,1,0.998219,metadata_random_forest
12.28,1.023,25.855,35.91,FS,,Heavy,N,N,1,1,0.966871,metadata_random_forest
27.08,2.257,46.72,35.91,FS,Heavy,Heavy,N,N,1,1,0.99665,metadata_random_forest
24.64,2.053,11.884,12.569,F,Normal,Normal,Y,N,0,0,0.000434,metadata_random_forest
12.98,1.082,32.659,35.91,FS,,Heavy,N,N,1,1,0.990106,metadata_random_forest
35.35,2.946,34.019,35.91,FS,Heavy,Heavy,N,N,1,1,0.993304,metadata_random_forest
10.04,0.837,14.515,35.91,F,,Thin,N,N,1,1,0.967451,metadata_random_forest
2.94,0.245,6.26,35.91,M,,Normal,Y,N,0,0,0.061918,metadata_random_forest
25.27,2.106,43.5,35.91,M,,Normal,Y,N,0,0,0.053206,metadata_random_forest
32.33,2.694,42.638,35.91,MN,,Heavy,Y,N,1,1,0.996901,metadata_random_forest
24.2,2.017,23.043,35.91,F,Thin,Thin,Y,N,1,1,0.990586,metadata_random_forest
24.02,2.002,41.096,35.91,M,Thin,Thin,N,N,1,1,0.998501,metadata_random_forest
22.8,1.9,38.964,35.91,FS,,Heavy,Y,N,1,1,0.994149,metadata_random_forest
24.31,2.026,45.45,35.91,MN,,Heavy,N,N,1,1,0.996901,metadata_random_forest
27.6,2.3,28.259,35.91,FS,,Heavy,N,N,1,1,0.977165,metadata_random_forest
30.19,2.516,34.156,35.91,MN,,Normal,Y,N,0,0,0.028026,metadata_random_forest
18.04,1.503,22.317,35.91,F,,Thin,Y,N,1,1,0.953536,metadata_random_forest
27.35,2.279,36.469,35.91,MN,,Normal,Y,N,0,0,0.029273,metadata_random_forest
31.15,2.596,10.433,12.569,FS,Normal,Normal,N,N,0,0,0.00022,metadata_random_forest
15.05,1.254,24.948,35.91,F,,Thin,Y,N,1,1,0.95006,metadata_random_forest
24.35,2.029,31.525,35.91,FS,,Heavy,Y,N,1,1,0.983292,metadata_random_forest
31.81,2.651,12.066,12.569,M,Normal,Normal,Y,N,0,0,0.000639,metadata_random_forest
29.22,2.435,30.844,35.91,M,Thin,Thin,Y,N,1,1,0.997194,metadata_random_forest
25.16,2.097,14.243,12.569,MN,Normal,Normal,N,N,0,0,0.00022,metadata_random_forest
28.33,2.361,34.927,35.91,M,Thin,Thin,N,N,1,1,0.997194,metadata_random_forest
27.11,2.259,39.236,35.91,M,Thin,Thin,N,N,1,1,0.994459,metadata_random_forest
24.01,2.001,13.381,12.569,M,Normal,Normal,Y,N,0,0,0.000209,metadata_random_forest
14.11,1.176,37.512,35.91,FS,,Heavy,Y,N,1,1,0.993232,metadata_random_forest
33.18,2.765,46.04,35.91,MN,,Heavy,Y,N,1,1,0.996901,metadata_random_forest
24.02,2.002,10.433,12.569,MN,Normal,Normal,Y,N,0,0,0.000434,metadata_random_forest
27.2,2.267,31.026,35.91,M,Thin,Thin,Y,Y,1,1,1.0,metadata_random_forest
31.25,2.604,11.381,12.569,FS,Normal,Normal,N,N,0,0,0.00022,metadata_random_forest
21.1,1.758,43.273,35.91,M,,Heavy,N,N,1,1,0.994882,metadata_random_forest
6.04,0.503,20.23,35.91,F,,Thin,Y,N,1,1,0.922311,metadata_random_forest
31.78,2.648,9.072,12.569,FS,Normal,Normal,Y,N,0,0,0.000171,metadata_random_forest
3.24,0.27,10.251,35.91,MN,,Thin,Y,N,1,1,0.929917,metadata_random_forest
27.7,2.308,11.839,12.569,M,Normal,Normal,N,N,0,0,0.000343,metadata_random_forest
6.72,0.56,22.952,35.91,MN,,Thin,Y,Y,1,1,0.93088,metadata_random_forest
9.76,0.813,50.802,35.91,MN,,Heavy,Y,N,1,1,0.990041,metadata_random_forest
3.37,0.281,13.063,35.91,FS,,Normal,N,Y,0,0,0.014788,metadata_random_forest
2.92,0.243,5.942,35.91,M,,Thin,N,N,1,1,0.961557,metadata_random_forest
35.2,2.933,23.95,35.91,F,Thin,Thin,N,N,1,1,0.990586,metadata_random_forest
24.35,2.029,11.249,12.569,FS,Normal,Normal,N,N,0,0,0.001508,metadata_random_forest
7.13,0.594,35.29,35.91,M,,Heavy,Y,N,1,1,0.958377,metadata_random_forest
27.08,2.257,39.19,35.91,M,Thin,Thin,Y,N,1,1,0.995245,metadata_random_forest
9.72,0.81,23.269,35.91,F,,Heavy,N,N,1,1,0.971956,metadata_random_forest
32.4,2.7,34.473,35.91,F,,Heavy,Y,N,1,1,0.99493,metadata_random_forest
33.53,2.794,10.569,12.569,F,Normal,Normal,N,Y,0,0,0.000568,metadata_random_forest
27.58,2.298,47.174,35.91,MN,,Heavy,Y,N,1,1,0.996901,metadata_random_forest
20.93,1.744,52.617,35.91,MN,,Heavy,Y,N,1,1,0.999237,metadata_random_forest
26.9,2.242,44.497,35.91,FS,,Heavy,Y,N,1,1,0.995009,metadata_random_forest
33.02,2.752,35.153,35.91,FS,,Heavy,N,N,1,1,0.98701,metadata_random_forest
24.74,2.062,9.707,12.569,FS,Normal,Normal,Y,N,0,0,0.000171,metadata_random_forest
31.36,2.613,10.433,12.569,MN,Normal,Normal,N,N,0,0,0.00022,metadata_random_forest
24.97,2.081,11.975,12.569,MN,Normal,Normal,N,N,0,0,0.00022,metadata_random_forest
2.66,0.222,12.61,35.91,M,,Normal,Y,Y,0,0,0.018869,metadata_random_forest
30.53,2.544,42.91,35.91,FS,,Heavy,Y,N,1,1,0.995009,metadata_random_forest
29.87,2.489,20.049,35.91,FS,Thin,Thin,Y,N,1,1,0.984128,metadata_random_forest
20.57,1.714,58.332,35.91,MN,,Heavy,N,N,1,1,0.99832,metadata_random_forest
7.27,0.606,29.484,35.91,M,,Normal,N,Y,0,0,0.012723,metadata_random_forest
33.38,2.782,33.793,35.91,M,Thin,Thin,Y,N,1,1,0.997194,metadata_random_forest
16.39,1.366,38.691,35.91,FS,,Normal,Y,Y,0,0,0.049768,metadata_random_forest
22.32,1.86,26.943,35.91,FS,,Normal,N,N,0,0,0.045019,metadata_random_forest
35.88,2.99,27.941,35.91,F,Thin,Thin,Y,N,1,1,0.990586,metadata_random_forest
35.75,2.979,10.886,12.569,FS,Normal,Normal,Y,N,0,0,0.000594,metadata_random_forest
2.52,0.21,7.62,35.91,M,,Normal,Y,N,0,0,0.050339,metadata_random_forest
20.66,1.722,26.989,35.91,MN,,Thin,Y,N,1,1,0.9705,metadata_random_forest
5.58,0.465,20.502,35.91,MN,,Normal,Y,N,0,0,0.027364,metadata_random_forest
14.69,1.224,27.76,35.91,F,,Thin,N,N,1,1,0.950835,metadata_random_forest
27.11,2.259,14.016,12.569,MN,Normal,Normal,N,Y,0,0,0.000568,metadata_random_forest
30.04,2.503,25.968,35.91,F,Thin,Thin,Y,N,1,1,0.990586,metadata_random_forest
22.44,1.87,43.091,35.91,FS,,Heavy,Y,N,1,1,0.996799,metadata_random_forest
30.98,2.582,13.336,12.569,MN,Normal,Normal,Y,N,0,0,0.000171,metadata_random_forest
25.46,2.122,38.102,35.91,M,Thin,Thin,Y,N,1,1,0.995245,metadata_random_forest
31.61,2.634,31.298,35.91,FS,Normal,Normal,Y,N,0,0,0.031805,metadata_random_forest
32.3,2.692,30.663,35.91,FS,Normal,Normal,Y,N,0,0,0.032227,metadata_random_forest
17.5,1.458,31.933,35.91,MN,,Normal,Y,N,0,0,0.024979,metadata_random_forest
22.61,1.884,18.189,12.569,M,,Normal,Y,N,0,0,0.029823,metadata_random_forest
18.41,1.534,32.16,35.91,MN,,Normal,Y,N,0,0,0.024979,metadata_random_forest
1.96,0.163,5.897,35.91,MN,,Normal,Y,Y,0,0,0.018527,metadata_random_forest
20.14,1.678,43.454,35.91,F,,Heavy,Y,Y,1,1,0.988929,metadata_random_forest
5.12,0.427,23.587,35.91,MN,,Normal,Y,N,0,0,0.030457,metadata_random_forest
21.84,1.82,26.762,35.91,FS,,Normal,Y,N,0,0,0.042688,metadata_random_forest
30.04,2.503,25.764,35.91,M,Thin,Thin,Y,Y,1,1,1.0,metadata_random_forest
24.12,2.01,11.975,12.569,MN,Normal,Normal,N,N,0,0,0.001508,metadata_random_forest
9.7,0.808,28.304,35.91,F,,Normal,N,Y,0,0,0.018367,metadata_random_forest
28.13,2.344,10.024,12.569,FS,Normal,Normal,N,N,0,0,0.00022,metadata_random_forest
28.19,2.349,41.731,35.91,MN,,Heavy,Y,N,1,1,0.996901,metadata_random_forest
11.56,0.963,30.391,35.91,FS,,Normal,N,N,0,0,0.038686,metadata_random_forest
34.97,2.914,8.618,12.569,FS,Normal,Normal,Y,N,0,0,0.000594,metadata_random_forest
10.8,0.9,33.022,35.91,MN,,Normal,N,N,0,0,0.023568,metadata_random_forest
2.39,0.199,7.983,35.91,MN,,Normal,Y,N,0,0,0.050368,metadata_random_forest
25.54,2.128,32.568,35.91,FS,,Normal,N,N,0,0,0.03163,metadata_random_forest
24.02,2.002,11.204,12.569,MN,Normal,Normal,Y,N,0,0,0.000434,metadata_random_forest
2.76,0.23,7.666,35.91,FS,,Normal,N,N,0,0,0.045592,metadata_random_forest
32.02,2.668,33.112,35.91,F,,Normal,Y,N,0,0,0.031767,metadata_random_forest
31.58,2.632,10.614,12.569,F,Normal,Normal,N,N,0,0,0.00022,metadata_random_forest
31.21,2.601,23.405,35.91,FS,,Heavy,Y,N,1,1,0.978635,metadata_random_forest
27.0,2.25,38.329,35.91,M,Thin,Thin,Y,Y,1,1,0.998051,metadata_random_forest
16.97,1.414,39.281,35.91,FS,,Normal,Y,N,0,0,0.042008,metadata_random_forest
19.57,1.631,9.934,12.569,F,,Normal,N,Y,0,0,0.002033,metadata_random_forest
3.28,0.273,17.01,35.91,FS,,Heavy,Y,Y,1,1,0.918848,metadata_random_forest
32.86,2.738,48.671,35.91,M,,Heavy,N,N,1,1,0.992215,metadata_random_forest
32.83,2.736,36.287,35.91,MN,,Heavy,N,N,1,1,0.992141,metadata_random_forest
30.37,2.531,46.448,35.91,MN,,Heavy,N,N,1,1,0.996901,metadata_random_forest
30.72,2.56,36.287,35.91,FS,Normal,Normal,Y,N,0,0,0.028659,metadata_random_forest
34.18,2.848,11.34,12.569,F,Normal,Normal,N,N,0,0,0.000642,metadata_random_forest
32.28,2.69,36.287,35.91,M,Thin,Thin,Y,Y,1,1,1.0,metadata_random_forest
2.98,0.248,3.266,35.91,M,,Normal,Y,N,0,0,0.061918,metadata_random_forest
26.32,2.193,10.07,12.569,F,Normal,Normal,Y,N,0,0,0.000171,metadata_random_forest
32.0,2.667,31.752,35.91,FS,,Heavy,N,N,1,1,0.981822,metadata_random_forest
13.1,1.092,11.022,12.569,MN,,Normal,N,N,0,0,0.008053,metadata_random_forest
23.84,1.987,39.372,35.91,FS,,Heavy,Y,N,1,1,0.990939,metadata_random_forest
32.42,2.702,39.916,35.91,M,,Heavy,Y,N,1,1,0.992215,metadata_random_forest
6.19,0.516,25.31,35.91,F,,Heavy,Y,N,1,1,0.953771,metadata_random_forest
25.75,2.146,42.774,35.91,M,Thin,Thin,N,N,1,1,0.995696,metadata_random_forest
26.33,2.194,43.273,35.91,M,Thin,Thin,N,Y,1,1,0.998501,metadata_random_forest
14.78,1.232,13.245,12.569,FS,,Normal,N,N,0,0,0.006968,metadata_random_forest
26.42,2.202,24.721,35.91,F,Thin,Thin,Y,N,1,1,0.990586,metadata_random_forest
27.04,2.253,10.342,12.569,FS,Normal,Normal,Y,Y,0,0,0.000448,metadata_random_forest
12.64,1.053,23.36,35.91,FS,,Thin,N,N,1,1,0.940849,metadata_random_forest
35.65,2.971,40.324,35.91,FS,,Heavy,Y,N,1,1,0.995009,metadata_random_forest
5.74,0.478,27.533,35.91,FS,,Thin,N,N,1,1,0.928978,metadata_random_forest
24.88,2.073,10.342,12.569,FS,Normal,Normal,N,N,0,0,0.00022,metadata_random_forest
4.32,0.36,21.727,35.91,M,,Normal,Y,N,0,0,0.028532,metadata_random_forest
28.75,2.396,9.525,12.569,MN,Normal,Normal,Y,N,0,0,0.000171,metadata_random_forest
32.7,2.725,33.747,35.91,FS,,Normal,Y,Y,0,0,0.027362,metadata_random_forest
27.26,2.272,47.446,35.91,MN,,Normal,Y,N,0,0,0.036887,metadata_random_forest
25.27,2.106,25.764,35.91,M,Thin,Thin,N,N,1,1,0.997194,metadata_random_forest
14.64,1.22,58.876,35.91,MN,,Heavy,Y,N,1,1,0.99832,metadata_random_forest
18.26,1.522,20.003,35.91,FS,,Thin,N,N,1,1,0.946625,metadata_random_forest
10.9,0.908,31.071,35.91,F,,Heavy,Y,N,1,1,0.978216,metadata_random_forest
16.33,1.361,34.019,35.91,F,,Normal,N,N,0,0,0.029241,metadata_random_forest
24.02,2.002,12.701,12.569,M,Normal,Normal,N,Y,0,0,0.001285,metadata_random_forest
35.92,2.993,11.158,12.569,M,Normal,Normal,Y,N,0,0,0.001061,metadata_random_forest
24.05,2.004,9.979,12.569,F,Normal,Normal,N,N,0,0,0.001508,metadata_random_forest
24.02,2.002,9.843,12.569,MN,Normal,Normal,N,N,0,0,0.001508,metadata_random_forest
30.04,2.503,25.401,35.91,MN,Thin,Thin,N,N,1,1,0.992577,metadata_random_forest
28.06,2.338,48.081,35.91,MN,,Heavy,Y,N,1,1,0.996901,metadata_random_forest
4.74,0.395,16.556,35.91,MN,,Normal,N,N,0,0,0.033082,metadata_random_forest
23.98,1.998,35.38,35.91,MN,,Normal,N,N,0,0,0.024483,metadata_random_forest
33.84,2.82,41.141,35.91,FS,,Heavy,Y,N,1,1,0.995009,metadata_random_forest
18.59,1.549,41.776,35.91,M,,Heavy,N,N,1,1,0.993965,metadata_random_forest
27.31,2.276,12.61,12.569,MN,Normal,Normal,Y,Y,0,0,0.00052,metadata_random_forest
4.6,0.383,7.439,12.569,M,,Normal,N,N,0,0,0.017538,metadata_random_forest
30.11,2.509,30.572,35.91,MN,,Normal,Y,Y,0,0,0.013459,metadata_random_forest
26.22,2.185,50.802,35.91,M,Thin,Thin,N,N,1,1,0.995696,metadata_random_forest
7.87,0.656,28.486,35.91,M,,Thin,Y,N,1,1,0.937959,metadata_random_forest
31.55,2.629,42.456,35.91,M,Thin,Thin,Y,N,1,1,0.996482,metadata_random_forest
4.15,0.346,12.701,35.91,FS,,Thin,N,N,1,1,0.930134,metadata_random_forest
3.05,0.254,5.443,35.91,F,,Thin,Y,N,1,1,0.957583,metadata_random_forest
25.84,2.153,32.659,35.91,M,Thin,Thin,Y,N,1,1,0.997194,metadata_random_forest
13.0,1.083,24.675,35.91,FS,,Normal,Y,N,0,0,0.028229,metadata_random_forest
2.62,0.218,10.433,35.91,M,,Normal,Y,N,0,0,0.038462,metadata_random_forest
27.83,2.319,41.277,35.91,MN,,Heavy,Y,N,1,1,0.996901,metadata_random_forest
7.02,0.585,13.2,12.569,MN,,Normal,N,N,0,0,0.008053,metadata_random_forest
25.46,2.122,11.975,12.569,M,Normal,Normal,N,N,0,0,0.000343,metadata_random_forest
30.56,2.547,36.968,35.91,FS,,Heavy,N,N,1,1,0.98701,metadata_random_forest
10.8,0.9,38.283,35.91,MN,,Normal,N,N,0,0,0.036434,metadata_random_forest
15.26,1.272,32.613,35.91,FS,,Thin,Y,Y,1,1,0.920967,metadata_random_forest
11.65,0.971,38.374,35.91,FS,,Heavy,N,N,1,1,0.989161,metadata_random_forest
31.58,2.632,11.884,12.569,F,Normal,Normal,Y,Y,0,0,0.00052,metadata_random_forest
15.19,1.266,33.248,35.91,MN,,Normal,N,N,0,0,0.022741,metadata_random_forest
4.03,0.336,10.115,35.91,M,,Thin,Y,N,1,1,0.926683,metadata_random_forest
14.7,1.225,40.37,35.91,MN,,Normal,N,N,0,0,0.025893,metadata_random_forest
23.45,1.954,37.195,35.91,MN,,Normal,N,N,0,0,0.018649,metadata_random_forest
34.34,2.862,11.022,12.569,FS,Normal,Normal,Y,N,0,0,0.000594,metadata_random_forest
11.82,0.985,40.188,35.91,FS,,Heavy,N,N,1,1,0.990574,metadata_random_forest
26.39,2.199,11.884,12.569,MN,Normal,Normal,N,N,0,0,0.00022,metadata_random_forest
24.48,2.04,37.013,35.91,F,,Heavy,Y,N,1,1,0.99493,metadata_random_forest
3.24,0.27,7.893,35.91,M,,Normal,Y,N,0,0,0.03667,metadata_random_forest
21.91,1.826,51.211,35.91,FS,,Normal,Y,Y,0,0,0.048017,metadata_random_forest
24.02,2.002,12.156,12.569,MN,Normal,Normal,N,Y,0,0,0.001857,metadata_random_forest
23.11,1.926,18.507,35.91,F,,Normal,N,N,0,0,0.064882,metadata_random_forest
18.36,1.53,30.98,35.91,FS,,Heavy,Y,N,1,1,0.988322,metadata_random_forest
2.71,0.226,8.391,35.91,FS,,Normal,Y,N,0,0,0.04473,metadata_random_forest
16.06,1.338,31.752,35.91,F,,Heavy,Y,Y,1,1,0.985071,metadata_random_forest
2.03,0.169,8.709,35.91,M,,Normal,N,Y,0,0,0.010399,metadata_random_forest
24.22,2.018,14.696,12.569,M,Normal,Normal,Y,N,0,0,0.000434,metadata_random_forest
24.02,2.002,19.504,35.91,M,Thin,Thin,Y,N,1,1,1.0,metadata_random_forest
27.11,2.259,36.424,35.91,FS,,Heavy,Y,N,1,1,0.98848,metadata_random_forest
21.38,1.782,40.914,35.91,F,,Heavy,N,N,1,1,0.998219,metadata_random_forest
19.87,1.656,43.636,35.91,MN,,Thin,Y,N,1,1,0.943284,metadata_random_forest
21.64,1.803,34.019,35.91,M,,Normal,Y,N,0,0,0.033341,metadata_random_forest
35.44,2.953,43.636,35.91,MN,,Normal,Y,N,0,0,0.035078,metadata_random_forest
35.26,2.938,59.012,35.91,FS,,Heavy,N,Y,1,1,0.997066,metadata_random_forest
17.2,1.433,32.069,35.91,MN,,Normal,Y,N,0,0,0.024979,metadata_random_forest
27.94,2.328,37.195,35.91,M,Thin,Thin,Y,Y,1,1,1.0,metadata_random_forest
25.0,2.083,11.249,12.569,FS,Normal,Normal,Y,N,0,0,0.000171,metadata_random_forest
4.45,0.371,15.785,35.91,FS,,Thin,Y,Y,1,1,0.90777,metadata_random_forest
3.54,0.295,5.67,35.91,M,,Thin,N,N,1,1,0.952607,metadata_random_forest
35.76,2.98,29.846,35.91,MN,,Heavy,Y,N,1,1,0.982378,metadata_random_forest
20.56,1.713,32.114,35.91,FS,,Heavy,Y,N,1,1,0.988322,metadata_random_forest
4.73,0.394,14.424,35.91,F,,Normal,N,N,0,0,0.036561,metadata_random_forest
24.01,2.001,10.251,12.569,F,Normal,Normal,N,N,0,0,0.001508,metadata_random_forest
31.31,2.609,9.888,12.569,FS,Normal,Normal,N,N,0,0,0.00022,metadata_random_forest
24.02,2.002,38.964,35.91,MN,,Heavy,N,N,1,1,0.99425,metadata_random_forest
30.02,2.502,23.133,35.91,M,Thin,Thin,N,N,1,1,0.997194,metadata_random_forest
6.77,0.564,32.659,35.91,FS,,Normal,N,N,0,0,0.026628,metadata_random_forest
23.46,1.955,41.277,35.91,FS,,Heavy,N,N,1,1,0.995481,metadata_random_forest
24.02,2.002,11.567,12.569,FS,Normal,Normal,Y,N,0,0,0.000434,metadata_random_forest
27.6,2.3,10.705,12.569,F,Normal,Normal,N,Y,0,0,0.000568,metadata_random_forest
34.55,2.879,45.042,35.91,FS,,Normal,N,Y,0,0,0.046978,metadata_random_forest
31.45,2.621,37.83,35.91,FS,,Heavy,Y,N,1,1,0.989119,metadata_random_forest
25.08,2.09,10.796,12.569,MN,Normal,Normal,Y,N,0,0,0.000171,metadata_random_forest
15.6,1.3,31.071,35.91,F,,Thin,Y,N,1,1,0.950435,metadata_random_forest
6.71,0.559,17.872,35.91,FS,,Normal,Y,Y,0,0,0.016271,metadata_random_forest
31.38,2.615,29.121,35.91,FS,,Heavy,N,N,1,1,0.977165,metadata_random_forest
28.85,2.404,41.912,35.91,MN,,Heavy,Y,N,1,1,0.996901,metadata_random_forest
31.61,2.634,47.627,35.91,MN,,Heavy,N,N,1,1,0.996901,metadata_random_forest
24.02,2.002,10.569,12.569,F,Normal,Normal,Y,Y,0,0,0.000783,metadata_random_forest
23.56,1.963,39.281,35.91,FS,,Heavy,Y,N,1,1,0.993606,metadata_random_forest
4.48,0.373,24.857,35.91,MN,,Normal,Y,N,0,0,0.027719,metadata_random_forest
22.42,1.868,34.654,35.91,FS,,Heavy,Y,Y,1,1,0.98025,metadata_random_forest
28.58,2.382,17.781,35.91,FS,Thin,Thin,Y,Y,1,1,0.984044,metadata_random_forest
25.86,2.155,10.886,12.569,MN,Normal,Normal,N,N,0,0,0.00022,metadata_random_forest
34.14,2.845,36.605,35.91,MN,,Normal,Y,N,0,0,0.028448,metadata_random_forest
27.6,2.3,13.063,12.569,M,Normal,Normal,N,N,0,0,0.000343,metadata_random_forest
7.3,0.608,36.378,35.91,F,,Normal,Y,Y,0,0,0.016728,metadata_random_forest
24.54,2.045,38.555,35.91,MN,,Heavy,N,Y,1,1,0.988701,metadata_random_forest
33.25,2.771,33.022,35.91,FS,,Heavy,N,N,1,1,0.981822,metadata_random_forest
24.44,2.037,10.523,12.569,FS,Normal,Normal,N,N,0,0,0.001508,metadata_random_forest
22.86,1.905,48.081,35.91,FS,,Heavy,N,N,1,1,0.996024,metadata_random_forest
33.72,2.81,28.168,35.91,FS,,Normal,N,N,0,0,0.040265,metadata_random_forest
4.98,0.415,11.34,35.91,FS,,Normal,Y,Y,0,0,0.008491,metadata_random_forest
34.48,2.873,12.338,12.569,MN,Normal,Normal,N,N,0,0,0.000642,metadata_random_forest
30.6,2.55,36.968,35.91,FS,,Heavy,N,N,1,1,0.98701,metadata_random_forest
12.48,1.04,37.013,35.91,F,,Heavy,N,N,1,1,0.993522,metadata_random_forest
30.04,2.503,14.606,12.569,MN,Normal,Normal,Y,Y,0,0,0.00052,metadata_random_forest
26.71,2.226,10.705,12.569,FS,,Normal,Y,N,0,0,0.000171,metadata_random_forest
31.74,2.645,13.109,12.569,MN,Normal,Normal,Y,N,0,0,0.000171,metadata_random_forest
18.04,1.503,35.834,35.91,MN,,Heavy,Y,N,1,1,0.99493,metadata_random_forest
11.93,0.994,19.867,35.91,FS,,Thin,N,N,1,1,0.935599,metadata_random_forest
24.6,2.05,38.374,35.91,FS,,Heavy,N,N,1,1,0.989119,metadata_random_forest
8.47,0.706,28.123,35.91,FS,,Heavy,N,N,1,1,0.956305,metadata_random_forest
3.13,0.261,5.897,35.91,F,,Thin,Y,N,1,1,0.957583,metadata_random_forest
31.78,2.648,11.249,12.569,MN,Normal,Normal,Y,N,0,0,0.000171,metadata_random_forest
20.93,1.744,28.712,35.91,F,,Normal,Y,N,0,0,0.04135,metadata_random_forest
26.93,2.244,39.372,35.91,M,,Normal,Y,Y,0,0,0.063249,metadata_random_forest
28.6,2.383,42.456,35.91,MN,,Normal,N,N,0,0,0.035688,metadata_random_forest
22.84,1.903,48.988,35.91,MN,,Heavy,N,N,1,1,0.998219,metadata_random_forest
30.04,2.503,38.102,35.91,FS,,Heavy,N,N,1,1,0.989119,metadata_random_forest
24.94,2.078,32.16,35.91,M,Thin,Thin,Y,Y,1,1,1.0,metadata_random_forest
29.71,2.476,10.614,12.569,MN,Normal,Normal,Y,N,0,0,0.000171,metadata_random_forest
15.96,1.33,39.689,35.91,F,,Heavy,Y,N,1,1,0.994652,metadata_random_forest
6.41,0.534,30.028,35.91,M,,Normal,N,N,0,0,0.027997,metadata_random_forest
32.27,2.689,12.02,12.569,F,Normal,Normal,Y,N,0,0,0.000594,metadata_random_forest
24.02,2.002,12.837,12.569,MN,Normal,Normal,N,N,0,0,0.001508,metadata_random_forest
27.92,2.327,13.426,12.569,MN,Normal,Normal,Y,N,0,0,0.000171,metadata_random_forest
24.01,2.001,23.632,35.91,F,,Heavy,N,N,1,1,0.983615,metadata_random_forest
23.2,1.933,42.955,35.91,FS,,Heavy,Y,N,1,1,0.996799,metadata_random_forest
12.3,1.025,32.114,35.91,MN,,Normal,Y,Y,0,0,0.017225,metadata_random_forest
25.1,2.092,9.299,12.569,F,Normal,Normal,Y,Y,0,0,0.00052,metadata_random_forest
7.36,0.613,24.857,35.91,M,,Normal,Y,N,0,0,0.032955,metadata_random_forest
24.61,2.051,40.551,35.91,M,Thin,Thin,N,N,1,1,0.995696,metadata_random_forest
30.7,2.558,11.068,12.569,MN,Normal,Normal,Y,Y,0,0,0.00052,metadata_random_forest
24.35,2.029,37.195,35.91,M,Thin,Thin,Y,Y,1,1,1.0,metadata_random_forest
31.98,2.665,25.991,35.91,F,Thin,Thin,N,N,1,1,0.990586,metadata_random_forest
18.89,1.574,37.648,35.91,MN,,Normal,Y,N,0,0,0.031357,metadata_random_forest
2.48,0.207,6.214,35.91,MN,,Thin,Y,Y,1,1,0.929468,metadata_random_forest
21.4,1.783,35.471,35.91,FS,,Heavy,N,N,1,1,0.991265,metadata_random_forest
22.33,1.861,51.256,35.91,MN,,Heavy,Y,N,1,1,0.998219,metadata_random_forest
30.04,2.503,38.555,35.91,MN,,Heavy,Y,N,1,1,0.99425,metadata_random_forest
31.61,2.634,39.599,35.91,FS,,Heavy,Y,Y,1,1,0.983528,metadata_random_forest
25.69,2.141,29.665,35.91,FS,,Heavy,Y,N,1,1,0.983292,metadata_random_forest
24.74,2.062,44.543,35.91,MN,Heavy,Heavy,Y,N,1,1,0.997999,metadata_random_forest
24.01,2.001,25.447,35.91,F,Thin,Thin,N,N,1,1,0.993392,metadata_random_forest
26.33,2.194,45.132,35.91,MN,Heavy,Heavy,N,N,1,1,0.997999,metadata_random_forest
1.67,0.139,2.948,35.91,F,,Thin,Y,Y,1,1,0.936656,metadata_random_forest
8.27,0.689,26.218,35.91,M,,Normal,N,N,0,0,0.035631,metadata_random_forest
13.86,1.155,21.546,35.91,FS,,Thin,Y,N,1,1,0.922721,metadata_random_forest
31.93,2.661,48.081,35.91,MN,,Heavy,Y,N,1,1,0.996901,metadata_random_forest
30.13,2.511,40.687,35.91,MN,,Heavy,Y,N,1,1,0.996901,metadata_random_forest
8.32,0.693,21.614,35.91,MN,,Normal,Y,Y,0,0,0.010586,metadata_random_forest
29.28,2.44,49.895,35.91,MN,,Heavy,N,N,1,1,0.996901,metadata_random_forest
26.62,2.218,8.528,12.569,FS,Normal,Normal,Y,Y,0,0,0.000448,metadata_random_forest
32.05,2.671,10.977,12.569,FS,Normal,Normal,N,N,0,0,0.00022,metadata_random_forest
27.4,2.283,35.199,35.91,FS,,Heavy,Y,N,1,1,0.98848,metadata_random_forest
30.79,2.566,11.431,12.569,FS,Normal,Normal,N,N,0,0,0.00022,metadata_random_forest
29.81,2.484,30.89,35.91,M,,Heavy,Y,N,1,1,0.987697,metadata_random_forest
31.74,2.645,26.581,35.91,M,Thin,Thin,Y,Y,1,1,1.0,metadata_random_forest
24.01,2.001,11.884,12.569,M,Normal,Normal,Y,Y,0,0,0.000558,metadata_random_forest
31.94,2.662,36.287,35.91,M,Thin,Thin,Y,N,1,1,0.997194,metadata_random_forest
35.82,2.985,33.43,35.91,FS,,Normal,N,N,0,0,0.031049,metadata_random_forest
10.36,0.863,43.091,35.91,MN,,Normal,N,N,0,0,0.036434,metadata_random_forest
27.56,2.297,9.979,12.569,FS,Normal,Normal,Y,Y,0,0,0.000448,metadata_random_forest
27.14,2.262,25.855,35.91,F,,Thin,N,N,1,1,0.950606,metadata_random_forest
21.11,1.759,37.195,35.91,FS,,Normal,Y,N,0,0,0.030866,metadata_random_forest
25.56,2.13,41.504,35.91,MN,,Heavy,Y,N,1,1,0.996901,metadata_random_forest
31.27,2.606,26.308,35.91,FS,,Heavy,Y,N,1,1,0.978635,metadata_random_forest
32.27,2.689,37.966,35.91,M,Thin,Thin,Y,N,1,1,0.995245,metadata_random_forest
25.99,2.166,46.675,35.91,M,,Heavy,Y,N,1,1,0.992215,metadata_random_forest
6.72,0.56,8.8,12.569,FS,,Normal,N,Y,0,0,0.004603,metadata_random_forest
35.33,2.944,13.381,12.569,M,Normal,Normal,Y,N,0,0,0.001061,metadata_random_forest
12.46,1.038,29.484,35.91,M,,Normal,Y,Y,0,0,0.018134,metadata_random_forest
17.38,1.448,32.387,35.91,MN,,Normal,N,N,0,0,0.021781,metadata_random_forest
24.02,2.002,14.878,12.569,MN,Normal,Normal,N,N,0,0,0.001508,metadata_random_forest
33.1,2.758,42.865,35.91,MN,Heavy,Heavy,Y,N,1,1,0.997999,metadata_random_forest
27.5,2.292,51.437,35.91,MN,,Heavy,N,N,1,1,0.996901,metadata_random_forest
30.79,2.566,39.463,35.91,M,Thin,Thin,N,N,1,1,0.994459,metadata_random_forest
19.61,1.634,27.851,35.91,F,,Thin,Y,Y,1,1,0.952168,metadata_random_forest
23.48,1.957,39.463,35.91,FS,,Heavy,Y,N,1,1,0.993606,metadata_random_forest
33.55,2.796,12.565,12.569,FS,Normal,Normal,Y,Y,0,0,0.000448,metadata_random_forest
11.63,0.969,49.442,35.91,MN,,Heavy,N,N,1,1,0.993336,metadata_random_forest
17.47,1.456,44.86,35.91,MN,,Heavy,N,N,1,1,0.997303,metadata_random_forest
31.01,2.584,25.129,35.91,M,,Normal,Y,N,0,0,0.043167,metadata_random_forest
35.33,2.944,12.247,12.569,FS,Normal,Normal,N,N,0,0,0.000642,metadata_random_forest
17.48,1.457,41.504,35.91,FS,,Heavy,Y,N,1,1,0.995882,metadata_random_forest
34.61,2.884,11.34,12.569,MN,Normal,Normal,Y,N,0,0,0.000594,metadata_random_forest
29.64,2.47,14.288,12.569,M,Normal,Normal,N,N,0,0,0.000343,metadata_random_forest
28.45,2.371,10.433,12.569,F,Normal,Normal,Y,N,0,0,0.000171,metadata_random_forest
4.39,0.366,13.835,35.91,FS,,Thin,N,N,1,1,0.933991,metadata_random_forest
25.0,2.083,36.741,35.91,M,Thin,Thin,Y,N,1,1,0.997194,metadata_random_forest
31.64,2.637,12.701,12.569,MN,Normal,Normal,Y,Y,0,0,0.00052,metadata_random_forest
21.36,1.78,33.566,35.91,FS,,Normal,Y,Y,0,0,0.026103,metadata_random_forest
19.51,1.626,47.627,35.91,MN,,Heavy,N,N,1,1,0.997303,metadata_random_forest
32.24,2.687,12.156,12.569,MN,Normal,Normal,Y,N,0,0,0.000594,metadata_random_forest
32.0,2.667,43.636,35.91,FS,,Heavy,Y,N,1,1,0.995009,metadata_random_forest
24.37,2.031,10.115,12.569,MN,Normal,Normal,N,N,0,0,0.001508,metadata_random_forest
4.6,0.383,9.253,35.91,F,,Normal,Y,N,0,0,0.029045,metadata_random_forest
31.91,2.659,26.036,35.91,M,Thin,Thin,Y,Y,1,1,1.0,metadata_random_forest
31.67,2.639,9.707,12.569,FS,Normal,Normal,Y,N,0,0,0.000171,metadata_random_forest
30.04,2.503,11.34,12.569,F,Normal,Normal,Y,Y,0,0,0.00052,metadata_random_forest
31.13,2.594,38.283,35.91,FS,,Heavy,N,N,1,1,0.989119,metadata_random_forest
18.85,1.571,11.431,12.569,F,,Normal,Y,Y,0,0,0.002033,metadata_random_forest
25.01,2.084,33.112,35.91,FS,Normal,Normal,Y,N,0,0,0.033052,metadata_random_forest
11.03,0.919,26.308,35.91,F,,Heavy,Y,N,1,1,0.964836,metadata_random_forest
26.22,2.185,42.456,35.91,M,Thin,Thin,N,Y,1,1,0.998501,metadata_random_forest
28.5,2.375,11.249,12.569,F,Normal,Normal,N,N,0,0,0.00022,metadata_random_forest
34.73,2.894,32.749,35.91,MN,,Normal,Y,N,0,0,0.032865,metadata_random_forest
12.18,1.015,30.3,35.91,F,,Heavy,N,N,1,1,0.988335,metadata_random_forest
3.13,0.261,17.463,35.91,F,,Normal,Y,Y,0,0,0.017835,metadata_random_forest
8.52,0.71,29.756,35.91,FS,,Heavy,N,N,1,1,0.972956,metadata_random_forest
6.14,0.512,26.807,35.91,MN,,Thin,N,Y,1,1,0.946392,metadata_random_forest
17.28,1.44,24.04,35.91,FS,,Normal,N,N,0,0,0.039025,metadata_random_forest
9.68,0.807,45.178,35.91,M,,Normal,Y,Y,0,0,0.029512,metadata_random_forest
27.17,2.264,41.731,35.91,MN,,Heavy,Y,N,1,1,0.996901,metadata_random_forest
33.78,2.815,10.433,12.569,FS,Normal,Normal,N,N,0,0,0.000642,metadata_random_forest
21.77,1.814,36.378,35.91,MN,,Normal,N,N,0,0,0.017468,metadata_random_forest
27.04,2.253,44.634,35.91,MN,,Normal,Y,N,0,0,0.036887,metadata_random_forest
25.38,2.115,41.504,35.91,FS,,Normal,N,N,0,0,0.040809,metadata_random_forest
31.51,2.626,38.374,35.91,M,Thin,Thin,Y,Y,1,1,0.998051,metadata_random_forest
22.55,1.879,52.072,35.91,MN,,Heavy,N,N,1,1,0.998219,metadata_random_forest
35.59,2.966,11.476,12.569,MN,Normal,Normal,Y,N,0,0,0.000594,metadata_random_forest
27.89,2.324,41.912,35.91,MN,Heavy,Heavy,Y,Y,1,1,0.993628,metadata_random_forest
26.1,2.175,31.389,35.91,MN,,Normal,N,N,0,0,0.032268,metadata_random_forest
28.75,2.396,49.442,35.91,FS,,Heavy,N,N,1,1,0.995009,metadata_random_forest
28.22,2.352,13.381,12.569,MN,Normal,Normal,Y,N,0,0,0.000171,metadata_random_forest
13.6,1.133,36.106,35.91,FS,,Normal,N,N,0,0,0.026023,metadata_random_forest
6.86,0.572,31.389,35.91,M,,Normal,N,N,0,0,0.027206,metadata_random_forest
25.67,2.139,38.147,35.91,M,Thin,Thin,N,N,1,1,0.994459,metadata_random_forest
29.22,2.435,32.659,35.91,FS,Normal,Normal,Y,N,0,0,0.031805,metadata_random_forest
4.74,0.395,20.412,35.91,M,,Normal,Y,Y,0,0,0.01049,metadata_random_forest
16.14,1.345,27.896,35.91,FS,,Normal,N,Y,0,0,0.026517,metadata_random_forest
28.79,2.399,11.612,12.569,FS,Normal,Normal,N,N,0,0,0.00022,metadata_random_forest
29.9,2.492,38.419,35.91,M,Thin,Thin,N,N,1,1,0.994459,metadata_random_forest
30.78,2.565,38.102,35.91,FS,,Heavy,Y,N,1,1,0.989119,metadata_random_forest
25.43,2.119,23.587,35.91,M,Thin,Thin,Y,N,1,1,0.997194,metadata_random_forest
31.69,2.641,31.842,35.91,FS,Normal,Normal,N,N,0,0,0.030383,metadata_random_forest
27.64,2.303,38.283,35.91,MN,,Heavy,N,Y,1,1,0.980935,metadata_random_forest
17.11,1.426,38.691,35.91,FS,,Heavy,N,N,1,1,0.992458,metadata_random_forest
31.4,2.617,32.024,35.91,FS,,Heavy,N,N,1,1,0.981822,metadata_random_forest
35.94,2.995,41.549,35.91,FS,Heavy,Heavy,Y,N,1,1,0.99665,metadata_random_forest
29.02,2.418,36.741,35.91,FS,,Heavy,Y,N,1,1,0.98848,metadata_random_forest
33.38,2.782,56.654,35.91,MN,,Heavy,Y,N,1,1,0.997918,metadata_random_forest
10.16,0.847,32.568,35.91,FS,,Normal,N,N,0,0,0.035854,metadata_random_forest
30.46,2.538,10.705,12.569,F,Normal,Normal,Y,N,0,0,0.000171,metadata_random_forest
24.8,2.067,11.703,12.569,FS,Normal,Normal,Y,N,0,0,0.000171,metadata_random_forest
29.48,2.457,44.634,35.91,MN,,Heavy,N,N,1,1,0.996901,metadata_random_forest
12.79,1.066,38.374,35.91,F,,Normal,N,N,0,0,0.040815,metadata_random_forest
18.53,1.544,25.991,35.91,FS,,Normal,N,N,0,0,0.039025,metadata_random_forest
26.81,2.234,35.834,35.91,FS,Heavy,Heavy,Y,N,1,1,0.994774,metadata_random_forest
29.5,2.458,33.929,35.91,F,,Normal,N,Y,0,0,0.02474,metadata_random_forest
35.48,2.957,44.543,35.91,MN,Heavy,Heavy,N,N,1,1,0.997999,metadata_random_forest
28.88,2.407,11.929,12.569,M,Normal,Normal,Y,Y,0,0,0.000988,metadata_random_forest
26.58,2.215,11.793,12.569,M,Normal,Normal,Y,N,0,0,0.000639,metadata_random_forest
6.6,0.55,19.187,35.91,F,,Thin,N,N,1,1,0.933574,metadata_random_forest
25.56,2.13,10.433,12.569,FS,Normal,Normal,Y,Y,0,0,0.000448,metadata_random_forest
10.85,0.904,34.201,35.91,FS,,Normal,N,N,0,0,0.03148,metadata_random_forest
29.45,2.454,39.825,35.91,M,,Heavy,N,N,1,1,0.992215,metadata_random_forest
35.48,2.957,11.884,12.569,MN,Normal,Normal,Y,N,0,0,0.000594,metadata_random_forest
0.94,0.078,2.767,35.91,F,,Normal,Y,N,0,0,0.06866,metadata_random_forest
5.86,0.488,16.284,35.91,FS,,Normal,N,Y,0,0,0.00589,metadata_random_forest
26.82,2.235,9.752,12.569,F,Normal,Normal,Y,N,0,0,0.000171,metadata_random_forest
12.37,1.031,22.226,35.91,F,,Normal,N,N,0,0,0.047166,metadata_random_forest
31.38,2.615,34.065,35.91,M,Thin,Thin,Y,N,1,1,0.997194,metadata_random_forest
33.55,2.796,39.463,35.91,MN,,Normal,Y,N,0,0,0.040802,metadata_random_forest
24.02,2.002,13.608,12.569,MN,Normal,Normal,Y,N,0,0,0.000434,metadata_random_forest
33.42,2.785,11.249,12.569,F,Normal,Normal,N,N,0,0,0.000642,metadata_random_forest
31.91,2.659,32.387,35.91,F,Thin,Thin,Y,N,1,1,0.995203,metadata_random_forest
11.27,0.939,18.507,35.91,MN,,Thin,N,N,1,1,0.95535,metadata_random_forest
6.72,0.56,28.849,35.91,FS,,Normal,N,N,0,0,0.034569,metadata_random_forest
6.31,0.526,16.874,35.91,F,,Normal,Y,N,0,0,0.026225,metadata_random_forest
28.22,2.352,61.87,35.91,MN,,Heavy,Y,N,1,1,0.997918,metadata_random_forest
24.72,2.06,36.832,35.91,M,Thin,Thin,N,N,1,1,0.997194,metadata_random_forest
24.22,2.018,12.882,12.569,MN,Normal,Normal,Y,Y,0,0,0.000783,metadata_random_forest
24.91,2.076,35.471,35.91,FS,,Heavy,N,N,1,1,0.98701,metadata_random_forest
34.7,2.892,43.091,35.91,FS,,Heavy,Y,N,1,1,0.995009,metadata_random_forest
6.7,0.558,22.952,35.91,MN,,Normal,N,Y,0,0,0.010297,metadata_random_forest
22.44,1.87,32.523,35.91,FS,,Heavy,Y,N,1,1,0.988322,metadata_random_forest
12.24,1.02,23.315,35.91,FS,,Heavy,Y,N,1,1,0.966871,metadata_random_forest
24.02,2.002,9.389,12.569,FS,Normal,Normal,Y,N,0,0,0.000434,metadata_random_forest
14.88,1.24,53.343,35.91,MN,,Heavy,N,N,1,1,0.99832,metadata_random_forest
35.75,2.979,50.485,35.91,MN,,Normal,N,N,0,0,0.035126,metadata_random_forest
31.68,2.64,9.525,12.569,FS,Normal,Normal,Y,N,0,0,0.000171,metadata_random_forest
4.09,0.341,9.072,35.91,M,,Normal,Y,N,0,0,0.030431,metadata_random_forest
10.76,0.897,27.17,35.91,F,,Normal,Y,N,0,0,0.038311,metadata_random_forest
3.48,0.29,13.517,35.91,F,,Normal,Y,N,0,0,0.032707,metadata_random_forest
27.64,2.303,24.04,35.91,F,,Thin,N,N,1,1,0.950606,metadata_random_forest
31.32,2.61,13.608,12.569,MN,Normal,Normal,Y,N,0,0,0.000171,metadata_random_forest
33.58,2.798,40.642,35.91,M,Thin,Thin,Y,N,1,1,0.996482,metadata_random_forest
24.01,2.001,11.34,12.569,MN,Normal,Normal,Y,N,0,0,0.0,metadata_random_forest
26.02,2.168,50.077,35.91,FS,,Heavy,N,N,1,1,0.995009,metadata_random_forest
30.02,2.502,13.154,12.569,MN,Normal,Normal,N,Y,0,0,0.000568,metadata_random_forest
33.59,2.799,8.21,12.569,FS,Normal,Normal,N,N,0,0,0.000642,metadata_random_forest
33.65,2.804,10.659,12.569,FS,Normal,Normal,Y,Y,0,0,0.000448,metadata_random_forest
26.51,2.209,10.75,12.569,F,Normal,Normal,N,Y,0,0,0.000568,metadata_random_forest
34.18,2.848,47.31,35.91,MN,Heavy,Heavy,Y,N,1,1,0.997999,metadata_random_forest
23.52,1.96,23.179,35.91,FS,,Thin,Y,N,1,1,0.930038,metadata_random_forest
4.6,0.383,21.047,35.91,F,,Heavy,Y,N,1,1,0.959019,metadata_random_forest
25.43,2.119,9.979,12.569,F,Normal,Normal,Y,N,0,0,0.000171,metadata_random_forest
26.87,2.239,40.143,35.91,FS,,Heavy,N,N,1,1,0.995009,metadata_random_forest
12.05,1.004,36.015,35.91,F,,Heavy,Y,N,1,1,0.993522,metadata_random_forest
31.46,2.622,34.156,35.91,M,,Normal,Y,Y,0,0,0.027592,metadata_random_forest
32.82,2.735,12.791,12.569,M,Normal,Normal,Y,N,0,0,0.001061,metadata_random_forest
34.07,2.839,45.994,35.91,FS,,Heavy,Y,N,1,1,0.995009,metadata_random_forest
3.72,0.31,2.495,35.91,M,,Thin,N,N,1,1,0.947744,metadata_random_forest
25.54,2.128,45.904,35.91,MN,Heavy,Heavy,N,N,1,1,0.997999,metadata_random_forest
4.66,0.388,18.96,35.91,MN,,Normal,N,N,0,0,0.034011,metadata_random_forest
6.4,0.533,29.756,35.91,FS,,Thin,N,N,1,1,0.942928,metadata_random_forest
35.45,2.954,30.98,35.91,MN,,Thin,N,N,1,1,0.954144,metadata_random_forest
35.62,2.968,40.415,35.91,FS,,Heavy,Y,N,1,1,0.995009,metadata_random_forest
13.86,1.155,29.665,35.91,MN,,Heavy,N,N,1,1,0.986255,metadata_random_forest
15.88,1.323,16.42,35.91,FS,,Normal,Y,N,0,0,0.035966,metadata_random_forest
28.62,2.385,29.03,35.91,M,Thin,Thin,N,N,1,1,0.997194,metadata_random_forest
15.83,1.319,32.659,35.91,F,,Heavy,Y,N,1,1,0.989742,metadata_random_forest
26.26,2.188,9.752,12.569,F,Normal,Normal,N,N,0,0,0.00022,metadata_random_forest
28.45,2.371,8.845,12.569,FS,Normal,Normal,Y,N,0,0,0.000171,metadata_random_forest
30.04,2.503,30.935,35.91,FS,Normal,Normal,Y,N,0,0,0.031805,metadata_random_forest
30.13,2.511,40.597,35.91,FS,,Heavy,N,N,1,1,0.995009,metadata_random_forest
32.42,2.702,50.938,35.91,FS,,Heavy,N,N,1,1,0.995009,metadata_random_forest
3.11,0.259,10.433,35.91,FS,,Normal,N,N,0,0,0.03937,metadata_random_forest
32.4,2.7,12.882,12.569,MN,Normal,Normal,Y,Y,0,0,0.00052,metadata_random_forest
12.48,1.04,36.741,35.91,MN,,Normal,N,N,0,0,0.020065,metadata_random_forest
24.12,2.01,11.521,12.569,FS,Normal,Normal,Y,N,0,0,0.000434,metadata_random_forest
35.99,2.999,35.38,35.91,FS,,Heavy,Y,N,1,1,0.98848,metadata_random_forest
29.62,2.468,11.839,12.569,MN,Normal,Normal,N,N,0,0,0.00022,metadata_random_forest
31.84,2.653,40.37,35.91,MN,,Normal,N,N,0,0,0.035688,metadata_random_forest
26.32,2.193,32.432,35.91,FS,,Heavy,N,N,1,1,0.981822,metadata_random_forest
17.51,1.459,44.225,35.91,FS,,Heavy,Y,N,1,1,0.995882,metadata_random_forest
11.59,0.966,20.14,35.91,FS,,Normal,N,N,0,0,0.042611,metadata_random_forest
3.14,0.262,9.117,35.91,M,,Normal,N,Y,0,0,0.019887,metadata_random_forest
17.68,1.473,27.034,35.91,F,,Normal,Y,N,0,0,0.047156,metadata_random_forest
24.02,2.002,30.119,35.91,F,,Thin,Y,N,1,1,0.959059,metadata_random_forest
32.33,2.694,46.357,35.91,MN,,Heavy,Y,N,1,1,0.996901,metadata_random_forest
13.62,1.135,34.019,35.91,F,,Heavy,Y,N,1,1,0.997489,metadata_random_forest
1.79,0.149,4.627,35.91,M,,Normal,Y,N,0,0,0.052835,metadata_random_forest
16.1,1.342,43.091,35.91,MN,,Normal,Y,N,0,0,0.02762,metadata_random_forest
28.3,2.358,12.066,12.569,F,Normal,Normal,Y,Y,0,0,0.00052,metadata_random_forest
30.55,2.546,37.966,35.91,FS,,Heavy,Y,N,1,1,0.989119,metadata_random_forest
35.39,2.949,37.648,35.91,FS,,Heavy,Y,N,1,1,0.989119,metadata_random_forest
26.54,2.212,38.918,35.91,MN,,Heavy,N,N,1,1,0.99425,metadata_random_forest
32.34,2.695,47.219,35.91,MN,,Heavy,N,Y,1,1,0.991351,metadata_random_forest
11.51,0.959,46.176,35.91,MN,,Normal,N,N,0,0,0.034292,metadata_random_forest
17.98,1.498,42.91,35.91,FS,,Normal,Y,N,0,0,0.035642,metadata_random_forest
24.71,2.059,22.498,35.91,F,Thin,Thin,N,N,1,1,0.990586,metadata_random_forest
24.01,2.001,13.018,12.569,M,Normal,Normal,N,N,0,0,0.000936,metadata_random_forest
4.92,0.41,21.047,35.91,F,,Normal,Y,Y,0,0,0.009036,metadata_random_forest
18.1,1.508,30.481,35.91,F,,Heavy,Y,Y,1,1,0.990311,metadata_random_forest
27.48,2.29,39.145,35.91,FS,,Normal,N,N,0,0,0.045549,metadata_random_forest
24.95,2.079,45.813,35.91,F,,Heavy,Y,Y,1,1,0.991351,metadata_random_forest
24.02,2.002,37.331,35.91,M,,Heavy,N,N,1,1,0.989565,metadata_random_forest
32.86,2.738,9.798,12.569,F,Normal,Normal,N,N,0,0,0.000642,metadata_random_forest
11.65,0.971,35.562,35.91,MN,,Heavy,N,N,1,1,0.993522,metadata_random_forest
33.68,2.807,24.04,35.91,MN,Thin,Thin,Y,Y,1,1,1.0,metadata_random_forest
35.86,2.988,10.07,12.569,FS,Normal,Normal,Y,Y,0,0,0.000448,metadata_random_forest
24.91,2.076,13.88,12.569,MN,Normal,Normal,N,N,0,0,0.00022,metadata_random_forest
24.01,2.001,40.959,35.91,MN,,Heavy,Y,N,1,1,0.996901,metadata_random_forest
4.0,0.333,12.156,35.91,F,,Normal,N,N,0,0,0.041037,metadata_random_forest
17.04,1.42,30.844,35.91,FS,,Heavy,Y,N,1,1,0.988322,metadata_random_forest
27.47,2.289,11.521,12.569,MN,Normal,Normal,N,N,0,0,0.00022,metadata_random_forest
33.48,2.79,38.193,35.91,FS,,Heavy,Y,N,1,1,0.989119,metadata_random_forest
2.22,0.185,2.631,35.91,M,,Normal,N,N,0,0,0.072487,metadata_random_forest
31.87,2.656,37.376,35.91,FS,Normal,Normal,N,N,0,0,0.041062,metadata_random_forest
32.28,2.69,26.444,35.91,F,Thin,Thin,Y,Y,1,1,0.998009,metadata_random_forest
14.56,1.213,29.484,35.91,MN,,Normal,Y,N,0,0,0.020207,metadata_random_forest
25.75,2.146,49.396,35.91,MN,,Heavy,Y,N,1,1,0.996901,metadata_random_forest
35.4,2.95,51.256,35.91,MN,,Normal,N,N,0,0,0.035126,metadata_random_forest
33.68,2.807,30.663,35.91,MN,,Heavy,Y,N,1,1,0.982378,metadata_random_forest
25.86,2.155,12.973,12.569,MN,Normal,Normal,N,N,0,0,0.00022,metadata_random_forest
27.05,2.254,35.743,35.91,FS,Normal,Normal,Y,Y,0,0,0.027362,metadata_random_forest
14.26,1.188,45.359,35.91,M,,Normal,N,N,0,0,0.043609,metadata_random_forest
17.57,1.464,50.802,35.91,MN,,Heavy,N,N,1,1,0.997303,metadata_random_forest
26.32,2.193,45.813,35.91,M,Thin,Thin,Y,N,1,1,0.996482,metadata_random_forest
33.59,2.799,46.266,35.91,FS,,Heavy,Y,N,1,1,0.995009,metadata_random_forest
31.87,2.656,9.163,12.569,FS,Normal,Normal,Y,Y,0,0,0.000448,metadata_random_forest
35.98,2.998,40.551,35.91,M,Thin,Thin,Y,N,1,1,0.996482,metadata_random_forest
11.77,0.981,41.821,35.91,M,,Normal,N,N,0,0,0.049439,metadata_random_forest
26.29,2.191,11.44,12.569,FS,Normal,Normal,N,N,0,0,0.00022,metadata_random_forest
28.62,2.385,27.851,35.91,MN,,Normal,N,N,0,0,0.045724,metadata_random_forest
24.02,2.002,10.796,12.569,FS,Normal,Normal,Y,N,0,0,0.000434,metadata_random_forest
25.22,2.102,40.007,35.91,FS,,Heavy,N,N,1,1,0.995009,metadata_random_forest
30.04,2.503,11.34,12.569,FS,Normal,Normal,N,Y,0,0,0.00022,metadata_random_forest
3.28,0.273,7.167,35.91,F,,Normal,Y,N,0,0,0.039793,metadata_random_forest
24.02,2.002,25.31,35.91,F,,Thin,N,N,1,1,0.959758,metadata_random_forest
20.54,1.712,27.76,35.91,FS,,Normal,Y,N,0,0,0.043756,metadata_random_forest
25.3,2.108,12.655,12.569,M,Normal,Normal,Y,Y,0,0,0.000988,metadata_random_forest
33.48,2.79,62.596,35.91,M,Thin,Thin,Y,N,1,1,0.996482,metadata_random_forest
24.65,2.054,11.975,12.569,M,Normal,Normal,Y,N,0,0,0.000434,metadata_random_forest
12.12,1.01,24.177,35.91,MN,,Normal,N,N,0,0,0.03612,metadata_random_forest
15.24,1.27,37.603,35.91,MN,,Heavy,Y,N,1,1,0.994652,metadata_random_forest
31.73,2.644,38.828,35.91,F,,Normal,Y,N,0,0,0.040976,metadata_random_forest
2.32,0.193,4.218,35.91,MN,,Thin,Y,N,1,1,0.959123,metadata_random_forest
8.96,0.747,22.226,35.91,M,,Normal,Y,Y,0,0,0.019017,metadata_random_forest
24.54,2.045,44.452,35.91,MN,Heavy,Heavy,N,N,1,1,0.997999,metadata_random_forest
33.95,2.829,13.336,12.569,MN,Normal,Normal,Y,N,0,0,0.000594,metadata_random_forest
24.02,2.002,23.632,35.91,MN,Thin,Thin,Y,N,1,1,0.995383,metadata_random_forest
27.64,2.303,46.765,35.91,M,,Heavy,N,N,1,1,0.992215,metadata_random_forest
25.93,2.161,46.312,35.91,MN,,Heavy,N,N,1,1,0.996901,metadata_random_forest
24.64,2.053,39.054,35.91,MN,,Heavy,Y,N,1,1,0.99425,metadata_random_forest
31.12,2.593,9.752,12.569,FS,Normal,Normal,Y,Y,0,0,0.000448,metadata_random_forest
12.01,1.001,37.059,35.91,M,,Normal,Y,N,0,0,0.039659,metadata_random_forest
14.48,1.207,24.313,35.91,F,,Heavy,Y,N,1,1,0.97892,metadata_random_forest
21.55,1.796,37.875,35.91,MN,,Heavy,N,N,1,1,0.995569,metadata_random_forest
26.98,2.248,35.743,35.91,FS,,Heavy,N,N,1,1,0.98701,metadata_random_forest
27.5,2.292,12.428,12.569,M,Normal,Normal,N,N,0,0,0.000343,metadata_random_forest
26.53,2.211,36.197,35.91,MN,,Normal,N,N,0,0,0.027851,metadata_random_forest
26.58,2.215,10.433,12.569,F,Normal,Normal,Y,N,0,0,0.000171,metadata_random_forest
27.79,2.316,47.854,35.91,M,,Heavy,N,N,1,1,0.992215,metadata_random_forest
27.5,2.292,10.569,12.569,MN,Normal,Normal,N,N,0,0,0.00022,metadata_random_forest
4.62,0.385,14.424,35.91,F,,Thin,Y,N,1,1,0.934272,metadata_random_forest
26.09,2.174,13.835,12.569,MN,Normal,Normal,N,Y,0,0,0.000568,metadata_random_forest
32.03,2.669,40.823,35.91,MN,,Heavy,Y,N,1,1,0.996901,metadata_random_forest
28.09,2.341,9.163,12.569,FS,Normal,Normal,Y,N,0,0,0.000171,metadata_random_forest
22.82,1.902,54.477,35.91,MN,,Heavy,Y,N,1,1,0.999237,metadata_random_forest
18.07,1.506,29.484,35.91,FS,,Normal,Y,N,0,0,0.032731,metadata_random_forest
27.79,2.316,48.081,35.91,MN,,Heavy,N,N,1,1,0.996901,metadata_random_forest
3.35,0.279,14.696,35.91,M,,Normal,Y,Y,0,0,0.021605,metadata_random_forest
28.81,2.401,14.515,12.569,MN,Normal,Normal,Y,N,0,0,0.000171,metadata_random_forest
19.62,1.635,22.68,35.91,M,,Thin,N,N,1,1,0.954959,metadata_random_forest
28.49,2.374,10.796,12.569,FS,Normal,Normal,Y,N,0,0,0.000171,metadata_random_forest
16.15,1.346,23.814,35.91,M,,Thin,Y,N,1,1,0.94562,metadata_random_forest
3.85,0.321,15.286,35.91,MN,,Normal,Y,Y,0,0,0.015804,metadata_random_forest
25.4,2.117,12.565,12.569,MN,Normal,Normal,N,N,0,0,0.00022,metadata_random_forest
30.29,2.524,39.281,35.91,M,Thin,Thin,Y,N,1,1,0.995245,metadata_random_forest
32.72,2.727,35.743,35.91,MN,,Heavy,Y,N,1,1,0.993611,metadata_random_forest
5.26,0.438,25.673,35.91,M,,Normal,N,N,0,0,0.030284,metadata_random_forest
17.7,1.475,32.432,35.91,MN,,Heavy,N,N,1,1,0.982226,metadata_random_forest
31.86,2.655,43.999,35.91,MN,,Normal,Y,N,0,0,0.03564,metadata_random_forest
23.82,1.985,33.566,35.91,FS,,Heavy,Y,Y,1,1,0.976467,metadata_random_forest
21.38,1.782,39.327,35.91,FS,,Heavy,N,N,1,1,0.993374,metadata_random_forest
4.73,0.394,6.895,12.569,M,,Normal,N,N,0,0,0.026372,metadata_random_forest
10.09,0.841,26.308,35.91,M,,Normal,Y,N,0,0,0.037779,metadata_random_forest
32.33,2.694,49.714,35.91,MN,Heavy,Heavy,Y,N,1,1,0.997999,metadata_random_forest
25.03,2.086,12.746,12.569,MN,Normal,Normal,Y,N,0,0,0.000171,metadata_random_forest
2.56,0.213,5.216,35.91,MN,,Thin,Y,N,1,1,0.959712,metadata_random_forest
24.02,2.002,13.608,12.569,F,Normal,Normal,Y,N,0,0,0.000434,metadata_random_forest
30.85,2.571,45.949,35.91,MN,,Normal,N,N,0,0,0.035688,metadata_random_forest
29.02,2.418,36.197,35.91,M,Thin,Thin,Y,N,1,1,0.997194,metadata_random_forest
24.01,2.001,11.34,12.569,MN,Normal,Normal,Y,Y,0,0,0.000349,metadata_random_forest
34.21,2.851,31.525,35.91,MN,,Heavy,Y,N,1,1,0.982378,metadata_random_forest
28.43,2.369,39.009,35.91,MN,,Heavy,N,N,1,1,0.99425,metadata_random_forest
32.5,2.708,10.659,12.569,FS,Normal,Normal,N,N,0,0,0.000642,metadata_random_forest
28.62,2.385,47.083,35.91,MN,Heavy,Heavy,Y,N,1,1,0.997999,metadata_random_forest
14.81,1.234,35.743,35.91,F,,Heavy,N,N,1,1,0.99346,metadata_random_forest
35.52,2.96,13.472,12.569,M,Normal,Normal,Y,N,0,0,0.001061,metadata_random_forest
22.51,1.876,33.566,35.91,FS,,Heavy,Y,N,1,1,0.989551,metadata_random_forest
29.96,2.497,37.648,35.91,M,,Normal,N,N,0,0,0.055617,metadata_random_forest
20.83,1.736,34.745,35.91,M,,Thin,N,N,1,1,0.955243,metadata_random_forest
32.28,2.69,34.473,35.91,FS,,Normal,N,N,0,0,0.027659,metadata_random_forest
22.31,1.859,29.393,35.91,M,,Thin,N,N,1,1,0.947509,metadata_random_forest
3.24,0.27,8.89,35.91,MN,,Normal,Y,N,0,0,0.036818,metadata_random_forest
3.41,0.284,7.847,35.91,MN,,Thin,Y,N,1,1,0.944278,metadata_random_forest
28.72,2.393,37.149,35.91,MN,,Normal,Y,N,0,0,0.029206,metadata_random_forest
9.32,0.777,31.298,35.91,F,,Heavy,Y,Y,1,1,0.951721,metadata_random_forest
28.16,2.347,9.979,12.569,FS,Normal,Normal,Y,N,0,0,0.000171,metadata_random_forest
1.36,0.113,1.814,35.91,FS,,Thin,Y,N,1,1,0.954866,metadata_random_forest
32.33,2.694,49.442,35.91,FS,,Heavy,Y,N,1,1,0.995009,metadata_random_forest
24.22,2.018,32.568,35.91,M,Thin,Thin,N,N,1,1,0.997194,metadata_random_forest
9.85,0.821,19.686,35.91,M,,Normal,Y,Y,0,0,0.01554,metadata_random_forest
31.51,2.626,36.968,35.91,MN,,Normal,Y,N,0,0,0.029206,metadata_random_forest
31.55,2.629,12.746,12.569,MN,Normal,Normal,Y,Y,0,0,0.00052,metadata_random_forest
15.3,1.275,38.555,35.91,FS,,Normal,Y,N,0,0,0.042008,metadata_random_forest
4.42,0.368,9.525,12.569,FS,,Normal,Y,Y,0,0,0.0032,metadata_random_forest
5.22,0.435,14.515,35.91,MN,,Normal,Y,N,0,0,0.026466,metadata_random_forest
12.28,1.023,12.111,12.569,M,,Normal,N,N,0,0,0.01022,metadata_random_forest
34.74,2.895,48.081,35.91,MN,,Heavy,N,N,1,1,0.996901,metadata_random_forest
35.92,2.993,23.768,35.91,M,Thin,Thin,Y,Y,1,1,1.0,metadata_random_forest
27.24,2.27,39.644,35.91,F,,Heavy,Y,N,1,1,0.995569,metadata_random_forest
28.88,2.407,38.918,35.91,MN,,Heavy,N,N,1,1,0.99425,metadata_random_forest
33.52,2.793,27.669,35.91,MN,,Normal,Y,N,0,0,0.047568,metadata_random_forest
26.24,2.187,12.701,12.569,MN,Normal,Normal,N,N,0,0,0.00022,metadata_random_forest
24.02,2.002,13.789,12.569,M,Normal,Normal,N,N,0,0,0.000936,metadata_random_forest
14.96,1.247,41.776,35.91,FS,,Heavy,N,N,1,1,0.995108,metadata_random_forest
32.63,2.719,28.622,35.91,M,Thin,Thin,N,Y,1,1,1.0,metadata_random_forest
3.67,0.306,9.616,35.91,FS,,Normal,N,N,0,0,0.034644,metadata_random_forest
11.71,0.976,39.327,35.91,M,,Heavy,Y,Y,1,1,0.965693,metadata_random_forest
32.23,2.686,38.102,35.91,M,,Normal,Y,N,0,0,0.057121,metadata_random_forest
24.91,2.076,30.164,35.91,FS,,Heavy,Y,Y,1,1,0.973565,metadata_random_forest
10.31,0.859,32.931,35.91,FS,,Normal,Y,Y,0,0,0.024077,metadata_random_forest
17.38,1.448,25.356,35.91,FS,,Normal,Y,Y,0,0,0.022983,metadata_random_forest
26.08,2.173,24.04,35.91,F,,Normal,N,N,0,0,0.046295,metadata_random_forest
27.07,2.256,33.294,35.91,FS,Normal,Normal,Y,N,0,0,0.034281,metadata_random_forest
33.82,2.818,42.819,35.91,M,,Heavy,N,N,1,1,0.992215,metadata_random_forest
24.02,2.002,48.625,35.91,M,Thin,Thin,N,N,1,1,0.998501,metadata_random_forest
29.05,2.421,9.752,12.569,MN,Normal,Normal,Y,N,0,0,0.000171,metadata_random_forest
19.64,1.637,45.359,35.91,M,,Heavy,N,N,1,1,0.993965,metadata_random_forest
28.92,2.41,42.048,35.91,FS,,Heavy,N,N,1,1,0.995009,metadata_random_forest
34.61,2.884,11.793,12.569,MN,Normal,Normal,N,Y,0,0,0.000568,metadata_random_forest
24.11,2.009,28.667,35.91,MN,,Thin,Y,N,1,1,0.959677,metadata_random_forest
19.78,1.648,23.36,35.91,FS,,Thin,Y,N,1,1,0.946453,metadata_random_forest
35.42,2.952,31.116,35.91,FS,Normal,Normal,Y,N,0,0,0.031242,metadata_random_forest
25.75,2.146,33.566,35.91,M,,Normal,N,N,0,0,0.03546,metadata_random_forest
24.02,2.002,10.614,12.569,F,Normal,Normal,Y,N,0,0,0.000434,metadata_random_forest
27.3,2.275,14.334,12.569,MN,Normal,Normal,N,N,0,0,0.00022,metadata_random_forest
10.46,0.872,44.452,35.91,MN,,Heavy,Y,N,1,1,0.989473,metadata_random_forest
24.02,2.002,13.018,12.569,M,Normal,Normal,Y,N,0,0,0.000642,metadata_random_forest
31.13,2.594,27.896,35.91,M,,Normal,Y,N,0,0,0.043167,metadata_random_forest
30.4,2.533,65.317,35.91,MN,,Heavy,N,N,1,1,0.997918,metadata_random_forest
25.43,2.119,49.442,35.91,MN,,Heavy,N,N,1,1,0.996901,metadata_random_forest
13.69,1.141,45.631,35.91,MN,,Heavy,Y,N,1,1,0.997303,metadata_random_forest
24.67,2.056,39.417,35.91,M,Thin,Thin,Y,N,1,1,0.995245,metadata_random_forest
23.92,1.993,31.797,35.91,FS,,Heavy,N,N,1,1,0.979627,metadata_random_forest
24.77,2.064,40.869,35.91,M,Thin,Thin,Y,N,1,1,0.996482,metadata_random_forest
3.05,0.254,5.897,35.91,F,,Thin,N,N,1,1,0.970768,metadata_random_forest
24.02,2.002,14.901,12.569,MN,Normal,Normal,Y,N,0,0,0.000434,metadata_random_forest
24.01,2.001,28.123,35.91,FS,,Thin,N,N,1,1,0.943568,metadata_random_forest
29.38,2.448,9.979,12.569,FS,Normal,Normal,Y,N,0,0,0.000171,metadata_random_forest
31.12,2.593,38.102,35.91,FS,,Heavy,Y,N,1,1,0.989119,metadata_random_forest
34.82,2.902,11.34,12.569,FS,Normal,Normal,N,N,0,0,0.000642,metadata_random_forest
30.85,2.571,24.131,35.91,F,Thin,Thin,Y,N,1,1,0.990586,metadata_random_forest
5.9,0.492,24.358,35.91,MN,,Heavy,N,N,1,1,0.942484,metadata_random_forest
34.79,2.899,39.916,35.91,FS,,Heavy,N,N,1,1,0.995009,metadata_random_forest
28.7,2.392,39.372,35.91,M,,Normal,N,N,0,0,0.055617,metadata_random_forest
24.88,2.073,45.087,35.91,MN,,Heavy,Y,N,1,1,0.996901,metadata_random_forest
16.82,1.402,36.106,35.91,FS,,Normal,Y,Y,0,0,0.029072,metadata_random_forest
29.9,2.492,19.504,35.91,F,Thin,Thin,Y,N,1,1,0.990586,metadata_random_forest
31.02,2.585,38.828,35.91,FS,Normal,Normal,Y,Y,0,0,0.052411,metadata_random_forest
15.29,1.274,26.49,35.91,M,,Normal,Y,N,0,0,0.043009,metadata_random_forest
17.66,1.472,47.038,35.91,M,,Normal,N,N,0,0,0.038737,metadata_random_forest
27.43,2.286,12.02,12.569,M,Normal,Normal,Y,N,0,0,0.000639,metadata_random_forest
26.87,2.239,39.236,35.91,M,Thin,Thin,N,N,1,1,0.994459,metadata_random_forest
10.86,0.905,33.838,35.91,FS,,Normal,Y,Y,0,0,0.024077,metadata_random_forest
16.26,1.355,40.415,35.91,F,,Heavy,N,N,1,1,0.997303,metadata_random_forest
30.49,2.541,37.376,35.91,FS,Heavy,Heavy,Y,N,1,1,0.995414,metadata_random_forest
24.94,2.078,37.013,35.91,MN,,Heavy,N,N,1,1,0.992141,metadata_random_forest
28.76,2.397,9.752,12.569,F,Normal,Normal,Y,N,0,0,0.000171,metadata_random_forest
27.23,2.269,8.437,12.569,F,Normal,Normal,Y,N,0,0,0.000171,metadata_random_forest
5.17,0.431,18.824,35.91,FS,,Normal,N,N,0,0,0.035702,metadata_random_forest
15.73,1.311,50.303,35.91,MN,,Heavy,Y,N,1,1,0.997303,metadata_random_forest
15.01,1.251,50.303,35.91,MN,,Heavy,Y,N,1,1,0.997303,metadata_random_forest
6.59,0.549,21.319,35.91,MN,,Thin,N,N,1,1,0.938262,metadata_random_forest
29.5,2.458,42.728,35.91,MN,,Normal,N,N,0,0,0.035688,metadata_random_forest
33.48,2.79,11.703,12.569,FS,Normal,Normal,Y,N,0,0,0.000594,metadata_random_forest
32.24,2.687,13.653,12.569,MN,Normal,Normal,N,N,0,0,0.000642,metadata_random_forest
3.24,0.27,10.886,35.91,M,,Normal,Y,N,0,0,0.032537,metadata_random_forest
14.7,1.225,23.95,35.91,F,,Normal,N,N,0,0,0.046133,metadata_random_forest
35.56,2.963,32.114,35.91,FS,,Heavy,Y,N,1,1,0.983292,metadata_random_forest
9.05,0.754,29.937,35.91,MN,,Heavy,Y,N,1,1,0.981636,metadata_random_forest
17.04,1.42,53.524,35.91,MN,,Heavy,Y,N,1,1,0.99832,metadata_random_forest
25.0,2.083,42.003,35.91,M,,Normal,N,N,0,0,0.052124,metadata_random_forest
4.04,0.337,21.137,35.91,M,,Normal,N,N,0,0,0.034691,metadata_random_forest
34.48,2.873,36.287,35.91,FS,,Heavy,N,N,1,1,0.98701,metadata_random_forest
20.14,1.678,29.62,35.91,FS,,Heavy,N,N,1,1,0.986077,metadata_random_forest
22.79,1.899,33.566,35.91,F,,Normal,Y,N,0,0,0.034119,metadata_random_forest
2.4,0.2,2.722,12.569,M,,Normal,Y,N,0,0,0.03604,metadata_random_forest
24.01,2.001,14.515,12.569,MN,Normal,Normal,Y,N,0,0,0.0,metadata_random_forest
7.66,0.638,42.003,35.91,M,,Normal,Y,Y,0,0,0.026271,metadata_random_forest
24.24,2.02,11.793,12.569,M,Normal,Normal,Y,N,0,0,0.000434,metadata_random_forest
24.08,2.007,16.284,35.91,MN,,Thin,N,N,1,1,0.9229,metadata_random_forest
3.29,0.274,6.94,35.91,MN,,Normal,Y,N,0,0,0.047478,metadata_random_forest
27.01,2.251,39.236,35.91,M,Thin,Thin,N,N,1,1,0.994459,metadata_random_forest
11.72,0.977,41.277,35.91,FS,,Heavy,Y,N,1,1,0.991349,metadata_random_forest
27.62,2.302,42.184,35.91,MN,,Heavy,N,N,1,1,0.996901,metadata_random_forest
4.44,0.37,17.237,35.91,MN,,Normal,N,N,0,0,0.033082,metadata_random_forest
28.66,2.388,9.707,12.569,F,Normal,Normal,Y,Y,0,0,0.00052,metadata_random_forest
3.6,0.3,19.958,35.91,MN,,Heavy,Y,Y,1,1,0.909686,metadata_random_forest
27.9,2.325,8.8,12.569,FS,,Normal,N,N,0,0,0.00022,metadata_random_forest
9.79,0.816,34.836,35.91,F,,Normal,N,N,0,0,0.028663,metadata_random_forest
2.22,0.185,3.901,12.569,F,,Normal,Y,N,0,0,0.027389,metadata_random_forest
5.1,0.425,22.453,35.91,MN,,Normal,N,N,0,0,0.033844,metadata_random_forest
23.48,1.957,36.741,35.91,FS,,Heavy,N,N,1,1,0.987482,metadata_random_forest
25.73,2.144,53.479,35.91,FS,Heavy,Heavy,Y,Y,1,1,0.993628,metadata_random_forest
32.21,2.684,43.545,35.91,FS,,Heavy,N,N,1,1,0.995009,metadata_random_forest
6.32,0.527,14.424,35.91,MN,,Normal,N,N,0,0,0.036944,metadata_random_forest
29.38,2.448,30.436,35.91,F,Thin,Thin,Y,Y,1,1,0.998009,metadata_random_forest
29.77,2.481,39.735,35.91,M,Thin,Thin,N,N,1,1,0.995696,metadata_random_forest
18.46,1.538,5.811,35.91,MN,,Heavy,N,N,1,1,0.940231,metadata_random_forest
2.62,0.218,7.031,35.91,FS,,Thin,Y,N,1,1,0.944042,metadata_random_forest
10.19,0.849,30.073,35.91,MN,,Normal,N,N,0,0,0.027343,metadata_random_forest
30.47,2.539,36.287,35.91,FS,Normal,Normal,Y,N,0,0,0.028659,metadata_random_forest
9.1,0.758,30.844,35.91,MN,,Normal,Y,Y,0,0,0.014668,metadata_random_forest
9.91,0.826,37.875,35.91,MN,,Heavy,Y,N,1,1,0.989473,metadata_random_forest
4.21,0.351,14.787,35.91,MN,,Normal,Y,N,0,0,0.028888,metadata_random_forest
24.24,2.02,46.266,35.91,F,,Heavy,Y,N,1,1,0.998219,metadata_random_forest
35.82,2.985,32.205,35.91,FS,,Normal,N,Y,0,0,0.021216,metadata_random_forest
33.55,2.796,9.435,12.569,FS,Normal,Normal,Y,N,0,0,0.000594,metadata_random_forest
31.91,2.659,25.129,35.91,FS,,Normal,N,N,0,0,0.042911,metadata_random_forest
33.95,2.829,54.431,35.91,MN,,Heavy,N,N,1,1,0.997918,metadata_random_forest
9.17,0.764,31.026,35.91,F,,Normal,Y,N,0,0,0.031309,metadata_random_forest
22.96,1.913,33.566,35.91,FS,,Heavy,Y,N,1,1,0.989551,metadata_random_forest
29.44,2.453,44.452,35.91,MN,,Heavy,Y,N,1,1,0.996901,metadata_random_forest
33.29,2.774,11.884,12.569,F,Normal,Normal,N,N,0,0,0.000642,metadata_random_forest
25.86,2.155,14.061,12.569,MN,Normal,Normal,Y,N,0,0,0.000171,metadata_random_forest
28.0,2.333,9.299,12.569,FS,Normal,Normal,Y,Y,0,0,0.000448,metadata_random_forest
24.06,2.005,12.701,12.569,M,Normal,Normal,Y,N,0,0,0.000642,metadata_random_forest
33.58,2.798,34.972,35.91,F,,Heavy,N,N,1,1,0.99346,metadata_random_forest
14.26,1.188,43.046,35.91,M,,Thin,Y,N,1,1,0.923674,metadata_random_forest
24.9,2.075,50.258,35.91,MN,Heavy,Heavy,Y,N,1,1,0.997999,metadata_random_forest
24.01,2.001,12.338,12.569,F,Normal,Normal,Y,N,0,0,0.0,metadata_random_forest
4.36,0.363,19.822,35.91,MN,,Heavy,Y,N,1,1,0.942448,metadata_random_forest
33.52,2.793,37.966,35.91,FS,Normal,Normal,Y,Y,0,0,0.044645,metadata_random_forest
4.91,0.409,20.638,35.91,MN,,Normal,Y,Y,0,0,0.007751,metadata_random_forest
14.11,1.176,31.842,35.91,F,,Normal,Y,Y,0,0,0.019312,metadata_random_forest
27.23,2.269,47.446,35.91,MN,Heavy,Heavy,Y,N,1,1,0.997999,metadata_random_forest
31.19,2.599,52.163,35.91,F,,Heavy,Y,N,1,1,0.998219,metadata_random_forest
19.98,1.665,23.995,35.91,MN,,Thin,N,N,1,1,0.971275,metadata_random_forest
24.02,2.002,10.523,12.569,F,Normal,Normal,Y,N,0,0,0.000434,metadata_random_forest
30.89,2.574,28.213,35.91,F,,Thin,N,N,1,1,0.946291,metadata_random_forest
31.74,2.645,12.066,12.569,F,Normal,Normal,N,N,0,0,0.00022,metadata_random_forest
32.52,2.71,37.83,35.91,MN,,Normal,Y,N,0,0,0.040802,metadata_random_forest
34.9,2.908,30.754,35.91,M,Thin,Thin,Y,N,1,1,0.997194,metadata_random_forest
25.2,2.1,46.72,35.91,FS,Heavy,Heavy,Y,N,1,1,0.99665,metadata_random_forest
27.01,2.251,39.962,35.91,MN,,Heavy,Y,N,1,1,0.996901,metadata_random_forest
4.04,0.337,15.059,35.91,F,,Normal,Y,Y,0,0,0.013728,metadata_random_forest
2.98,0.248,5.262,12.569,MN,,Normal,Y,N,0,0,0.028678,metadata_random_forest
18.06,1.505,32.749,35.91,M,,Heavy,Y,N,1,1,0.990364,metadata_random_forest
25.52,2.127,45.586,35.91,MN,,Heavy,Y,N,1,1,0.996901,metadata_random_forest
30.59,2.549,12.292,12.569,MN,Normal,Normal,Y,N,0,0,0.000171,metadata_random_forest
7.21,0.601,38.782,35.91,MN,,Heavy,N,N,1,1,0.980466,metadata_random_forest
2.69,0.224,6.26,35.91,F,,Normal,Y,Y,0,0,0.018399,metadata_random_forest
34.7,2.892,39.689,35.91,FS,,Heavy,Y,N,1,1,0.992359,metadata_random_forest
25.88,2.157,33.521,35.91,MN,,Heavy,Y,N,1,1,0.989652,metadata_random_forest
30.23,2.519,39.916,35.91,MN,,Heavy,N,N,1,1,0.996901,metadata_random_forest
19.7,1.642,23.496,35.91,MN,,Thin,N,N,1,1,0.971275,metadata_random_forest
3.62,0.302,8.618,35.91,F,,Normal,N,N,0,0,0.042452,metadata_random_forest
32.04,2.67,12.066,12.569,M,Normal,Normal,Y,N,0,0,0.000639,metadata_random_forest
20.23,1.686,9.435,12.569,MN,,Normal,N,N,0,0,0.011289,metadata_random_forest
13.08,1.09,26.943,35.91,F,,Normal,Y,Y,0,0,0.019186,metadata_random_forest
24.9,2.075,47.627,35.91,MN,,Normal,Y,Y,0,0,0.044604,metadata_random_forest
1.6,0.133,4.763,35.91,FS,,Heavy,Y,N,1,1,0.90202,metadata_random_forest
24.02,2.002,32.205,35.91,M,Thin,Thin,Y,Y,1,1,1.0,metadata_random_forest
12.02,1.002,26.036,35.91,FS,,Heavy,Y,N,1,1,0.973534,metadata_random_forest
19.91,1.659,37.013,35.91,MN,,Heavy,Y,N,1,1,0.99493,metadata_random_forest
28.52,2.377,11.748,12.569,FS,Normal,Normal,Y,N,0,0,0.000171,metadata_random_forest
25.9,2.158,38.964,35.91,MN,,Heavy,Y,N,1,1,0.99425,metadata_random_forest
34.1,2.842,10.16,12.569,FS,Normal,Normal,Y,N,0,0,0.000594,metadata_random_forest
1.56,0.13,1.678,35.91,F,,Thin,Y,N,1,1,0.956624,metadata_random_forest
27.96,2.33,10.886,12.569,F,Normal,Normal,N,N,0,0,0.00022,metadata_random_forest
3.35,0.279,14.515,35.91,F,,Normal,Y,N,0,0,0.032707,metadata_random_forest
22.31,1.859,29.121,35.91,FS,,Heavy,N,N,1,1,0.98142,metadata_random_forest
30.04,2.503,12.701,12.569,MN,Normal,Normal,Y,Y,0,0,0.00052,metadata_random_forest
25.26,2.105,18.439,35.91,F,Thin,Thin,Y,Y,1,1,0.986376,metadata_random_forest
27.22,2.268,42.456,35.91,M,,Heavy,N,N,1,1,0.992215,metadata_random_forest
4.85,0.404,12.61,35.91,M,,Normal,Y,Y,0,0,0.01086,metadata_random_forest
30.04,2.503,10.433,12.569,FS,Normal,Normal,N,N,0,0,0.00022,metadata_random_forest
33.38,2.782,9.888,12.569,FS,Normal,Normal,Y,N,0,0,0.000594,metadata_random_forest
17.66,1.472,45.722,35.91,MN,,Heavy,Y,N,1,1,0.997303,metadata_random_forest
16.75,1.396,36.469,35.91,FS,,Heavy,N,N,1,1,0.991265,metadata_random_forest
9.24,0.77,15.83,35.91,FS,,Normal,N,N,0,0,0.038789,metadata_random_forest
13.07,1.089,34.156,35.91,FS,,Heavy,N,Y,1,1,0.974601,metadata_random_forest
29.77,2.481,36.741,35.91,FS,,Heavy,Y,Y,1,1,0.982093,metadata_random_forest
28.49,2.374,37.376,35.91,FS,Normal,Normal,N,N,0,0,0.041062,metadata_random_forest
6.62,0.552,28.712,35.91,MN,,Normal,N,N,0,0,0.031357,metadata_random_forest
31.91,2.659,37.285,35.91,MN,,Heavy,N,N,1,1,0.992141,metadata_random_forest
29.18,2.432,33.203,35.91,M,Thin,Thin,Y,N,1,1,0.997194,metadata_random_forest
29.51,2.459,37.553,35.91,M,Thin,Thin,Y,N,1,1,0.995245,metadata_random_forest
24.71,2.059,37.875,35.91,FS,,Heavy,N,N,1,1,0.989119,metadata_random_forest
7.91,0.659,31.207,35.91,FS,,Normal,Y,Y,0,0,0.015035,metadata_random_forest
16.12,1.343,32.659,35.91,MN,,Heavy,Y,N,1,1,0.983697,metadata_random_forest
32.82,2.735,46.221,35.91,FS,,Heavy,N,N,1,1,0.995009,metadata_random_forest
24.18,2.015,23.496,35.91,F,,Heavy,N,Y,1,1,0.977321,metadata_random_forest
5.82,0.485,19.595,35.91,FS,,Normal,N,Y,0,0,0.006331,metadata_random_forest
28.2,2.35,39.009,35.91,FS,,Normal,N,N,0,0,0.044302,metadata_random_forest
22.97,1.914,31.842,35.91,FS,,Heavy,Y,N,1,1,0.988322,metadata_random_forest
27.11,2.259,42.728,35.91,MN,Heavy,Heavy,N,N,1,1,0.997999,metadata_random_forest
24.02,2.002,13.472,12.569,M,Normal,Normal,Y,N,0,0,0.000642,metadata_random_forest
24.41,2.034,10.705,12.569,MN,Normal,Normal,Y,N,0,0,0.000434,metadata_random_forest
24.02,2.002,26.717,35.91,M,Thin,Thin,N,N,1,1,1.0,metadata_random_forest
33.85,2.821,11.612,12.569,FS,Normal,Normal,N,N,0,0,0.000642,metadata_random_forest
24.02,2.002,12.973,12.569,MN,Normal,Normal,N,N,0,0,0.001508,metadata_random_forest
29.74,2.478,37.421,35.91,FS,Heavy,Heavy,Y,N,1,1,0.995414,metadata_random_forest
26.32,2.193,13.789,35.91,FS,Thin,Thin,Y,N,1,1,0.98705,metadata_random_forest
3.53,0.294,8.981,35.91,MN,,Thin,N,Y,1,1,0.909615,metadata_random_forest
32.21,2.684,31.479,35.91,FS,Normal,Normal,N,N,0,0,0.030805,metadata_random_forest
18.19,1.516,40.098,35.91,MN,,Heavy,Y,N,1,1,0.997303,metadata_random_forest
30.04,2.503,10.705,12.569,FS,Normal,Normal,Y,Y,0,0,0.000448,metadata_random_forest
1.6,0.133,1.86,35.91,F,,Thin,Y,N,1,1,0.953585,metadata_random_forest
25.07,2.089,41.322,35.91,M,Thin,Thin,Y,Y,1,1,0.999288,metadata_random_forest
15.58,1.298,36.696,35.91,MN,,Thin,N,N,1,1,0.955728,metadata_random_forest
28.07,2.339,10.796,12.569,FS,Normal,Normal,Y,N,0,0,0.000171,metadata_random_forest
17.24,1.437,47.264,35.91,MN,,Heavy,Y,Y,1,1,0.9843,metadata_random_forest
29.47,2.456,34.11,35.91,FS,,Normal,Y,N,0,0,0.028659,metadata_random_forest
19.61,1.634,58.513,35.91,MN,,Heavy,Y,Y,1,1,0.990558,metadata_random_forest
35.1,2.925,55.792,35.91,MN,,Heavy,N,N,1,1,0.997918,metadata_random_forest
20.95,1.746,42.139,35.91,FS,,Heavy,N,N,1,1,0.996024,metadata_random_forest
34.64,2.887,38.828,35.91,FS,,Heavy,N,N,1,1,0.989119,metadata_random_forest
31.64,2.637,32.205,35.91,FS,Normal,Normal,N,N,0,0,0.030383,metadata_random_forest
28.43,2.369,25.855,35.91,MN,Thin,Thin,Y,N,1,1,0.992577,metadata_random_forest
32.2,2.683,32.568,35.91,FS,,Heavy,Y,N,1,1,0.983292,metadata_random_forest
29.15,2.429,48.988,35.91,MN,,Heavy,Y,N,1,1,0.996901,metadata_random_forest
30.95,2.579,11.929,12.569,MN,Normal,Normal,Y,N,0,0,0.000171,metadata_random_forest
29.89,2.491,11.703,12.569,FS,Normal,Normal,Y,N,0,0,0.000171,metadata_random_forest
31.75,2.646,12.837,12.569,M,Normal,Normal,Y,Y,0,0,0.000988,metadata_random_forest
30.04,2.503,9.299,12.569,FS,Normal,Normal,N,N,0,0,0.00022,metadata_random_forest
11.66,0.972,40.188,35.91,MN,,Thin,N,N,1,1,0.937691,metadata_random_forest
34.27,2.856,57.606,35.91,MN,,Heavy,Y,N,1,1,0.997918,metadata_random_forest
28.16,2.347,43.091,35.91,FS,,Heavy,N,N,1,1,0.995009,metadata_random_forest
28.36,2.363,14.606,12.569,MN,Normal,Normal,Y,N,0,0,0.000171,metadata_random_forest
32.68,2.723,12.428,12.569,M,Normal,Normal,N,N,0,0,0.000765,metadata_random_forest
24.71,2.059,38.828,35.91,MN,,Thin,Y,N,1,1,0.934875,metadata_random_forest
27.73,2.311,33.067,35.91,FS,,Heavy,Y,N,1,1,0.983292,metadata_random_forest
30.26,2.522,10.705,12.569,FS,Normal,Normal,Y,N,0,0,0.000171,metadata_random_forest
29.04,2.42,11.113,12.569,MN,Normal,Normal,Y,N,0,0,0.000171,metadata_random_forest
34.84,2.903,13.29,12.569,M,Normal,Normal,N,N,0,0,0.000765,metadata_random_forest
22.93,1.911,41.594,35.91,MN,,Heavy,Y,N,1,1,0.998219,metadata_random_forest
15.86,1.322,39.689,35.91,FS,,Heavy,Y,N,1,1,0.993232,metadata_random_forest
14.77,1.231,42.184,35.91,MN,,Heavy,Y,N,1,1,0.997303,metadata_random_forest
3.17,0.264,6.169,35.91,MN,,Thin,N,N,1,1,0.963157,metadata_random_forest
3.34,0.278,10.523,35.91,M,,Normal,Y,Y,0,0,0.021605,metadata_random_forest
20.81,1.734,38.102,35.91,M,,Normal,N,N,0,0,0.044394,metadata_random_forest
15.78,1.315,35.834,35.91,M,,Normal,Y,Y,0,0,0.025352,metadata_random_forest
31.09,2.591,43.545,35.91,MN,Heavy,Heavy,N,N,1,1,0.997999,metadata_random_forest
27.6,2.3,8.074,12.569,FS,Normal,Normal,N,N,0,0,0.00022,metadata_random_forest
18.56,1.547,52.98,35.91,MN,,Heavy,Y,N,1,1,0.99832,metadata_random_forest
30.2,2.517,11.294,12.569,F,Normal,Normal,Y,N,0,0,0.000171,metadata_random_forest
12.02,1.002,30.436,35.91,M,,Thin,Y,Y,1,1,0.933743,metadata_random_forest
25.2,2.1,11.521,12.569,M,Normal,Normal,N,N,0,0,0.000343,metadata_random_forest
25.54,2.128,25.174,35.91,F,Thin,Thin,Y,N,1,1,0.990586,metadata_random_forest
4.39,0.366,19.006,35.91,F,,Normal,Y,Y,0,0,0.014624,metadata_random_forest
8.5,0.708,29.484,35.91,FS,,Heavy,N,N,1,1,0.969686,metadata_random_forest
35.76,2.98,11.294,12.569,MN,Normal,Normal,N,N,0,0,0.000642,metadata_random_forest
35.95,2.996,31.389,35.91,F,Thin,Thin,Y,N,1,1,0.995203,metadata_random_forest
34.25,2.854,39.009,35.91,MN,,Heavy,Y,N,1,1,0.99425,metadata_random_forest
26.12,2.177,49.578,35.91,M,Thin,Thin,Y,N,1,1,0.996482,metadata_random_forest
4.74,0.395,19.232,35.91,MN,,Normal,N,N,0,0,0.034011,metadata_random_forest
35.98,2.998,38.555,35.91,FS,,Heavy,Y,N,1,1,0.982023,metadata_random_forest
35.39,2.949,13.517,12.569,MN,Normal,Normal,Y,N,0,0,0.000594,metadata_random_forest
17.75,1.479,43.999,35.91,F,,Heavy,Y,N,1,1,0.997303,metadata_random_forest
33.47,2.789,25.129,35.91,MN,,Normal,Y,N,0,0,0.047568,metadata_random_forest
21.68,1.807,9.934,12.569,FS,,Normal,N,N,0,0,0.010454,metadata_random_forest
27.86,2.322,10.433,12.569,FS,Normal,Normal,Y,N,0,0,0.000171,metadata_random_forest
4.76,0.397,16.329,35.91,F,,Normal,Y,N,0,0,0.028389,metadata_random_forest
25.3,2.108,10.342,12.569,MN,Normal,Normal,Y,N,0,0,0.000171,metadata_random_forest
32.66,2.722,47.174,35.91,M,Thin,Thin,Y,Y,1,1,0.999288,metadata_random_forest
2.65,0.221,5.897,35.91,M,,Thin,N,N,1,1,0.969887,metadata_random_forest
27.48,2.29,11.249,12.569,F,Normal,Normal,Y,Y,0,0,0.00052,metadata_random_forest
33.49,2.791,11.34,12.569,FS,Normal,Normal,Y,Y,0,0,0.000448,metadata_random_forest
33.16,2.763,10.705,12.569,FS,Normal,Normal,N,N,0,0,0.000642,metadata_random_forest
26.45,2.204,41.277,35.91,FS,,Heavy,N,N,1,1,0.995009,metadata_random_forest
29.52,2.46,54.613,35.91,MN,,Heavy,Y,N,1,1,0.997918,metadata_random_forest
25.56,2.13,34.292,35.91,FS,Normal,Normal,Y,N,0,0,0.029907,metadata_random_forest
24.02,2.002,46.72,35.91,MN,,Heavy,Y,Y,1,1,0.982392,metadata_random_forest
7.52,0.627,23.587,35.91,M,,Normal,N,N,0,0,0.040201,metadata_random_forest
35.3,2.942,28.259,35.91,FS,,Normal,Y,N,0,0,0.040703,metadata_random_forest
33.58,2.798,13.381,12.569,MN,Normal,Normal,N,Y,0,0,0.000568,metadata_random_forest
27.2,2.267,37.648,35.91,M,Thin,Thin,Y,N,1,1,0.995245,metadata_random_forest
6.04,0.503,33.112,35.91,M,,Normal,N,N,0,0,0.025494,metadata_random_forest
25.87,2.156,13.608,12.569,MN,Normal,Normal,N,Y,0,0,0.000568,metadata_random_forest
22.46,1.872,50.349,35.91,MN,,Normal,Y,N,0,0,0.026367,metadata_random_forest
24.58,2.048,44.996,35.91,M,,Heavy,N,N,1,1,0.992215,metadata_random_forest
22.72,1.893,20.729,35.91,FS,,Normal,Y,N,0,0,0.041733,metadata_random_forest
12.02,1.002,29.846,35.91,M,,Thin,Y,N,1,1,0.93612,metadata_random_forest
32.95,2.746,55.157,35.91,MN,,Normal,N,N,0,0,0.037127,metadata_random_forest
34.18,2.848,8.89,12.569,FS,Normal,Normal,N,N,0,0,0.000642,metadata_random_forest
33.65,2.804,51.936,35.91,MN,,Heavy,N,Y,1,1,0.996592,metadata_random_forest
33.4,2.783,38.555,35.91,FS,,Heavy,Y,N,1,1,0.989119,metadata_random_forest
32.6,2.717,9.163,12.569,FS,Normal,Normal,N,N,0,0,0.000642,metadata_random_forest
3.3,0.275,7.62,35.91,MN,,Thin,Y,N,1,1,0.94448,metadata_random_forest
30.96,2.58,36.968,35.91,FS,,Heavy,N,N,1,1,0.98701,metadata_random_forest
20.86,1.738,42.638,35.91,FS,,Heavy,Y,N,1,1,0.996799,metadata_random_forest
30.72,2.56,39.009,35.91,FS,,Heavy,N,N,1,1,0.992359,metadata_random_forest
33.55,2.796,12.02,12.569,M,Normal,Normal,N,N,0,0,0.000765,metadata_random_forest
30.76,2.563,12.927,12.569,M,Normal,Normal,N,N,0,0,0.000343,metadata_random_forest
29.93,2.494,11.294,12.569,FS,Normal,Normal,N,N,0,0,0.00022,metadata_random_forest
30.47,2.539,28.849,35.91,M,Thin,Thin,Y,N,1,1,0.997194,metadata_random_forest
14.47,1.206,35.652,35.91,FS,,Heavy,Y,N,1,1,0.996068,metadata_random_forest
31.72,2.643,41.731,35.91,MN,,Heavy,Y,N,1,1,0.996901,metadata_random_forest
2.51,0.209,4.99,35.91,FS,,Thin,Y,N,1,1,0.95162,metadata_random_forest
27.2,2.267,12.247,12.569,MN,Normal,Normal,N,N,0,0,0.00022,metadata_random_forest
4.73,0.394,18.643,35.91,MN,,Normal,N,N,0,0,0.034011,metadata_random_forest
19.44,1.62,10.523,12.569,MN,,Normal,N,N,0,0,0.011289,metadata_random_forest
5.74,0.478,18.144,35.91,M,,Thin,Y,Y,1,1,0.917047,metadata_random_forest
31.09,2.591,9.934,12.569,FS,Normal,Normal,Y,N,0,0,0.000171,metadata_random_forest
24.02,2.002,38.555,35.91,M,,Thin,Y,N,1,1,0.94176,metadata_random_forest
2.32,0.193,6.804,35.91,M,,Normal,Y,Y,0,0,0.030842,metadata_random_forest
8.3,0.692,29.484,35.91,M,,Thin,N,N,1,1,0.940634,metadata_random_forest
7.32,0.61,16.964,35.91,F,,Normal,N,N,0,0,0.0352,metadata_random_forest
32.44,2.703,10.07,12.569,FS,Normal,Normal,Y,Y,0,0,0.000448,metadata_random_forest
5.21,0.434,16.647,35.91,M,,Normal,N,N,0,0,0.033969,metadata_random_forest
35.52,2.96,9.389,12.569,F,Normal,Normal,Y,Y,0,0,0.00052,metadata_random_forest
20.14,1.678,22.135,35.91,F,,Normal,N,N,0,0,0.046474,metadata_random_forest
24.01,2.001,15.876,12.569,M,Normal,Normal,Y,N,0,0,0.000209,metadata_random_forest
26.48,2.207,14.878,12.569,MN,Normal,Normal,Y,N,0,0,0.000171,metadata_random_forest
35.82,2.985,47.264,35.91,MN,,Heavy,Y,N,1,1,0.996901,metadata_random_forest
25.66,2.138,41.731,35.91,MN,Heavy,Heavy,Y,N,1,1,0.997999,metadata_random_forest
15.97,1.331,50.349,35.91,MN,,Normal,N,N,0,0,0.025893,metadata_random_forest
21.22,1.768,34.473,35.91,FS,,Heavy,N,N,1,1,0.991265,metadata_random_forest
30.29,2.524,40.46,35.91,F,,Normal,Y,Y,0,0,0.047243,metadata_random_forest
3.18,0.265,11.793,35.91,M,,Thin,N,N,1,1,0.937668,metadata_random_forest
1.7,0.142,3.901,35.91,M,,Normal,Y,Y,0,0,0.023222,metadata_random_forest
35.5,2.958,49.895,35.91,M,Thin,Thin,Y,Y,1,1,0.999288,metadata_random_forest
33.36,2.78,9.888,12.569,FS,Normal,Normal,Y,Y,0,0,0.000448,metadata_random_forest
25.14,2.095,50.802,35.91,F,,Heavy,Y,N,1,1,0.998219,metadata_random_forest
3.65,0.304,19.414,35.91,FS,,Normal,Y,Y,0,0,0.014289,metadata_random_forest
27.83,2.319,32.795,35.91,FS,Normal,Normal,Y,N,0,0,0.031805,metadata_random_forest
4.03,0.336,20.548,35.91,M,,Thin,Y,Y,1,1,0.908402,metadata_random_forest
21.76,1.813,39.463,35.91,FS,,Heavy,N,N,1,1,0.993374,metadata_random_forest
20.56,1.713,48.308,35.91,MN,,Heavy,N,N,1,1,0.997303,metadata_random_forest
34.9,2.908,48.943,35.91,MN,,Heavy,N,N,1,1,0.996901,metadata_random_forest
29.84,2.487,52.163,35.91,F,,Heavy,Y,Y,1,1,0.996592,metadata_random_forest
29.11,2.426,39.735,35.91,FS,,Heavy,N,N,1,1,0.987189,metadata_random_forest
28.2,2.35,13.789,12.569,MN,Normal,Normal,N,Y,0,0,0.000568,metadata_random_forest
26.64,2.22,10.115,12.569,FS,Normal,Normal,Y,N,0,0,0.000171,metadata_random_forest
26.18,2.182,49.895,35.91,MN,Heavy,Heavy,Y,N,1,1,0.997999,metadata_random_forest
24.02,2.002,24.358,35.91,F,,Heavy,Y,N,1,1,0.985085,metadata_random_forest
5.64,0.47,27.624,35.91,M,,Normal,Y,Y,0,0,0.01726,metadata_random_forest
3.88,0.323,10.07,35.91,M,,Normal,Y,Y,0,0,0.01536,metadata_random_forest
33.25,2.771,31.752,35.91,F,Thin,Thin,Y,N,1,1,0.995203,metadata_random_forest
35.46,2.955,10.07,12.569,FS,Normal,Normal,Y,Y,0,0,0.000448,metadata_random_forest
25.93,2.161,13.245,12.569,M,Normal,Normal,Y,N,0,0,0.000639,metadata_random_forest
26.38,2.198,14.424,12.569,M,Normal,Normal,N,N,0,0,0.000343,metadata_random_forest
24.54,2.045,33.112,35.91,FS,Normal,Normal,Y,N,0,0,0.036067,metadata_random_forest
35.06,2.922,41.232,35.91,MN,Heavy,Heavy,Y,N,1,1,0.997999,metadata_random_forest
12.02,1.002,38.555,35.91,F,,Normal,Y,Y,0,0,0.029113,metadata_random_forest
5.1,0.425,27.488,35.91,M,,Normal,Y,Y,0,0,0.01726,metadata_random_forest
29.74,2.478,11.431,12.569,MN,Normal,Normal,Y,N,0,0,0.000171,metadata_random_forest
27.3,2.275,24.721,35.91,MN,,Normal,Y,N,0,0,0.048393,metadata_random_forest
26.06,2.172,38.918,35.91,MN,,Heavy,N,N,1,1,0.99425,metadata_random_forest
4.09,0.341,13.29,35.91,FS,,Normal,Y,Y,0,0,0.010913,metadata_random_forest
24.72,2.06,19.641,35.91,F,,Normal,Y,N,0,0,0.062962,metadata_random_forest
5.27,0.439,18.053,35.91,FS,,Normal,N,Y,0,0,0.014223,metadata_random_forest
18.0,1.5,42.229,35.91,MN,,Heavy,Y,N,1,1,0.997303,metadata_random_forest
31.02,2.585,31.207,35.91,MN,,Normal,N,N,0,0,0.031021,metadata_random_forest
25.99,2.166,13.699,12.569,MN,Normal,Normal,Y,Y,0,0,0.00052,metadata_random_forest
3.26,0.272,7.756,35.91,M,,Normal,Y,Y,0,0,0.025901,metadata_random_forest
27.7,2.308,40.37,35.91,MN,,Heavy,Y,N,1,1,0.996901,metadata_random_forest
26.52,2.21,18.643,35.91,FS,Thin,Thin,Y,N,1,1,0.987911,metadata_random_forest
17.08,1.423,34.836,35.91,FS,,Heavy,Y,N,1,1,0.99351,metadata_random_forest
21.54,1.795,38.555,35.91,FS,,Heavy,Y,Y,1,1,0.976663,metadata_random_forest
24.41,2.034,33.339,35.91,F,,Heavy,N,N,1,1,0.989501,metadata_random_forest
33.52,2.793,41.186,35.91,M,Thin,Thin,Y,Y,1,1,0.999288,metadata_random_forest
17.96,1.497,47.99,35.91,MN,,Heavy,N,N,1,1,0.997303,metadata_random_forest
35.56,2.963,12.927,12.569,M,Normal,Normal,Y,Y,0,0,0.000988,metadata_random_forest
12.02,1.002,23.95,35.91,M,,Thin,Y,N,1,1,0.93612,metadata_random_forest
31.8,2.65,45.813,35.91,MN,,Heavy,Y,N,1,1,0.996901,metadata_random_forest
7.66,0.638,32.341,35.91,MN,,Normal,N,N,0,0,0.025278,metadata_random_forest
30.02,2.502,9.888,12.569,MN,Normal,Normal,Y,N,0,0,0.000171,metadata_random_forest
17.53,1.461,39.1,35.91,M,,Normal,Y,N,0,0,0.045205,metadata_random_forest
8.98,0.748,37.648,35.91,FS,,Normal,Y,Y,0,0,0.03528,metadata_random_forest
23.42,1.952,37.966,35.91,MN,,Heavy,N,N,1,1,0.995569,metadata_random_forest
25.04,2.087,21.772,35.91,F,,Thin,Y,N,1,1,0.947327,metadata_random_forest
29.64,2.47,38.555,35.91,M,Thin,Thin,Y,N,1,1,0.995245,metadata_random_forest
27.92,2.327,13.789,12.569,M,Normal,Normal,Y,Y,0,0,0.000988,metadata_random_forest
24.02,2.002,12.247,12.569,MN,Normal,Normal,N,N,0,0,0.001508,metadata_random_forest
35.72,2.977,13.971,12.569,M,Normal,Normal,Y,N,0,0,0.001061,metadata_random_forest
25.3,2.108,40.914,35.91,FS,,Heavy,Y,N,1,1,0.995009,metadata_random_forest
34.28,2.857,29.302,35.91,FS,,Normal,N,N,0,0,0.034481,metadata_random_forest
30.04,2.503,13.608,12.569,MN,Normal,Normal,N,N,0,0,0.00022,metadata_random_forest
10.55,0.879,31.116,35.91,FS,,Normal,N,N,0,0,0.035854,metadata_random_forest
6.34,0.528,20.412,35.91,M,,Thin,N,N,1,1,0.926906,metadata_random_forest
5.23,0.436,14.606,35.91,FS,,Normal,N,N,0,0,0.029817,metadata_random_forest
15.79,1.316,31.298,35.91,F,,Thin,Y,N,1,1,0.950435,metadata_random_forest
24.02,2.002,39.236,35.91,M,Thin,Thin,Y,N,1,1,0.998051,metadata_random_forest
24.08,2.007,32.931,35.91,FS,Normal,Normal,N,N,0,0,0.035463,metadata_random_forest
30.53,2.544,14.334,12.569,M,Normal,Normal,Y,N,0,0,0.000639,metadata_random_forest
26.76,2.23,28.486,35.91,MN,,Normal,N,Y,0,0,0.01348,metadata_random_forest
28.26,2.355,14.152,12.569,MN,,Normal,N,N,0,0,0.00022,metadata_random_forest
29.46,2.455,27.17,35.91,FS,,Normal,Y,N,0,0,0.044334,metadata_random_forest
4.2,0.35,21.772,35.91,FS,,Normal,N,Y,0,0,0.008028,metadata_random_forest
23.82,1.985,31.343,35.91,FS,,Normal,Y,N,0,0,0.04188,metadata_random_forest
4.13,0.344,12.156,35.91,MN,,Normal,N,N,0,0,0.037558,metadata_random_forest
32.0,2.667,29.937,35.91,FS,Normal,Normal,N,Y,0,0,0.014835,metadata_random_forest
25.54,2.128,10.614,12.569,F,Normal,Normal,N,N,0,0,0.00022,metadata_random_forest
19.74,1.645,34.518,35.91,FS,,Heavy,N,N,1,1,0.991265,metadata_random_forest
30.82,2.568,32.114,35.91,FS,Normal,Normal,N,N,0,0,0.030383,metadata_random_forest
32.95,2.746,47.174,35.91,FS,,Heavy,Y,N,1,1,0.995009,metadata_random_forest
4.02,0.335,12.701,35.91,F,,Thin,N,N,1,1,0.939011,metadata_random_forest
3.64,0.303,10.523,35.91,MN,,Thin,Y,Y,1,1,0.905059,metadata_random_forest
3.67,0.306,15.649,35.91,MN,,Heavy,Y,Y,1,1,0.900946,metadata_random_forest
28.99,2.416,50.576,35.91,FS,,Heavy,N,Y,1,1,0.996049,metadata_random_forest
32.86,2.738,61.462,35.91,MN,,Heavy,Y,N,1,1,0.997918,metadata_random_forest
26.39,2.199,55.883,35.91,M,,Heavy,Y,N,1,1,0.993232,metadata_random_forest
34.67,2.889,32.659,35.91,MN,,Heavy,N,N,1,1,0.980908,metadata_random_forest
35.23,2.936,45.359,35.91,FS,,Heavy,Y,N,1,1,0.995009,metadata_random_forest
16.46,1.372,40.823,35.91,FS,,Heavy,Y,N,1,1,0.995882,metadata_random_forest
4.54,0.378,17.781,35.91,M,,Normal,N,Y,0,0,0.015224,metadata_random_forest
16.36,1.363,34.156,35.91,MN,,Normal,Y,N,0,0,0.021564,metadata_random_forest
27.34,2.278,12.882,12.569,MN,Normal,Normal,Y,N,0,0,0.000171,metadata_random_forest
28.22,2.352,11.975,12.569,M,Normal,Normal,N,N,0,0,0.000343,metadata_random_forest
14.53,1.211,37.013,35.91,M,,Normal,N,N,0,0,0.033058,metadata_random_forest
5.86,0.488,16.783,35.91,FS,,Normal,N,Y,0,0,0.00589,metadata_random_forest
27.41,2.284,13.88,12.569,MN,Normal,Normal,N,N,0,0,0.00022,metadata_random_forest
24.49,2.041,27.669,35.91,MN,,Normal,N,N,0,0,0.04826,metadata_random_forest
24.02,2.002,12.202,12.569,M,Normal,Normal,N,N,0,0,0.000936,metadata_random_forest
15.54,1.295,20.049,35.91,FS,,Thin,N,N,1,1,0.939918,metadata_random_forest
25.6,2.133,11.612,12.569,F,Normal,Normal,N,N,0,0,0.00022,metadata_random_forest
29.6,2.467,34.654,35.91,M,,Thin,Y,N,1,1,0.952875,metadata_random_forest
25.26,2.105,34.836,35.91,M,Thin,Thin,Y,Y,1,1,1.0,metadata_random_forest
30.62,2.552,36.741,35.91,FS,,Heavy,Y,N,1,1,0.98848,metadata_random_forest
24.35,2.029,11.34,12.569,F,Normal,Normal,N,N,0,0,0.001508,metadata_random_forest
11.58,0.965,26.807,35.91,FS,,Heavy,N,N,1,1,0.972759,metadata_random_forest
13.66,1.138,46.72,35.91,MN,,Heavy,N,N,1,1,0.997303,metadata_random_forest
30.79,2.566,9.979,12.569,FS,Normal,Normal,Y,Y,0,0,0.000448,metadata_random_forest
11.82,0.985,46.357,35.91,M,,Normal,N,N,0,0,0.049439,metadata_random_forest
23.66,1.972,30.028,35.91,FS,,Normal,Y,N,0,0,0.036214,metadata_random_forest
25.37,2.114,41.277,35.91,MN,,Normal,N,N,0,0,0.036935,metadata_random_forest
28.09,2.341,15.876,12.569,MN,,Normal,N,N,0,0,0.00022,metadata_random_forest
32.92,2.743,26.399,35.91,M,,Normal,N,N,0,0,0.041823,metadata_random_forest
15.73,1.311,21.591,35.91,MN,,Thin,N,Y,1,1,0.938626,metadata_random_forest
26.62,2.218,14.061,12.569,MN,Normal,Normal,N,N,0,0,0.00022,metadata_random_forest
30.04,2.503,12.247,12.569,FS,Normal,Normal,N,N,0,0,0.00022,metadata_random_forest
26.72,2.227,46.629,35.91,M,,Heavy,Y,N,1,1,0.992215,metadata_random_forest
27.47,2.289,35.97,35.91,FS,Heavy,Heavy,Y,N,1,1,0.994774,metadata_random_forest
1.99,0.166,7.756,35.91,M,,Normal,Y,N,0,0,0.050451,metadata_random_forest
21.31,1.776,49.442,35.91,FS,,Heavy,Y,N,1,1,0.996799,metadata_random_forest
34.5,2.875,37.648,35.91,FS,Normal,Normal,Y,N,0,0,0.041436,metadata_random_forest
29.89,2.491,40.415,35.91,FS,,Heavy,N,N,1,1,0.995009,metadata_random_forest
20.7,1.725,34.201,35.91,FS,,Heavy,N,N,1,1,0.991265,metadata_random_forest
30.66,2.555,48.444,35.91,FS,,Heavy,Y,N,1,1,0.995009,metadata_random_forest
20.36,1.697,36.469,35.91,FS,,Heavy,Y,N,1,1,0.99351,metadata_random_forest
12.24,1.02,26.581,35.91,M,,Thin,N,N,1,1,0.938795,metadata_random_forest
2.58,0.215,15.105,35.91,MN,,Heavy,Y,Y,1,1,0.926043,metadata_random_forest
28.16,2.347,11.703,12.569,FS,Normal,Normal,N,Y,0,0,0.00022,metadata_random_forest
18.65,1.554,37.421,35.91,MN,,Normal,N,N,0,0,0.02963,metadata_random_forest
31.61,2.634,36.832,35.91,F,,Heavy,N,N,1,1,0.99346,metadata_random_forest
2.77,0.231,8.573,35.91,F,,Normal,Y,N,0,0,0.041957,metadata_random_forest
27.4,2.283,43.59,35.91,MN,,Heavy,Y,N,1,1,0.996901,metadata_random_forest
16.82,1.402,45.45,35.91,FS,,Heavy,Y,N,1,1,0.995882,metadata_random_forest
24.55,2.046,8.845,12.569,FS,Normal,Normal,N,N,0,0,0.001508,metadata_random_forest
24.02,2.002,31.888,35.91,M,,Thin,Y,Y,1,1,0.940797,metadata_random_forest
31.72,2.643,52.299,35.91,FS,,Heavy,Y,N,1,1,0.995009,metadata_random_forest
14.64,1.22,29.484,35.91,FS,,Normal,N,N,0,0,0.035515,metadata_random_forest
28.26,2.355,31.298,35.91,F,,Heavy,Y,N,1,1,0.989742,metadata_random_forest
16.96,1.413,32.114,35.91,FS,,Normal,N,N,0,0,0.033012,metadata_random_forest
21.26,1.772,40.869,35.91,MN,,Heavy,N,N,1,1,0.998219,metadata_random_forest
3.96,0.33,14.606,35.91,FS,,Normal,Y,Y,0,0,0.011919,metadata_random_forest
33.65,2.804,39.145,35.91,M,Thin,Thin,Y,Y,1,1,0.998051,metadata_random_forest
32.99,2.749,35.108,35.91,MN,,Heavy,Y,N,1,1,0.993611,metadata_random_forest
27.01,2.251,44.906,35.91,F,,Heavy,N,N,1,1,0.998219,metadata_random_forest
20.63,1.719,27.669,35.91,MN,,Heavy,Y,N,1,1,0.971063,metadata_random_forest
30.95,2.579,10.614,12.569,MN,Normal,Normal,Y,N,0,0,0.000171,metadata_random_forest
18.36,1.53,41.731,35.91,F,,Heavy,Y,N,1,1,0.997303,metadata_random_forest
3.05,0.254,8.89,35.91,F,,Thin,N,N,1,1,0.949373,metadata_random_forest
26.05,2.171,13.381,12.569,MN,Normal,Normal,Y,N,0,0,0.000171,metadata_random_forest
31.08,2.59,15.014,12.569,M,Normal,Normal,Y,N,0,0,0.000639,metadata_random_forest
3.53,0.294,12.247,35.91,MN,,Normal,Y,Y,0,0,0.017358,metadata_random_forest
15.84,1.32,44.452,35.91,FS,,Heavy,Y,N,1,1,0.995882,metadata_random_forest
5.83,0.486,28.395,35.91,MN,,Heavy,N,N,1,1,0.946247,metadata_random_forest
34.25,2.854,11.158,12.569,FS,Normal,Normal,N,N,0,0,0.000642,metadata_random_forest
3.85,0.321,21.047,35.91,MN,,Normal,Y,Y,0,0,0.009033,metadata_random_forest
26.84,2.237,51.71,35.91,M,Thin,Thin,Y,Y,1,1,0.999288,metadata_random_forest
32.2,2.683,32.568,35.91,FS,,Heavy,Y,N,1,1,0.983292,metadata_random_forest
25.96,2.163,38.918,35.91,FS,,Heavy,N,N,1,1,0.989119,metadata_random_forest
31.06,2.588,13.608,12.569,MN,Normal,Normal,Y,N,0,0,0.000171,metadata_random_forest
24.01,2.001,12.927,12.569,M,Normal,Normal,N,N,0,0,0.000936,metadata_random_forest
30.04,2.503,33.112,35.91,FS,Normal,Normal,Y,Y,0,0,0.026133,metadata_random_forest
24.02,2.002,33.294,35.91,FS,Normal,Normal,Y,Y,0,0,0.027416,metadata_random_forest
25.54,2.128,11.612,12.569,MN,Normal,Normal,Y,N,0,0,0.000171,metadata_random_forest
30.77,2.564,50.349,35.91,MN,Heavy,Heavy,Y,N,1,1,0.997999,metadata_random_forest
9.68,0.807,14.787,12.569,MN,,Normal,N,N,0,0,0.008053,metadata_random_forest
24.02,2.002,13.608,12.569,MN,Normal,Normal,Y,N,0,0,0.000434,metadata_random_forest
31.28,2.607,13.608,12.569,M,Normal,Normal,N,N,0,0,0.000343,metadata_random_forest
24.01,2.001,9.525,12.569,FS,Normal,Normal,Y,Y,0,0,0.000277,metadata_random_forest
2.39,0.199,8.255,35.91,M,,Normal,N,N,0,0,0.050486,metadata_random_forest
28.19,2.349,35.834,35.91,M,Thin,Thin,Y,N,1,1,0.997194,metadata_random_forest
33.49,2.791,11.793,12.569,F,Normal,Normal,N,N,0,0,0.000642,metadata_random_forest
4.45,0.371,24.449,35.91,MN,,Heavy,N,N,1,1,0.942484,metadata_random_forest
28.92,2.41,12.247,12.569,MN,Normal,Normal,N,N,0,0,0.00022,metadata_random_forest
19.43,1.619,43.545,35.91,MN,,Heavy,N,N,1,1,0.997303,metadata_random_forest
24.67,2.056,10.886,12.569,FS,Normal,Normal,Y,Y,0,0,0.00071,metadata_random_forest
28.64,2.387,36.333,35.91,FS,,Normal,Y,N,0,0,0.028659,metadata_random_forest
18.34,1.528,43.182,35.91,F,,Heavy,Y,N,1,1,0.997303,metadata_random_forest
30.64,2.553,40.279,35.91,MN,,Normal,Y,N,0,0,0.03564,metadata_random_forest
30.36,2.53,12.247,12.569,FS,Normal,Normal,Y,N,0,0,0.000171,metadata_random_forest
24.02,2.002,15.286,12.569,M,Normal,Normal,Y,N,0,0,0.000642,metadata_random_forest
34.48,2.873,49.895,35.91,MN,,Heavy,N,N,1,1,0.996901,metadata_random_forest
19.8,1.65,36.287,35.91,FS,,Heavy,Y,N,1,1,0.99351,metadata_random_forest
3.07,0.256,8.845,35.91,F,,Normal,Y,Y,0,0,0.020069,metadata_random_forest
26.28,2.19,39.463,35.91,M,,Normal,Y,N,0,0,0.057946,metadata_random_forest
34.97,2.914,36.378,35.91,FS,,Heavy,Y,N,1,1,0.98848,metadata_random_forest
23.26,1.938,48.58,35.91,MN,,Heavy,Y,N,1,1,0.998219,metadata_random_forest
8.7,0.725,33.475,35.91,F,,Normal,N,N,0,0,0.040142,metadata_random_forest
32.3,2.692,11.204,12.569,MN,Normal,Normal,N,N,0,0,0.000642,metadata_random_forest
3.28,0.273,12.882,35.91,M,,Thin,Y,N,1,1,0.928573,metadata_random_forest
24.2,2.017,11.521,12.569,M,Normal,Normal,Y,N,0,0,0.000434,metadata_random_forest
28.09,2.341,35.925,35.91,FS,Normal,Normal,N,N,0,0,0.027237,metadata_random_forest
23.56,1.963,17.237,35.91,F,,Thin,Y,N,1,1,0.952735,metadata_random_forest
34.37,2.864,51.936,35.91,MN,,Heavy,N,N,1,1,0.996901,metadata_random_forest
24.48,2.04,32.387,35.91,M,Thin,Thin,Y,N,1,1,0.997194,metadata_random_forest
27.5,2.292,21.455,35.91,F,Thin,Thin,N,N,1,1,0.990586,metadata_random_forest
27.05,2.254,52.118,35.91,MN,Heavy,Heavy,N,N,1,1,0.997999,metadata_random_forest
9.78,0.815,8.981,12.569,FS,,Normal,Y,Y,0,0,0.00513,metadata_random_forest
